Name of the Party / Independent Group,Party/Abbreviation,Votes Obtained,Percentage,Members,National List Members,Total Members
Jathika Jana Balawegaya,NPP,"6,863,186",61.56%,141,18,159
Samagi Jana Balawegaya,SJB,"1,968,716",17.66%,35,5,40
Ilankai Tamil Arasu Kadchi,ITAK,"257,813",2.31%,7,1,8
New Democratic Front,NDF,"500,835",4.49%,3,2,5
Sri Lanka Podujana Peramuna,SLPP,"350,429",3.14%,2,1,3
Sri Lanka Muslim Congress,SLMC,"87,038",0.78%,2,1,3
Sarvajana Balaya,SB,"178,006",1.6%,0,1,1
United National Party,UNP,"66,234",0.59%,1,0,1
Democratic Tamil National Alliance,DTNA,"65,382",0.59%,1,0,1
All Ceylon Tamil Congress,ACTC,"39,894",0.36%,1,0,1
All Ceylon Makkal Congress,ACMC,"33,911",0.3%,1,0,1
Jaffna - Independent Group 17,IND17-10,"27,855",0.25%,1,0,1
Sri Lanka Labour Party,SLLP,"17,710",0.16%,1,0,1
United Democratic Voice,UDV,"83,488",0.75%,0,0,N/A
Democratic Left Front,DLF,"50,836",0.46%,0,0,N/A
Democratic National Alliance,DNA,"45,419",0.41%,0,0,N/A
Thamil Makkal Viduthalai Pulikal,TMVP,"34,440",0.31%,0,0,N/A
People's Struggle Alliance,PSA,"29,611",0.27%,0,0,N/A
Eelam People's Democratic Party,EPDP,"28,985",0.26%,0,0,N/A
National Democratic Front,JPF,"25,444",0.23%,0,0,N/A
United National Alliance,UNA,"22,548",0.2%,0,0,N/A
Devana Parapura,DP,"16,950",0.15%,0,0,N/A
Mahanuwara - Independent Group 11,IND11-04,"13,378",0.12%,0,0,N/A
Thamizh Makkal Koottani,TMK,"13,295",0.12%,0,0,N/A
Jana Setha Peramuna,JSP,"12,743",0.11%,0,0,N/A
National Front for Good Governance,NFGG,"8,447",0.08%,0,0,N/A
United National Freedom Front,UNFF,"7,796",0.07%,0,0,N/A
Arunalu Peoples Alliance,APP,"7,666",0.07%,0,0,N/A
Jaffna - Independent Group 14,IND14-10,"7,496",0.07%,0,0,N/A
Vanni - Independent Group 7,IND07-11,"7,484",0.07%,0,0,N/A
New Independent Front,NIF,"7,182",0.06%,0,0,N/A
Nuwaraeliya - Independent Group 6,IND06-06,"6,895",0.06%,0,0,N/A
Badulla - Independent Group 3,IND03-19,"6,886",0.06%,0,0,N/A
National Peoples Party,NPPT,"6,307",0.06%,0,0,N/A
Ape Janabala Pakshaya,AJP,"6,043",0.05%,0,0,N/A
Gampaha - Independent Group 1,IND01-02,"5,205",0.05%,0,0,N/A
Tamil United Liberation Front,TULF,"5,061",0.05%,0,0,N/A
Polonnaruwa - Independent Group 2,IND02-18,"4,555",0.04%,0,0,N/A
Democratic United National Front,DUNF,"4,480",0.04%,0,0,N/A
Samabima Party,SBP,"4,449",0.04%,0,0,N/A
Ratnapura - Independent Group 2,IND02-21,"4,200",0.04%,0,0,N/A
Batticaloa - Independent Group 13,IND13-12,"4,145",0.04%,0,0,N/A
Hambantota - Independent Group 8,IND08-09,"4,024",0.04%,0,0,N/A
Patriotic People's Power,PPP,"3,985",0.04%,0,0,N/A
Vanni - Independent Group 23,IND23-11,"3,683",0.03%,0,0,N/A
Nuwaraeliya - Independent Group 1,IND01-06,"3,641",0.03%,0,0,N/A
Nuwaraeliya - Independent Group 11,IND11-06,"3,233",0.03%,0,0,N/A
Mahanuwara - Independent Group 8,IND08-04,"3,174",0.03%,0,0,N/A
Ratnapura - Independent Group 4,IND04-21,"3,102",0.03%,0,0,N/A
Jaffna - Independent Group 3,IND03-10,"3,045",0.03%,0,0,N/A
Monaragala - Independent Group 2,IND02-20,"3,043",0.03%,0,0,N/A
Kegalle - Independent Group 2,IND02-22,"3,031",0.03%,0,0,N/A
Kalutara - Independent Group 6,IND06-03,"2,897",0.03%,0,0,N/A
Eros Democratic Front,ERDF,"2,865",0.03%,0,0,N/A
Jaffna - Independent Group 2,IND02-10,"2,840",0.03%,0,0,N/A
Galle - Independent Group 4,IND04-07,"2,782",0.02%,0,0,N/A
Matara - Independent Group 2,IND02-08,"2,750",0.02%,0,0,N/A
Gampaha - Independent Group 6,IND06-02,"2,702",0.02%,0,0,N/A
Puttalam - Independent Group 6,IND06-16,"2,592",0.02%,0,0,N/A
Kalutara - Independent Group 10,IND10-03,"2,536",0.02%,0,0,N/A
Gampaha - Independent Group 2,IND02-02,"2,377",0.02%,0,0,N/A
Mahanuwara - Independent Group 1,IND01-04,"2,255",0.02%,0,0,N/A
Kurunegala - Independent Group 4,IND04-15,"2,206",0.02%,0,0,N/A
Democratic Unity Alliance,DUA,"2,198",0.02%,0,0,N/A
Ratnapura - Independent Group 7,IND07-21,"2,153",0.02%,0,0,N/A
Kurunegala - Independent Group 6,IND06-15,"2,148",0.02%,0,0,N/A
Matale - Independent Group 2,IND02-05,"2,099",0.02%,0,0,N/A
Jaffna - Independent Group 13,IND13-10,"2,089",0.02%,0,0,N/A
Socialist Party of Sri Lanka,SLSP,"2,087",0.02%,0,0,N/A
Jaffna - Independent Group 5,IND05-10,"2,050",0.02%,0,0,N/A
Hambantota - Independent Group 1,IND01-09,"2,038",0.02%,0,0,N/A
Jaffna - Independent Group 11,IND11-10,"1,926",0.02%,0,0,N/A
Jathika Sangwardhena Peramuna,JSWP,"1,920",0.02%,0,0,N/A
Kegalle - Independent Group 1,IND01-22,"1,871",0.02%,0,0,N/A
United Socialist Party,USP,"1,838",0.02%,0,0,N/A
Colombo - Independent Group 7,IND07-01,"1,799",0.02%,0,0,N/A
Jaffna - Independent Group 16,IND16-10,"1,793",0.02%,0,0,N/A
Colombo - Independent Group 15,IND15-01,"1,792",0.02%,0,0,N/A
Mahanuwara - Independent Group 4,IND04-04,"1,754",0.02%,0,0,N/A
Kalutara - Independent Group 7,IND07-03,"1,743",0.02%,0,0,N/A
Digamadulla - Independent Group 3,IND03-13,"1,701",0.02%,0,0,N/A
Matale - Independent Group 1,IND01-05,"1,657",0.01%,0,0,N/A
Batticaloa - Independent Group 18,IND18-12,"1,466",0.01%,0,0,N/A
Nuwaraeliya - Independent Group 10,IND10-06,"1,423",0.01%,0,0,N/A
Puttalam - Independent Group 1,IND01-16,"1,356",0.01%,0,0,N/A
Ratnapura - Independent Group 5,IND05-21,"1,350",0.01%,0,0,N/A
Mahanuwara - Independent Group 3,IND03-04,"1,313",0.01%,0,0,N/A
Jaffna - Independent Group 7,IND07-10,"1,280",0.01%,0,0,N/A
Batticaloa - Independent Group 5,IND05-12,"1,280",0.01%,0,0,N/A
Vanni - Independent Group 22,IND22-11,"1,264",0.01%,0,0,N/A
Jaffna - Independent Group 18,IND18-10,"1,262",0.01%,0,0,N/A
Badulla - Independent Group 1,IND01-19,"1,241",0.01%,0,0,N/A
Puttalam - Independent Group 5,IND05-16,"1,231",0.01%,0,0,N/A
Nuwaraeliya - Independent Group 2,IND02-06,"1,213",0.01%,0,0,N/A
Hambantota - Independent Group 2,IND02-09,"1,196",0.01%,0,0,N/A
Nuwaraeliya - Independent Group 7,IND07-06,"1,180",0.01%,0,0,N/A
Nuwaraeliya - Independent Group 3,IND03-06,"1,165",0.01%,0,0,N/A
Galle - Independent Group 1,IND01-07,"1,165",0.01%,0,0,N/A
Ratnapura - Independent Group 3,IND03-21,"1,164",0.01%,0,0,N/A
Nuwaraeliya - Independent Group 4,IND04-06,"1,133",0.01%,0,0,N/A
Batticaloa - Independent Group 10,IND10-12,"1,117",0.01%,0,0,N/A
Anuradhapura - Independent Group 4,IND04-17,"1,100",0.01%,0,0,N/A
Colombo - Independent Group 3,IND03-01,"1,096",0.01%,0,0,N/A
Gampaha - Independent Group 8,IND08-02,"1,060",0.01%,0,0,N/A
Digamadulla - Independent Group 20,IND20-13,"1,046",0.01%,0,0,N/A
Gampaha - Independent Group 17,IND17-02,"1,038",0.01%,0,0,N/A
Digamadulla - Independent Group 14,IND14-13,"1,026",0.01%,0,0,N/A
Vanni - Independent Group 19,IND19-11,"1,014",0.01%,0,0,N/A
Trincomalee - Independent Group 9,IND09-14,"1,012",0.01%,0,0,N/A
Kalutara - Independent Group 4,IND04-03,986,0.01%,0,0,N/A
Trincomalee - Independent Group 6,IND06-14,976,0.01%,0,0,N/A
Trincomalee - Independent Group 2,IND02-14,957,0.01%,0,0,N/A
Anuradhapura - Independent Group 7,IND07-17,926,0.01%,0,0,N/A
Jaffna - Independent Group 20,IND20-10,875,0.01%,0,0,N/A
Socialist Equality Party,SEP,864,0.01%,0,0,N/A
Kalutara - Independent Group 11,IND11-03,861,0.01%,0,0,N/A
Colombo - Independent Group 17,IND17-01,857,0.01%,0,0,N/A
Freedom Peoples Front,FPF,841,0.01%,0,0,N/A
Monaragala - Independent Group 1,IND01-20,835,0.01%,0,0,N/A
Vanni - Independent Group 24,IND24-11,823,0.01%,0,0,N/A
United Peace Alliance,UPA,822,0.01%,0,0,N/A
Vanni - Independent Group 3,IND03-11,811,0.01%,0,0,N/A
Batticaloa - Independent Group 2,IND02-12,807,0.01%,0,0,N/A
Vanni - Independent Group 12,IND12-11,802,0.01%,0,0,N/A
Colombo - Independent Group 9,IND09-01,777,0.01%,0,0,N/A
Lanka Janatha Party,LJP,759,0.01%,0,0,N/A
Matale - Independent Group 3,IND03-05,754,0.01%,0,0,N/A
Colombo - Independent Group 8,IND08-01,708,0.01%,0,0,N/A
Ratnapura - Independent Group 6,IND06-21,701,0.01%,0,0,N/A
Jaffna - Independent Group 6,IND06-10,686,0.01%,0,0,N/A
Jaffna - Independent Group 1,IND01-10,681,0.01%,0,0,N/A
Matara - Independent Group 5,IND05-08,673,0.01%,0,0,N/A
Vanni - Independent Group 20,IND20-11,661,0.01%,0,0,N/A
Eksath Lanka Podujana Pakshaya,ELPP,659,0.01%,0,0,N/A
Trincomalee - Independent Group 14,IND14-14,659,0.01%,0,0,N/A
Badulla - Independent Group 5,IND05-19,645,0.01%,0,0,N/A
Liberal Democratic Party,LDP,635,0.01%,0,0,N/A
Badulla - Independent Group 2,IND02-19,625,0.01%,0,0,N/A
Batticaloa - Independent Group 12,IND12-12,616,0.01%,0,0,N/A
Mahanuwara - Independent Group 2,IND02-04,612,0.01%,0,0,N/A
Colombo - Independent Group 16,IND16-01,607,0.01%,0,0,N/A
Matara - Independent Group 6,IND06-08,606,0.01%,0,0,N/A
Nawa Lanka Nidahas Pakshaya,NLNP,601,0.01%,0,0,N/A
Batticaloa - Independent Group 15,IND15-12,599,0.01%,0,0,N/A
Galle - Independent Group 2,IND02-07,592,0.01%,0,0,N/A
Trincomalee - Independent Group 12,IND12-14,592,0.01%,0,0,N/A
Monaragala - Independent Group 3,IND03-20,590,0.01%,0,0,N/A
Jaffna - Independent Group 19,IND19-10,589,0.01%,0,0,N/A
Nuwaraeliya - Independent Group 8,IND08-06,588,0.01%,0,0,N/A
Digamadulla - Independent Group 13,IND13-13,579,0.01%,0,0,N/A
Batticaloa - Independent Group 4,IND04-12,556,0%,0,0,N/A
Kegalle - Independent Group 4,IND04-22,553,0%,0,0,N/A
Colombo - Independent Group 19,IND19-01,552,0%,0,0,N/A
Digamadulla - Independent Group 31,IND31-13,527,0%,0,0,N/A
Galle - Independent Group 5,IND05-07,515,0%,0,0,N/A
Nuwaraeliya - Independent Group 9,IND09-06,509,0%,0,0,N/A
Batticaloa - Independent Group 24,IND24-12,509,0%,0,0,N/A
Colombo - Independent Group 12,IND12-01,508,0%,0,0,N/A
Anuradhapura - Independent Group 8,IND08-17,497,0%,0,0,N/A
Mahanuwara - Independent Group 10,IND10-04,496,0%,0,0,N/A
Colombo - Independent Group 14,IND14-01,492,0%,0,0,N/A
Nawa Sama Samaja Party,NSSP,491,0%,0,0,N/A
Gampaha - Independent Group 15,IND15-02,488,0%,0,0,N/A
Ratnapura - Independent Group 1,IND01-21,487,0%,0,0,N/A
Hambantota - Independent Group 3,IND03-09,483,0%,0,0,N/A
Kalutara - Independent Group 8,IND08-03,482,0%,0,0,N/A
Matara - Independent Group 7,IND07-08,477,0%,0,0,N/A
Digamadulla - Independent Group 16,IND16-13,472,0%,0,0,N/A
Trincomalee - Independent Group 13,IND13-14,472,0%,0,0,N/A
Vanni - Independent Group 4,IND04-11,470,0%,0,0,N/A
Digamadulla - Independent Group 2,IND02-13,468,0%,0,0,N/A
Digamadulla - Independent Group 30,IND30-13,468,0%,0,0,N/A
Vanni - Independent Group 9,IND09-11,464,0%,0,0,N/A
Vanni - Independent Group 14,IND14-11,463,0%,0,0,N/A
Kalutara - Independent Group 9,IND09-03,462,0%,0,0,N/A
Vanni - Independent Group 10,IND10-11,454,0%,0,0,N/A
Akhila Ilankai Tamil Mahasabha,AITM,450,0%,0,0,N/A
Gampaha - Independent Group 3,IND03-02,449,0%,0,0,N/A
Badulla - Independent Group 4,IND04-19,446,0%,0,0,N/A
Gampaha - Independent Group 9,IND09-02,445,0%,0,0,N/A
Kurunegala - Independent Group 1,IND01-15,443,0%,0,0,N/A
Mahanuwara - Independent Group 5,IND05-04,440,0%,0,0,N/A
Gampaha - Independent Group 4,IND04-02,438,0%,0,0,N/A
Kurunegala - Independent Group 2,IND02-15,436,0%,0,0,N/A
Kurunegala - Independent Group 5,IND05-15,436,0%,0,0,N/A
Jaffna - Independent Group 9,IND09-10,435,0%,0,0,N/A
Kurunegala - Independent Group 7,IND07-15,433,0%,0,0,N/A
Mahanuwara - Independent Group 7,IND07-04,432,0%,0,0,N/A
Batticaloa - Independent Group 11,IND11-12,430,0%,0,0,N/A
Kurunegala - Independent Group 8,IND08-15,428,0%,0,0,N/A
Mahanuwara - Independent Group 6,IND06-04,415,0%,0,0,N/A
Vanni - Independent Group 17,IND17-11,415,0%,0,0,N/A
Kalutara - Independent Group 2,IND02-03,412,0%,0,0,N/A
Jaffna - Independent Group 10,IND10-10,406,0%,0,0,N/A
Vanni - Independent Group 18,IND18-11,402,0%,0,0,N/A
Digamadulla - Independent Group 24,IND24-13,401,0%,0,0,N/A
Vanni - Independent Group 25,IND25-11,393,0%,0,0,N/A
Gampaha - Independent Group 12,IND12-02,390,0%,0,0,N/A
Batticaloa - Independent Group 14,IND14-12,379,0%,0,0,N/A
Colombo - Independent Group 1,IND01-01,378,0%,0,0,N/A
Gampaha - Independent Group 10,IND10-02,376,0%,0,0,N/A
Puttalam - Independent Group 7,IND07-16,370,0%,0,0,N/A
Mahanuwara - Independent Group 12,IND12-04,367,0%,0,0,N/A
Jaffna - Independent Group 4,IND04-10,365,0%,0,0,N/A
Puttalam - Independent Group 3,IND03-16,362,0%,0,0,N/A
Anuradhapura - Independent Group 2,IND02-17,357,0%,0,0,N/A
Vanni - Independent Group 2,IND02-11,354,0%,0,0,N/A
Jaffna - Independent Group 8,IND08-10,351,0%,0,0,N/A
Mahanuwara - Independent Group 9,IND09-04,349,0%,0,0,N/A
Jaffna - Independent Group 12,IND12-10,348,0%,0,0,N/A
Vanni - Independent Group 5,IND05-11,339,0%,0,0,N/A
Colombo - Independent Group 6,IND06-01,335,0%,0,0,N/A
Batticaloa - Independent Group 20,IND20-12,334,0%,0,0,N/A
Jaffna - Independent Group 21,IND21-10,333,0%,0,0,N/A
Trincomalee - Independent Group 11,IND11-14,332,0%,0,0,N/A
Hambantota - Independent Group 4,IND04-09,330,0%,0,0,N/A
Gampaha - Independent Group 7,IND07-02,324,0%,0,0,N/A
Hambantota - Independent Group 5,IND05-09,322,0%,0,0,N/A
Kalutara - Independent Group 3,IND03-03,319,0%,0,0,N/A
Kegalle - Independent Group 3,IND03-22,313,0%,0,0,N/A
Puttalam - Independent Group 14,IND14-16,308,0%,0,0,N/A
Kalutara - Independent Group 1,IND01-03,307,0%,0,0,N/A
Batticaloa - Independent Group 27,IND27-12,299,0%,0,0,N/A
Trincomalee - Independent Group 1,IND01-14,299,0%,0,0,N/A
Digamadulla - Independent Group 8,IND08-13,293,0%,0,0,N/A
Gampaha - Independent Group 5,IND05-02,291,0%,0,0,N/A
Digamadulla - Independent Group 15,IND15-13,289,0%,0,0,N/A
Digamadulla - Independent Group 39,IND39-13,287,0%,0,0,N/A
Nuwaraeliya - Independent Group 5,IND05-06,285,0%,0,0,N/A
Democratic Party,PP,283,0%,0,0,N/A
Hambantota - Independent Group 9,IND09-09,282,0%,0,0,N/A
Anuradhapura - Independent Group 6,IND06-17,280,0%,0,0,N/A
Matale - Independent Group 7,IND07-05,277,0%,0,0,N/A
Kalutara - Independent Group 5,IND05-03,276,0%,0,0,N/A
Batticaloa - Independent Group 9,IND09-12,275,0%,0,0,N/A
Sri Lanka Mahajana Pakshaya,SLMP,269,0%,0,0,N/A
Gampaha - Independent Group 11,IND11-02,269,0%,0,0,N/A
Gampaha - Independent Group 13,IND13-02,264,0%,0,0,N/A
Matale - Independent Group 6,IND06-05,263,0%,0,0,N/A
Vanni - Independent Group 1,IND01-11,260,0%,0,0,N/A
Digamadulla - Independent Group 17,IND17-13,258,0%,0,0,N/A
Colombo - Independent Group 4,IND04-01,253,0%,0,0,N/A
Colombo - Independent Group 11,IND11-01,251,0%,0,0,N/A
Colombo - Independent Group 13,IND13-01,248,0%,0,0,N/A
Gampaha - Independent Group 14,IND14-02,243,0%,0,0,N/A
Kurunegala - Independent Group 9,IND09-15,238,0%,0,0,N/A
Trincomalee - Independent Group 3,IND03-14,237,0%,0,0,N/A
Batticaloa - Independent Group 3,IND03-12,229,0%,0,0,N/A
Batticaloa - Independent Group 23,IND23-12,221,0%,0,0,N/A
Colombo - Independent Group 5,IND05-01,218,0%,0,0,N/A
Vanni - Independent Group 6,IND06-11,216,0%,0,0,N/A
Batticaloa - Independent Group 17,IND17-12,214,0%,0,0,N/A
Puttalam - Independent Group 2,IND02-16,214,0%,0,0,N/A
Colombo - Independent Group 2,IND02-01,208,0%,0,0,N/A
Hambantota - Independent Group 6,IND06-09,207,0%,0,0,N/A
Anuradhapura - Independent Group 3,IND03-17,207,0%,0,0,N/A
Batticaloa - Independent Group 8,IND08-12,205,0%,0,0,N/A
Vanni - Independent Group 13,IND13-11,204,0%,0,0,N/A
Matale - Independent Group 5,IND05-05,202,0%,0,0,N/A
Anuradhapura - Independent Group 1,IND01-17,201,0%,0,0,N/A
Colombo - Independent Group 18,IND18-01,197,0%,0,0,N/A
Vanni - Independent Group 8,IND08-11,190,0%,0,0,N/A
Jaffna - Independent Group 15,IND15-10,188,0%,0,0,N/A
Batticaloa - Independent Group 21,IND21-12,186,0%,0,0,N/A
Puttalam - Independent Group 11,IND11-16,180,0%,0,0,N/A
Trincomalee - Independent Group 7,IND07-14,179,0%,0,0,N/A
Hambantota - Independent Group 7,IND07-09,178,0%,0,0,N/A
Galle - Independent Group 3,IND03-07,176,0%,0,0,N/A
Digamadulla - Independent Group 35,IND35-13,172,0%,0,0,N/A
Matara - Independent Group 4,IND04-08,170,0%,0,0,N/A
Polonnaruwa - Independent Group 1,IND01-18,170,0%,0,0,N/A
Vanni - Independent Group 11,IND11-11,166,0%,0,0,N/A
Digamadulla - Independent Group 43,IND43-13,166,0%,0,0,N/A
Matara - Independent Group 1,IND01-08,163,0%,0,0,N/A
Trincomalee - Independent Group 4,IND04-14,163,0%,0,0,N/A
Matara - Independent Group 3,IND03-08,162,0%,0,0,N/A
Digamadulla - Independent Group 23,IND23-13,162,0%,0,0,N/A
Digamadulla - Independent Group 4,IND04-13,160,0%,0,0,N/A
Matale - Independent Group 4,IND04-05,159,0%,0,0,N/A
Gampaha - Independent Group 16,IND16-02,158,0%,0,0,N/A
Anuradhapura - Independent Group 9,IND09-17,157,0%,0,0,N/A
Digamadulla - Independent Group 11,IND11-13,149,0%,0,0,N/A
Batticaloa - Independent Group 19,IND19-12,148,0%,0,0,N/A
Puttalam - Independent Group 15,IND15-16,147,0%,0,0,N/A
Kurunegala - Independent Group 3,IND03-15,143,0%,0,0,N/A
Puttalam - Independent Group 10,IND10-16,138,0%,0,0,N/A
Batticaloa - Independent Group 6,IND06-12,137,0%,0,0,N/A
Anuradhapura - Independent Group 5,IND05-17,134,0%,0,0,N/A
Colombo - Independent Group 10,IND10-01,132,0%,0,0,N/A
Digamadulla - Independent Group 12,IND12-13,129,0%,0,0,N/A
Digamadulla - Independent Group 18,IND18-13,127,0%,0,0,N/A
Vanni - Independent Group 15,IND15-11,123,0%,0,0,N/A
Trincomalee - Independent Group 10,IND10-14,123,0%,0,0,N/A
Puttalam - Independent Group 9,IND09-16,121,0%,0,0,N/A
Digamadulla - Independent Group 19,IND19-13,111,0%,0,0,N/A
Puttalam - Independent Group 13,IND13-16,111,0%,0,0,N/A
Trincomalee - Independent Group 5,IND05-14,109,0%,0,0,N/A
Digamadulla - Independent Group 21,IND21-13,107,0%,0,0,N/A
Batticaloa - Independent Group 22,IND22-12,103,0%,0,0,N/A
Digamadulla - Independent Group 1,IND01-13,101,0%,0,0,N/A
Digamadulla - Independent Group 22,IND22-13,99,0%,0,0,N/A
Digamadulla - Independent Group 27,IND27-13,99,0%,0,0,N/A
Digamadulla - Independent Group 41,IND41-13,95,0%,0,0,N/A
Digamadulla - Independent Group 26,IND26-13,92,0%,0,0,N/A
Batticaloa - Independent Group 16,IND16-12,91,0%,0,0,N/A
Batticaloa - Independent Group 7,IND07-12,89,0%,0,0,N/A
Digamadulla - Independent Group 10,IND10-13,89,0%,0,0,N/A
Digamadulla - Independent Group 6,IND06-13,85,0%,0,0,N/A
Puttalam - Independent Group 8,IND08-16,85,0%,0,0,N/A
Puttalam - Independent Group 4,IND04-16,84,0%,0,0,N/A
Digamadulla - Independent Group 29,IND29-13,81,0%,0,0,N/A
Digamadulla - Independent Group 25,IND25-13,80,0%,0,0,N/A
Digamadulla - Independent Group 38,IND38-13,78,0%,0,0,N/A
Puttalam - Independent Group 12,IND12-16,77,0%,0,0,N/A
Digamadulla - Independent Group 9,IND09-13,76,0%,0,0,N/A
Vanni - Independent Group 21,IND21-11,71,0%,0,0,N/A
Batticaloa - Independent Group 1,IND01-12,70,0%,0,0,N/A
Vanni - Independent Group 16,IND16-11,67,0%,0,0,N/A
Batticaloa - Independent Group 25,IND25-12,65,0%,0,0,N/A
Digamadulla - Independent Group 28,IND28-13,64,0%,0,0,N/A
Digamadulla - Independent Group 36,IND36-13,63,0%,0,0,N/A
Digamadulla - Independent Group 34,IND34-13,62,0%,0,0,N/A
Digamadulla - Independent Group 42,IND42-13,62,0%,0,0,N/A
Batticaloa - Independent Group 26,IND26-12,56,0%,0,0,N/A
Digamadulla - Independent Group 5,IND05-13,54,0%,0,0,N/A
Digamadulla - Independent Group 7,IND07-13,50,0%,0,0,N/A
Trincomalee - Independent Group 8,IND08-14,50,0%,0,0,N/A
Digamadulla - Independent Group 32,IND32-13,43,0%,0,0,N/A
Digamadulla - Independent Group 37,IND37-13,32,0%,0,0,N/A
Digamadulla - Independent Group 40,IND40-13,32,0%,0,0,N/A
Digamadulla - Independent Group 33,IND33-13,23,0%,0,0,N/A
