Party,Votes,Percentage
Ape Janabala Pakshaya,59,0.14%
Arunalu Peoples Alliance,35,0.09%
Eelam People's Democratic Party,70,0.17%
United National Freedom Front,132,0.32%
United National Alliance,55,0.13%
United Democratic Voice,273,0.67%
Eksath Lanka Podujana Pakshaya,6,0.01%
United Socialist Party,25,0.06%
People's Struggle Alliance,157,0.38%
Jana Setha Peramuna,24,0.06%
Jathika Jana Balawegaya,"26,072",63.87%
National Peoples Party,174,0.43%
National Democratic Front,20,0.05%
Devana Parapura,77,0.19%
Patriotic People's Power,11,0.03%
New Democratic Front,"2,090",5.12%
Nawa Sama Samaja Party,8,0.02%
Freedom Peoples Front,23,0.06%
Democratic United National Front,23,0.06%
Democratic National Alliance,63,0.15%
Democratic Left Front,211,0.52%
Lanka Janatha Party,17,0.04%
Sri Lanka Podujana Peramuna,950,2.33%
Samagi Jana Balawegaya,"9,034",22.13%
Samabima Party,23,0.06%
Socialist Equality Party,13,0.03%
Sarvajana Balaya,733,1.8%
Independent Group 1,8,0.02%
Independent Group 2,12,0.03%
Independent Group 3,44,0.11%
Independent Group 4,10,0.02%
Independent Group 5,10,0.02%
Independent Group 6,7,0.02%
Independent Group 7,65,0.16%
Independent Group 8,36,0.09%
Independent Group 9,31,0.08%
Independent Group 10,7,0.02%
Independent Group 11,14,0.03%
Independent Group 12,32,0.08%
Independent Group 13,3,0.01%
Independent Group 14,26,0.06%
Independent Group 15,62,0.15%
Independent Group 16,31,0.08%
Independent Group 17,16,0.04%
Independent Group 18,6,0.01%
Independent Group 19,21,0.05%
