Party,Votes,Percentage
Ape Janabala Pakshaya,32,0.13%
Arunalu Peoples Alliance,8,0.03%
Eelam People's Democratic Party,76,0.32%
United National Freedom Front,38,0.16%
United National Alliance,43,0.18%
United Democratic Voice,239,1.01%
Eksath Lanka Podujana Pakshaya,2,0.01%
United Socialist Party,6,0.03%
People's Struggle Alliance,226,0.95%
Jana Setha Peramuna,11,0.05%
Jathika Jana Balawegaya,"13,456",56.74%
National Peoples Party,131,0.55%
National Democratic Front,13,0.05%
Devana Parapura,24,0.1%
Patriotic People's Power,8,0.03%
New Democratic Front,977,4.12%
Nawa Sama Samaja Party,13,0.05%
Freedom Peoples Front,7,0.03%
Democratic United National Front,3,0.01%
Democratic National Alliance,33,0.14%
Democratic Left Front,74,0.31%
Lanka Janatha Party,11,0.05%
Sri Lanka Podujana Peramuna,556,2.34%
Samagi Jana Balawegaya,"7,212",30.41%
Samabima Party,13,0.05%
Socialist Equality Party,7,0.03%
Sarvajana Balaya,268,1.13%
Independent Group 1,0,0%
Independent Group 2,3,0.01%
Independent Group 3,21,0.09%
Independent Group 4,7,0.03%
Independent Group 5,5,0.02%
Independent Group 6,5,0.02%
Independent Group 7,14,0.06%
Independent Group 8,12,0.05%
Independent Group 9,48,0.2%
Independent Group 10,4,0.02%
Independent Group 11,5,0.02%
Independent Group 12,15,0.06%
Independent Group 13,8,0.03%
Independent Group 14,12,0.05%
Independent Group 15,19,0.08%
Independent Group 16,23,0.1%
Independent Group 17,9,0.04%
Independent Group 18,9,0.04%
Independent Group 19,10,0.04%
