Party,Votes,Percentage
Ape Janabala Pakshaya,85,0.11%
Arunalu Peoples Alliance,50,0.07%
Eelam People's Democratic Party,120,0.16%
United National Freedom Front,225,0.3%
United National Alliance,132,0.17%
United Democratic Voice,490,0.64%
Eksath Lanka Podujana Pakshaya,3,0%
United Socialist Party,39,0.05%
People's Struggle Alliance,180,0.24%
Jana Setha Peramuna,57,0.07%
Jathika Jana Balawegaya,"39,160",51.47%
National Peoples Party,96,0.13%
National Democratic Front,67,0.09%
Devana Parapura,77,0.1%
Patriotic People's Power,65,0.09%
New Democratic Front,"3,612",4.75%
Nawa Sama Samaja Party,34,0.04%
Freedom Peoples Front,37,0.05%
Democratic United National Front,22,0.03%
Democratic National Alliance,230,0.3%
Democratic Left Front,626,0.82%
Lanka Janatha Party,74,0.1%
Sri Lanka Podujana Peramuna,923,1.21%
Samagi Jana Balawegaya,"27,347",35.94%
Samabima Party,52,0.07%
Socialist Equality Party,24,0.03%
Sarvajana Balaya,464,0.61%
Independent Group 1,30,0.04%
Independent Group 2,11,0.01%
Independent Group 3,160,0.21%
Independent Group 4,24,0.03%
Independent Group 5,19,0.02%
Independent Group 6,27,0.04%
Independent Group 7,158,0.21%
Independent Group 8,62,0.08%
Independent Group 9,207,0.27%
Independent Group 10,18,0.02%
Independent Group 11,25,0.03%
Independent Group 12,91,0.12%
Independent Group 13,31,0.04%
Independent Group 14,66,0.09%
Independent Group 15,390,0.51%
Independent Group 16,107,0.14%
Independent Group 17,311,0.41%
Independent Group 18,22,0.03%
Independent Group 19,35,0.05%
