Party,Votes,Percentage
Ape Janabala Pakshaya,79,0.13%
Arunalu Peoples Alliance,48,0.08%
Eelam People's Democratic Party,243,0.41%
United National Freedom Front,171,0.29%
United National Alliance,116,0.2%
United Democratic Voice,738,1.25%
Eksath Lanka Podujana Pakshaya,15,0.03%
United Socialist Party,33,0.06%
People's Struggle Alliance,118,0.2%
Jana Setha Peramuna,57,0.1%
Jathika Jana Balawegaya,"33,285",56.55%
National Peoples Party,81,0.14%
National Democratic Front,62,0.11%
Devana Parapura,39,0.07%
Patriotic People's Power,45,0.08%
New Democratic Front,"1,606",2.73%
Nawa Sama Samaja Party,34,0.06%
Freedom Peoples Front,45,0.08%
Democratic United National Front,20,0.03%
Democratic National Alliance,211,0.36%
Democratic Left Front,690,1.17%
Lanka Janatha Party,35,0.06%
Sri Lanka Podujana Peramuna,707,1.2%
Samagi Jana Balawegaya,"18,883",32.08%
Samabima Party,58,0.1%
Socialist Equality Party,28,0.05%
Sarvajana Balaya,387,0.66%
Independent Group 1,22,0.04%
Independent Group 2,12,0.02%
Independent Group 3,100,0.17%
Independent Group 4,15,0.03%
Independent Group 5,23,0.04%
Independent Group 6,20,0.03%
Independent Group 7,160,0.27%
Independent Group 8,30,0.05%
Independent Group 9,84,0.14%
Independent Group 10,6,0.01%
Independent Group 11,14,0.02%
Independent Group 12,48,0.08%
Independent Group 13,23,0.04%
Independent Group 14,69,0.12%
Independent Group 15,227,0.39%
Independent Group 16,34,0.06%
Independent Group 17,72,0.12%
Independent Group 18,19,0.03%
Independent Group 19,50,0.08%
