"css-11t9sme-5e6d46e3--DivWrapper href","css-1gbz2iw-5e6d46e3--Box src","css-140jus8-5e6d46e3--StrongLikes","css-1sytd2g-5e6d46e3--DivVideoDescription","css-1fwtihd-5e6d46e3--StyledAuthorInfo href","css-g3le1f-5e6d46e3--ImgAvatar src","css-1se9i9k-5e6d46e3--PInfo-5e6d46e3--StyledH3UniqueId","css-19luoiv-5e6d46e3--SpanLikes"
"https://www.tiktok.com/@hellomrviewers/video/7417336507498908935","https://p16-sign-sg.tiktokcdn.com/tos-alisg-p-0037/owlhhggkNMAIWi9wy1XhDjNIeIYAVCe3AZ8OfQ~tplv-photomode-zoomcover:720:720.jpeg?dr=14555&x-expires=1759932000&x-signature=s4rhHRRjemxpHfTU%2FPy3NGNylPo%3D&t=4d5b0474&ps=13740610&shp=81f88b70&shcp=0d52deaf&idc=sg1&ftpl=1","29","2024 Vote Results For Balangoda DISTRICT...  #vote #srilanka #election #election2024 #vites #fyp #viral #fypシ゚viral #pageforyou #foryou #fypシ #fyppppppppppppppppppppppp #srilankatiktok #fouryoupage #trendingvideo #trend #election2024","https://www.tiktok.com/@hellomrviewers","https://p16-sign-sg.tiktokcdn.com/tos-alisg-avt-0068/c45261319b168291ae15b29bc458281e~tplv-tiktokx-cropcenter:100:100.jpeg?dr=14579&refresh_token=f8b3f2b2&x-expires=1759932000&x-signature=ANuttn4VfTrAV9mz7%2FNrrvFOzbQ%3D&t=4d5b0474&ps=13740610&shp=a5d48078&shcp=81f88b70&idc=my2","hellomrviewers","1335"
"https://www.tiktok.com/@bbnaija5/video/7004663636316769541","https://p16-sign-va.tiktokcdn.com/tos-maliva-p-0068/3cc3c078db6f458daf9282525f51a630~tplv-photomode-zoomcover:720:720.jpeg?dr=14555&x-expires=1759932000&x-signature=s3T4jGEeMHa197ux69rDWNGTfes%3D&t=4d5b0474&ps=13740610&shp=81f88b70&shcp=0d52deaf&idc=sg1&ftpl=1","1308","This voting results is shocking oooo. #bbnaija #bbn #bbnaijashineyaeye #bbnaijaeviction #bbnaijaseason6 Big Brother Naija Season 9 Voting Poll Results and Eviction Updates. Discover the latest voting poll results and eviction updates from Big Brother Naija Season 9. Get insights into how viewers voted, eviction details, and more. #bbnaija #bbn #bbnaijashineyaeye #bbnaijaeviction. Big Brother Naija Season 9, Voting Poll Results, Eviction Updates, Big Brother Naija Vote, BBN eviction votes, BBN eviction results, BBN voting poll, BBN eviction vote percentage, BBN eviction nominees","https://www.tiktok.com/@bbnaija5","https://p16-sign-va.tiktokcdn.com/tos-maliva-avt-0068/7326507106213822470~tplv-tiktokx-cropcenter:100:100.jpeg?dr=14579&refresh_token=2159a1a3&x-expires=1759932000&x-signature=c4qdLLsJRJ6Vkmi23A6kJbIwW9w%3D&t=4d5b0474&ps=13740610&shp=a5d48078&shcp=81f88b70&idc=my2","bbnaija5","377.1K"
"https://www.tiktok.com/@adaderanasinhala/video/7417188778697051400","https://p16-sign-sg.tiktokcdn.com/tos-alisg-p-0037/ocJetNmZQvMkAXGOeHoQvADSrTQ3CcMREge8rO~tplv-photomode-zoomcover:720:720.jpeg?dr=14555&x-expires=1759932000&x-signature=9vRE83X92AIwzufliUek%2BFp7Vss%3D&t=4d5b0474&ps=13740610&shp=81f88b70&shcp=0d52deaf&idc=sg1&ftpl=1","526","Trincomalee Postel Results  #Election2024 | #SriLanakaElection | #Politics | #AdaDerana Trincomalee Postel Election Results 2024 | Sri Lanka Politics. Stay updated with the latest Derana election results and news from Trincomalee in Sri Lanka. Follow the #Election2024 and #SriLankaElection updates on Ada Derana.. Trincomalee Postel, Election Results 2024, Sri Lanka Politics, Derana election results, Trincomalee news, Ada Derana election, Election 2024, Ada Derana news, Sri Lanka Election","https://www.tiktok.com/@adaderanasinhala","https://p16-sign-sg.tiktokcdn.com/tos-alisg-avt-0068/205e1aa60a6989a472409c4caf39341a~tplv-tiktokx-cropcenter:100:100.jpeg?dr=14579&refresh_token=967450cd&x-expires=1759932000&x-signature=mBfPuspBXHIRpFX5YzsssknhzAg%3D&t=4d5b0474&ps=13740610&shp=a5d48078&shcp=81f88b70&idc=my2","adaderanasinhala","13.6K"
"https://www.tiktok.com/@adaderanasinhala/video/7417193677132451079","https://p16-sign-sg.tiktokcdn.com/tos-alisg-p-0037/oAqAd3EAX5nB9Q33B5GKmTfUBtAivKizwE6IoH~tplv-photomode-zoomcover:720:720.jpeg?dr=14555&x-expires=1759932000&x-signature=lD1nQ0MnzZ3JF3mM5G1RKpRyoSQ%3D&t=4d5b0474&ps=13740610&shp=81f88b70&shcp=0d52deaf&idc=sg1&ftpl=1","517","Vanni Postal Results  #Election2024 | #SriLanakaElection | #Politics | #AdaDerana Vanni Postal Election Results 2024 | SriLanaka Politics | AdaDerana. Stay updated with the latest Vanni Postal election results for 2024 and political news in Sri Lanka. Follow AdaDerana for in-depth coverage. #Election2024 #SriLanakaElection #Politics #AdaDerana. Vanni Postal election results, SriLanka politics, AdaDerana, election news, SriLankaElection2024, political coverage, AdaDerana election results, Vanni Postal news, SriLanka politics update","https://www.tiktok.com/@adaderanasinhala","https://p16-sign-sg.tiktokcdn.com/tos-alisg-avt-0068/205e1aa60a6989a472409c4caf39341a~tplv-tiktokx-cropcenter:100:100.jpeg?dr=14579&refresh_token=967450cd&x-expires=1759932000&x-signature=mBfPuspBXHIRpFX5YzsssknhzAg%3D&t=4d5b0474&ps=13740610&shp=a5d48078&shcp=81f88b70&idc=my2","adaderanasinhala","16.1K"
"https://www.tiktok.com/@sandunlasantha3/video/7437302774712290578","https://p16-sign-sg.tiktokcdn.com/tos-alisg-p-0037/ooLb3AVObAFfDc3AIFFTAjmEgt2eIVsAIafAEG~tplv-photomode-zoomcover:720:720.jpeg?dr=14555&x-expires=1759932000&x-signature=ZMgpXQvA75momcrKnKY4viwNz7M%3D&t=4d5b0474&ps=13740610&shp=81f88b70&shcp=0d52deaf&idc=sg1&ftpl=1","80","""Democracy in action! 🗳️ Check out the latest results as the nation decides its future. #SriLankaDecides #Election2024 #VoteWisely #Democracy #ElectionResults #SriLankanParliament""","https://www.tiktok.com/@sandunlasantha3","https://p16-sign-sg.tiktokcdn.com/tos-alisg-avt-0068/2f74ad369752e3abef411c38e2f97022~tplv-tiktokx-cropcenter:100:100.jpeg?dr=14579&refresh_token=f01ec829&x-expires=1759932000&x-signature=lb7Y%2FoUpXGN1J2XgNFHU3anCfQw%3D&t=4d5b0474&ps=13740610&shp=a5d48078&shcp=81f88b70&idc=my2","sandunlasantha3","2312"
"https://www.tiktok.com/@veriteresearch/video/7437198295329557776","https://p16-sign-sg.tiktokcdn.com/tos-alisg-p-0037/oYBb8rU87AliUp2YbYPPOEAAzIZDGsi5sAIgY~tplv-photomode-zoomcover:720:720.jpeg?dr=14555&x-expires=1759932000&x-signature=xgK1AdVw1xNFrX0fnQ5I9kYWQeM%3D&t=4d5b0474&ps=13740610&shp=81f88b70&shcp=0d52deaf&idc=sg1&ftpl=1","24","🟣‼️The National People’s Power (NPP) wins Hambantota and Monaragala District Postal Votes‼️ 📣District Postal Vote Results 🗳️#GeneralElection2024 For our interactive dashboard featuring all results, visit https://manthri.lk/BattleforBallotsGE2024 For WhatsApp updates, follow: https://whatsapp.com/channel/0029VajZzpiLo4hguN8dQv3Q #SLGE2024 #SLElection2024 #SriLanka NPP Wins Postal Votes in Hambantota and Monaragala. Discover the NPP's victory in Hambantota and Monaragala District Postal Votes and stay updated on the General Election 2024! #SLGE2024 #SLElection2024. NPP postal vote results Hambantota, Monaragala District postal election, Sri Lanka General Election updates, 2024 election results analysis, National People’s Power victories, interactive election dashboard, election results Sri Lanka, NPP election news, Hambantota Monaragala election outcomes","https://www.tiktok.com/@veriteresearch","https://p19-common-sign-useastred.tiktokcdn-eu.com/tos-useast2a-avt-0068-giso/a309192c96a31bf0a91e346cbfd3ebbb~tplv-tiktokx-cropcenter:100:100.jpeg?dr=14579&refresh_token=eced36fd&x-expires=1759932000&x-signature=LUoMgVhYkeaz9JbUxVtblDJBNL0%3D&t=4d5b0474&ps=13740610&shp=a5d48078&shcp=81f88b70&idc=my2","veriteresearch","1473"
"https://www.tiktok.com/@arsath007/video/7417478973392751880","https://p16-sign-sg.tiktokcdn.com/tos-alisg-p-0037/okEgJbA4eAIf7sP6AGjNe6C0WIDoLIKAsFwQI0~tplv-photomode-zoomcover:720:720.jpeg?dr=14555&x-expires=1759932000&x-signature=9hzsYjbsInmnQus3LEV88wIU3Bo%3D&t=4d5b0474&ps=13740610&shp=81f88b70&shcp=0d52deaf&idc=sg1&ftpl=1","78","Sri Lankan  President election 2024 final result congratulation #A#AKD Sri Lankan Presidential Election 2024 Results Announced. Discover the final results of the Sri Lankan presidential election 2024 and celebrate the victory. #A #AKD. Sri Lanka election results 2024, presidential election Sri Lanka, congratulations Sri Lankan president, election results analysis, AKD presidential victory, Sri Lanka political updates, 2024 political landscape, Sri Lanka news and updates, vote counting Sri Lanka, election night highlights","https://www.tiktok.com/@arsath007","https://p16-sign-sg.tiktokcdn.com/tos-alisg-avt-0068/c918d580a393de5bf1f6cbeabd3ae549~tplv-tiktokx-cropcenter:100:100.jpeg?dr=14579&refresh_token=c268c91e&x-expires=1759932000&x-signature=YE1EgW%2BtsZGahOXm5I8rqHT6hSk%3D&t=4d5b0474&ps=13740610&shp=a5d48078&shcp=81f88b70&idc=my2","arsath007","4132"
"https://www.tiktok.com/@joymusichd/video/7417420457202158881","https://p19-common-sign-useastred.tiktokcdn-eu.com/tos-useast2a-p-0037-euttp/ow6SNBeG8QveW3bJj8AQOvAffISA8IEALAAvgA~tplv-photomode-zoomcover:720:720.jpeg?dr=14555&x-expires=1759932000&x-signature=cSBP1xeNBDG57t1D6Y4sGOGtn48%3D&t=4d5b0474&ps=13740610&shp=81f88b70&shcp=0d52deaf&idc=sg1&ftpl=1","4439","Sri Lanka Election Result | சஜித் வெற்றி பெறலாம் - Kolagala Srinivasan | Anura | Ranil | Sajith I இலங்கை அதிபர் தேர்தலில் அனுரகுமாரதான் வெற்றி பெறுவார்- என்பிபி கட்சி எம்பி விஜிதா - தற்போது சஜித்தை விட 6 லட்சம் வாக்குகள் முன்னிலையில் உள்ளார் அனுர குமர | Sri Lanka Election Results | Anura | Ranil | Sajith | SriLanka Election Results 2024 I Srilanka Results I SriLanka President Election Results I SriLanka Election 2024 I Anura Kumara Dissanayak  I AKD I சஜித் பிரேமதாச I Srilanka news I sajith premadasa I srilanka tamil news I joymusichd #joymusichd","https://www.tiktok.com/@joymusichd","https://p77-sign-va.tiktokcdn.com/tos-maliva-avt-0068/4ca1e354eb73363ea3bac3945528285f~tplv-tiktokx-cropcenter:100:100.jpeg?dr=14579&refresh_token=589da8ce&x-expires=1759932000&x-signature=yxsIGXJdo1avHrDcnqOlwwW8I2k%3D&t=4d5b0474&ps=13740610&shp=a5d48078&shcp=81f88b70&idc=my2","joymusichd","219.1K"
"https://www.tiktok.com/@tiktokfamily241/video/7546848353896647958","https://p16-pu-sign-no.tiktokcdn-eu.com/tos-no1a-p-0037-no/ooDPAEoAqIyuGFHESkbfCmEomoAeCRgr7oE8AF~tplv-photomode-zoomcover:720:720.jpeg?dr=14555&x-expires=1759932000&x-signature=LDzFxmWjHOyk88g%2BLbEpEL8TCLY%3D&t=4d5b0474&ps=13740610&shp=81f88b70&shcp=0d52deaf&idc=sg1&ftpl=1","509","This week poll results..  #tamashacontestants #TamashaSeason4 #RealityShow #TamashaUncut #tamashaelimination  Tamasha Season 4 Poll Results and Eliminations. Discover this week’s Tamasha Season 4 poll results and contestant eliminations! Get the latest updates on your favorite reality show. #tamashacontestants #TamashaSeason4 #RealityShow #TamashaUncut #tamashaelimination. Tamasha Season 4 poll results, Tamasha Season 4 updates, reality show eliminations, Tamasha Uncut highlights, Tamasha contestants results, reality show news, Tamasha elimination updates, popular reality shows, Tamasha latest news, Tamasha fan discussions","https://www.tiktok.com/@tiktokfamily241","https://p16-sign-va.tiktokcdn.com/tos-maliva-avt-0068/7b0f70b21c84b4af9932dad501a11bde~tplv-tiktokx-cropcenter:100:100.jpeg?dr=14579&refresh_token=bce60ab7&x-expires=1759932000&x-signature=%2BHnWdgdnMHzzyVji66plt8uHEqg%3D&t=4d5b0474&ps=13740610&shp=a5d48078&shcp=81f88b70&idc=my2","tiktokfamily241","70.5K"
"https://www.tiktok.com/@itz_senura/video/7525595327177477394","https://p16-sign-sg.tiktokcdn.com/tos-alisg-p-0037/oYfWwmkAAAAi9vwazrBhq0IROEgQDSIVCi4CRR~tplv-photomode-zoomcover:720:720.jpeg?dr=14555&x-expires=1759932000&x-signature=B9hvHcu20gJsoLwhLMgoeNuUsgo%3D&t=4d5b0474&ps=13740610&shp=81f88b70&shcp=0d52deaf&idc=sg1&ftpl=1","2756","මේ results එක ගන්න වචනෙකි හරි උදව් කරපු හැමකෙනෙක්ටම ගොඩක් ස්තූතියි😇🫶🏼❤️#OL #Study #results #StudyWithMeSinhala #studyvlog #education #future #studywithme #business #CapCut  අධ්‍යයනයේ ප්‍රතිඵලය සහිතව අනාගතය ඉදිරියට. ආදර්ශ පාසල් ප්‍රතිඵලය සහ අධ්‍යයනයේ යහපත ගැන අදහස්! #OL #Study #results #StudyWithMeSinhala #studyvlog #education. අධ්‍යයන ප්‍රතිඵලය, අනාගතය සම්බන්ධ අධ්‍යයනය, සිසුන්ගේ අධ්‍යයන උදව්, ශාස්ත‍්‍රීය කුසලතා අර්ථකථනය, අධ්‍යයන සහාය සඳහා පියවර, අධ්‍යයන වීඩියෝ ලකුණු, පාසල් කණ්ඩායම්, විශ්වවිද්‍යාලය සිසුන්, අධ්‍යයන වාර්තා, වෘත්තීය අධ්‍යයනය","https://www.tiktok.com/@itz_senura","https://p16-sign-sg.tiktokcdn.com/tos-alisg-avt-0068/0ab4f7d1948aabc87377b1ac05845de7~tplv-tiktokx-cropcenter:100:100.jpeg?dr=14579&refresh_token=417dbc8e&x-expires=1759932000&x-signature=JkNcWg0UEl9ZnWWr5%2BkJpO06%2Bi0%3D&t=4d5b0474&ps=13740610&shp=a5d48078&shcp=81f88b70&idc=my2","itz_senura","61.9K"
"https://www.tiktok.com/@veriteresearch/video/7437270507369614609","https://p16-sign-sg.tiktokcdn.com/tos-alisg-p-0037/o0G8ZfevEXvPOLEEUguCA7gMIbgD9QrArtzgxf~tplv-photomode-zoomcover:720:720.jpeg?dr=14555&x-expires=1759932000&x-signature=KyB1bUzVE%2F%2FiZRNIJfxfiEfM5JI%3D&t=4d5b0474&ps=13740610&shp=81f88b70&shcp=0d52deaf&idc=sg1&ftpl=1","39","🟣‼️The National People’s Power (NPP) wins Hambantota and Polonnaruwa Districts‼️ 📣District Final Results #SLGE2024 #SLElection2024 #SriLanka NPP Wins Hambantota and Polonnaruwa Districts!. Discover the final results of NPP's victory in Hambantota and Polonnaruwa. Stay updated on #SLGE2024 and #SLElection2024!. NPP victory in Hambantota, Polonnaruwa district election results, Sri Lanka 2024 elections, National People's Power successes, SLGE 2024 final results, Sri Lanka political updates, Hambantota election news, Polonnaruwa district results, NPP growth Sri Lanka","https://www.tiktok.com/@veriteresearch","https://p19-common-sign-useastred.tiktokcdn-eu.com/tos-useast2a-avt-0068-giso/a309192c96a31bf0a91e346cbfd3ebbb~tplv-tiktokx-cropcenter:100:100.jpeg?dr=14579&refresh_token=eced36fd&x-expires=1759932000&x-signature=LUoMgVhYkeaz9JbUxVtblDJBNL0%3D&t=4d5b0474&ps=13740610&shp=a5d48078&shcp=81f88b70&idc=my2","veriteresearch","4506"
"https://www.tiktok.com/@a7tv.com/video/7501598758329666838","https://p16-pu-sign-no.tiktokcdn-eu.com/tos-no1a-p-0037-no/ogHE6ibvisYYFQBIOrBEyZLHB2aBA29mgECqB~tplv-photomode-zoomcover:720:720.jpeg?dr=14555&x-expires=1759932000&x-signature=jHvPRpGHf0mfPBG%2Fm8zYYOMiT9c%3D&t=4d5b0474&ps=13740610&shp=81f88b70&shcp=0d52deaf&idc=sg1&ftpl=1","1202","இறுதி தேர்தல் முடிவுகள் #SriLankaElection #SLElection #BreakingElectionSL #SLVoteCount #LiveResultsSL #lka #srilanka","https://www.tiktok.com/@a7tv.com","https://p19-common-sign-useastred.tiktokcdn-eu.com/tos-useast2a-avt-0068-euttp/9e6bfeb460f69e7128f8f2a9d148f442~tplv-tiktokx-cropcenter:100:100.jpeg?dr=14579&refresh_token=b44c994d&x-expires=1759932000&x-signature=waTDlETOVNtBfoRgTCaCC3vUcho%3D&t=4d5b0474&ps=13740610&shp=a5d48078&shcp=81f88b70&idc=my2","a7tv.com","102.5K"
"https://www.tiktok.com/@adaderanasinhala/video/7417163204847029522","https://p16-sign-sg.tiktokcdn.com/tos-alisg-p-0037/o0AiVRqRhmAEuB7TiBD6UZvDHOIYxplP5A8FW~tplv-photomode-zoomcover:720:720.jpeg?dr=14555&x-expires=1759932000&x-signature=Yj%2F2ZEzJZ9xc70ApGtZeTCtEvdQ%3D&t=4d5b0474&ps=13740610&shp=81f88b70&shcp=0d52deaf&idc=sg1&ftpl=1","11K","#Election2024 | #SriLanakaElection | #Politics | #AdaDerana | #ElectionResults 2024 Election Results Analysis | Sri Lanka Election Updates. Stay up-to-date with the latest developments and analysis of the 2024 election results in Sri Lanka. Get insights on the political landscape and trends shaping the country's future. #Election2024 #SriLankaElection #Politics #AdaDerana #ElectionResults. 2024 election results, Sri Lanka election updates, political analysis, election trends, Sri Lanka politics, election coverage, political developments, election insights, election updates, Ada Derana","https://www.tiktok.com/@adaderanasinhala","https://p16-sign-sg.tiktokcdn.com/tos-alisg-avt-0068/205e1aa60a6989a472409c4caf39341a~tplv-tiktokx-cropcenter:100:100.jpeg?dr=14579&refresh_token=967450cd&x-expires=1759932000&x-signature=mBfPuspBXHIRpFX5YzsssknhzAg%3D&t=4d5b0474&ps=13740610&shp=a5d48078&shcp=81f88b70&idc=my2","adaderanasinhala","192K"
"https://www.tiktok.com/@moorthy_kanna/video/7437406737667296520","https://p16-sign-sg.tiktokcdn.com/tos-alisg-p-0037/oUqg84eSAAiEv8UnRKOBBHz5hEQmQHFt9pONfD~tplv-photomode-zoomcover:720:720.jpeg?dr=14555&x-expires=1759932000&x-signature=IdaapJtwqq8qmxtqqbrdU3H%2B8ZU%3D&t=4d5b0474&ps=13740610&shp=81f88b70&shcp=0d52deaf&idc=sg1&ftpl=1","606","#SriLankaElection #ParliamentElectionSL #SriLankaVotes #ElectionResults #SLPolitics #SriLankaParliament #DemocracyInAction #ElectionUpdatesSL #SriLankaNews #SLParliament2024 #UNP #SLPP #SLFP #JVP #TNA #SJB #SriLankaDecides #VoteSL #PoliticalUpdatesSL #SriLankaFuture #PoliticalPartiesSL #SriLankaElectionResults #electionresults2024 #akd","https://www.tiktok.com/@moorthy_kanna","https://p16-sign-sg.tiktokcdn.com/tos-alisg-avt-0068/b39caa3faa3397aa694aa4ad953fad6d~tplv-tiktokx-cropcenter:100:100.jpeg?dr=14579&refresh_token=0694956a&x-expires=1759932000&x-signature=HGTdlbM1G5AZUSJAl3VEVTcKGXw%3D&t=4d5b0474&ps=13740610&shp=a5d48078&shcp=81f88b70&idc=my2","moorthy_kanna","17.9K"
"https://www.tiktok.com/@handsomesrilanka/video/7417188253087960338","https://p16-sign-sg.tiktokcdn.com/tos-alisg-p-0037/oERIxdi3Trs77vqWCyJTJjwEBfAFiAA4yArz5I~tplv-photomode-zoomcover:720:720.jpeg?dr=14555&x-expires=1759932000&x-signature=qOYccdaKg8rjb0BzLUSRtjeAIro%3D&t=4d5b0474&ps=13740610&shp=81f88b70&shcp=0d52deaf&idc=sg1&ftpl=1","54","President Election 2024 Postal Election results #viral #ElectionResults #Presidentvote #PresidentElection2024 #srilankaelection","https://www.tiktok.com/@handsomesrilanka","https://p16-sign-sg.tiktokcdn.com/tos-alisg-avt-0068/1199ed316046e7e46ce7fa9036bbfca5~tplv-tiktokx-cropcenter:100:100.jpeg?dr=14579&refresh_token=9400a601&x-expires=1759932000&x-signature=HnHjjYM9k4wadoH3wOOG%2FSRHlAQ%3D&t=4d5b0474&ps=13740610&shp=a5d48078&shcp=81f88b70&idc=my2","handsomesrilanka","2129"
"https://www.tiktok.com/@isanka_pramuditha/video/7556709256494451986","https://p16-sign-sg.tiktokcdn.com/tos-alisg-p-0037/o8xvQAF6uVUxIaJeBLDAQK3vRyog0BWEntEvfr~tplv-photomode-zoomcover:720:720.jpeg?dr=14555&x-expires=1759932000&x-signature=frF8Or1vhOnc9ob%2BDuy8nfQ1zxI%3D&t=4d5b0474&ps=13740610&shp=81f88b70&shcp=0d52deaf&idc=sg1&ftpl=1","152","Congratulations Winner Mrs.Sri Lanka","https://www.tiktok.com/@isanka_pramuditha","https://p16-sign-sg.tiktokcdn.com/tos-alisg-avt-0068/85381959f04f33e9e13a185ecdb7be4e~tplv-tiktokx-cropcenter:100:100.jpeg?dr=14579&refresh_token=60dc5c36&x-expires=1759932000&x-signature=5rUn7n6%2FknXw8Nw%2BgyiduYd4ULk%3D&t=4d5b0474&ps=13740610&shp=a5d48078&shcp=81f88b70&idc=my2","isanka_pramuditha","3802"
"https://www.tiktok.com/@skytamilnews/video/7417379243954343175","https://p16-sign-sg.tiktokcdn.com/tos-alisg-p-0037/oMmMUBvpyB1I9AFR9BbQByWDH7EDgrffmL0DES~tplv-photomode-zoomcover:720:720.jpeg?dr=14555&x-expires=1759932000&x-signature=yPhcO4bLWdGYPAAJja3MpjkZC%2F0%3D&t=4d5b0474&ps=13740610&shp=81f88b70&shcp=0d52deaf&idc=sg1&ftpl=1","8653","யாழ்ப்பாண மாவட்டம் மொத்த வாக்குகளின் அடிப்படையில் சஜித் முன்னிலையில்! யாழ்ப்பாண மாவட்டத்தில் சஜித் பிரேமதாஸ 121,177 வாக்குகளைப் பெற்று முன்னிலையில் உள்ளார்.  பா.அரியநேத்திரன் 116,688 வாக்குகளைப் பெற்று இரண்டாவது இடத்திலும் 84,558 வாக்குளைப் பெற்று ரணில் விக்கிரமசிங்க 3ஆவது இடத்திலும் உள்ளார்.  அநுரகுமார திஸாநாயக்க 27,086 வாக்குகளைப் பெற்று நான்காம் இடத்திலுள்ளார். ##srilankanewstamil #srilankannews #srilankatamilnews #srilankanews #srilankalatestnews #srilankanewstoday #news  #srilankanewstoday #breakingnewssrilanka #srilankanews #srilankanewslive #srilankalatestnews #srilankanewstamil #srilankatamilnewstoday","https://www.tiktok.com/@skytamilnews","https://p16-sign-sg.tiktokcdn.com/tos-alisg-avt-0068/47a0eff73498275d0605ae44c0b34662~tplv-tiktokx-cropcenter:100:100.jpeg?dr=14579&refresh_token=d2fb4c06&x-expires=1759932000&x-signature=rDNjbeNG0xAh1st8nHQD30aer3w%3D&t=4d5b0474&ps=13740610&shp=a5d48078&shcp=81f88b70&idc=my2","skytamilnews","341.9K"
"https://www.tiktok.com/@skytamilnews/video/7417400013711510802","https://p16-sign-sg.tiktokcdn.com/tos-alisg-p-0037/ogBiA5y7HirtEEfAEmiB1gfuIRclgLcuBUvhOR~tplv-photomode-zoomcover:720:720.jpeg?dr=14555&x-expires=1759932000&x-signature=VzN1nM37tQlBigT6Tv2cfx00Dy4%3D&t=4d5b0474&ps=13740610&shp=81f88b70&shcp=0d52deaf&idc=sg1&ftpl=1","5120","அம்பாறை மாவட்டம் திகாமடுல்ல தேர்தல் தொகுதி மொத்த வாக்குகளின் அடிப்படையில் சஜித் முன்னிலையில்! அம்பாறை மாவட்டத்தில் சஜித் பிரேமதாஸ 200,384 வாக்குகளைப் பெற்று முன்னிலையில் உள்ளார்.  அநுரகுமார திஸாநாயக்க 108,971 வாக்குகளைப் பெற்று இரண்டாவது இடத்திலும் 86,589 வாக்குளைப் பெற்று ரணில் விக்கிரமசிங்க 3ஆவது இடத்திலும் உள்ளார்.  பா.அரியநேத்திரன் 9,985 வாக்குகளைப் பெற்று நான்காம் இடத்திலுள்ளார். #srilankanewstamil #srilankannews #srilankatamilnews #srilankanews #srilankalatestnews #srilankanewstoday #news  #srilankanewstoday #breakingnewssrilanka #srilankanews #srilankanewslive #srilankalatestnews #srilankanewstamil #srilankatamilnewstoday","https://www.tiktok.com/@skytamilnews","https://p16-sign-sg.tiktokcdn.com/tos-alisg-avt-0068/47a0eff73498275d0605ae44c0b34662~tplv-tiktokx-cropcenter:100:100.jpeg?dr=14579&refresh_token=d2fb4c06&x-expires=1759932000&x-signature=rDNjbeNG0xAh1st8nHQD30aer3w%3D&t=4d5b0474&ps=13740610&shp=a5d48078&shcp=81f88b70&idc=my2","skytamilnews","228.9K"
"https://www.tiktok.com/@hitmusicsl/video/7418102386905926919","https://p16-sign-sg.tiktokcdn.com/tos-alisg-p-0037/o8DAjJ45IEEtBPPnlYZiByBVNdiOAjvKm8ZAk~tplv-photomode-zoomcover:720:720.jpeg?dr=14555&x-expires=1759932000&x-signature=P9PWydZXGzQ8Bzu4XAIPC7%2BfGTQ%3D&t=4d5b0474&ps=13740610&shp=81f88b70&shcp=0d52deaf&idc=sg1&ftpl=1","101","#final  #Cumulative #Result #According #to #First #Count #PresidentialElection #presidentialelection2024 #presidentialpoll #Election2024 #election #ElectionResults  #lka #slnews #news #adaderana #srilankanews #srilanka","https://www.tiktok.com/@hitmusicsl","https://p16-sign-sg.tiktokcdn.com/tos-alisg-avt-0068/98ed66770d99f3bf6890eca4e654d9a9~tplv-tiktokx-cropcenter:100:100.jpeg?dr=14579&refresh_token=1f20eb88&x-expires=1759932000&x-signature=DkLxULquHTMhNlD7ahYwdPi6%2B%2BE%3D&t=4d5b0474&ps=13740610&shp=a5d48078&shcp=81f88b70&idc=my2","hitmusicsl","880"
"https://www.tiktok.com/@s_c_h_i_n_t_h_a/video/7497911596266638609","https://p16-sign-sg.tiktokcdn.com/tos-alisg-p-0037/oUPhIwFfDzgePqncDBDAQTHnrSQAFC4EjBE6fN~tplv-photomode-zoomcover:720:720.jpeg?dr=14555&x-expires=1759932000&x-signature=qaKX%2BlfGWONDcBpakVF%2FZ1mf6DM%3D&t=4d5b0474&ps=13740610&shp=81f88b70&shcp=0d52deaf&idc=sg1&ftpl=1","11.7K","එයාලට දෙන්න පුලුවන් සතුට දුන්නා 🥺❤️ #2024al #risults #highlight","https://www.tiktok.com/@s_c_h_i_n_t_h_a","https://p16-sign-sg.tiktokcdn.com/tos-alisg-avt-0068/6490195e44a52f1dff12b26b371631ba~tplv-tiktokx-cropcenter:100:100.jpeg?dr=14579&refresh_token=dfbf9748&x-expires=1759932000&x-signature=FzyNMAps%2BOmpLyi0iO%2FwJ6ZNtSk%3D&t=4d5b0474&ps=13740610&shp=a5d48078&shcp=81f88b70&idc=my2","s_c_h_i_n_t_h_a","161K"
"https://www.tiktok.com/@catalistmedia/video/7441534233761336584","https://p16-sign-sg.tiktokcdn.com/tos-alisg-p-0037/oEiAYCI0f4G0jwAbcidfL0LDek4GCOQIRwQdq9~tplv-photomode-zoomcover:720:720.jpeg?dr=14555&x-expires=1759932000&x-signature=O7eqRQyiZi3F4byCo1kCu5KxF%2Bo%3D&t=4d5b0474&ps=13740610&shp=81f88b70&shcp=0d52deaf&idc=sg1&ftpl=1","3681","They said an academic couldn’t win votes. Dr. Harini Amarasuriya proved them wrong with 655,289 reasons why they were wrong—earning the highest vote count in Sri Lankan history to become PM. 🔥🇱🇰 #SriLanka #PrimeMinister #HariniAmarasuriya #MakingHistory","https://www.tiktok.com/@catalistmedia","https://p16-sign-sg.tiktokcdn.com/tos-alisg-avt-0068/b6ed91f0e57afaaa658d73442cd217ab~tplv-tiktokx-cropcenter:100:100.jpeg?dr=14579&refresh_token=33d3dd5a&x-expires=1759932000&x-signature=IMUUdrwK3GmRF4pIU%2B5cWCGX0yU%3D&t=4d5b0474&ps=13740610&shp=a5d48078&shcp=81f88b70&idc=my2","catalistmedia","54.8K"
"https://www.tiktok.com/@ahmedfarook175/video/7307535381413498119","https://p16-sign-sg.tiktokcdn.com/tos-alisg-p-0037/osLkIwWnfeoDIWEpDAMAQk0fjtKAlChIuyQ18j~tplv-photomode-zoomcover:720:720.jpeg?dr=14555&x-expires=1759932000&x-signature=fwfjGj9sO0Zi44rriHwioXQwCYo%3D&t=4d5b0474&ps=13740610&shp=81f88b70&shcp=0d52deaf&idc=sg1&ftpl=1","1293","O/L Result Attrocities #trending #viral #fun #funny #results #srilanka","https://www.tiktok.com/@ahmedfarook175","https://p16-sign-sg.tiktokcdn.com/tos-alisg-avt-0068/46366483e35ac5e81b2a982f0a5759c5~tplv-tiktokx-cropcenter:100:100.jpeg?dr=14579&refresh_token=fc8c19ef&x-expires=1759932000&x-signature=Ijdx%2Fb%2FeyfPLzIOUr8mGktt%2Fs10%3D&t=4d5b0474&ps=13740610&shp=a5d48078&shcp=81f88b70&idc=my2","ahmedfarook175","45.6K"
"https://www.tiktok.com/@irsaththahir/video/7437375160153328903","https://p16-sign-sg.tiktokcdn.com/tos-alisg-p-0037/o4jAdDeeAyGIRBVO7b4FEXrbECsfSJD2KAD3IL~tplv-photomode-zoomcover:720:720.jpeg?dr=14555&x-expires=1759932000&x-signature=RkpWtUacoMyTxEXmvRpANjVhdwc%3D&t=4d5b0474&ps=13740610&shp=81f88b70&shcp=0d52deaf&idc=sg1&ftpl=1","7783","","https://www.tiktok.com/@irsaththahir","https://p16-sign-sg.tiktokcdn.com/tos-alisg-avt-0068/cd1bb154d7c7f74a3fb9d03faaf784f5~tplv-tiktokx-cropcenter:100:100.jpeg?dr=14579&refresh_token=b938d237&x-expires=1759932000&x-signature=msfVTj%2BTP3v2H9HuDmbeLARecM4%3D&t=4d5b0474&ps=13740610&shp=a5d48078&shcp=81f88b70&idc=my2","irsaththahir",""
"https://www.tiktok.com/@study_abroad_with_raeez/video/7069017587639684379","https://p19-common-sign-useastred.tiktokcdn-eu.com/tos-useast2a-p-0037-aiso/e63636ffd32147568bb2f18e306a21e5_1645883920~tplv-photomode-zoomcover:720:720.jpeg?dr=14555&x-expires=1759932000&x-signature=tdZE9S708HDZFmpgM8TV%2FUY%2Bogw%3D&t=4d5b0474&ps=13740610&shp=81f88b70&shcp=0d52deaf&idc=sg1&ftpl=1","3097","How to get OLs and ALs Resuts Sheet from the Foreign Ministry. #cololmbo #srilanka #fyp #tiktoksrilanka #tiktokcolombo #ol #al #studyaborad","https://www.tiktok.com/@study_abroad_with_raeez","https://p16-sign-sg.tiktokcdn.com/tos-alisg-avt-0068/841e2cdd42b043274454c3758635f2f4~tplv-tiktokx-cropcenter:100:100.jpeg?dr=14579&refresh_token=8f705459&x-expires=1759932000&x-signature=sv56CdAm0q9amiAJxhTdBo4xoLA%3D&t=4d5b0474&ps=13740610&shp=a5d48078&shcp=81f88b70&idc=my2","study_abroad_with_raeez","60.9K"
"https://www.tiktok.com/@prabath.delgoda/video/7437381470588505362","https://p16-sign-sg.tiktokcdn.com/tos-alisg-p-0037/oABVFYAEHxjbCBRIxDiiQO2ZM3IyPMzAuBYB4~tplv-photomode-zoomcover:720:720.jpeg?dr=14555&x-expires=1759932000&x-signature=6O5Z33s6z6r9LBpXTbQWQHjaCzg%3D&t=4d5b0474&ps=13740610&shp=81f88b70&shcp=0d52deaf&idc=sg1&ftpl=1","172","Parliament Election 2024 Gampaha results  #NPP #akd #AKD #nppsrilanka #nppghana #gampaha #gampahaඅපි🌺 #whatsapp","https://www.tiktok.com/@prabath.delgoda","https://p16-sign-sg.tiktokcdn.com/tos-alisg-avt-0068/7342672859212283925~tplv-tiktokx-cropcenter:100:100.jpeg?dr=14579&refresh_token=245baf8f&x-expires=1759932000&x-signature=HKLjt7Cybo4XgJRRw78l1ZK5M9g%3D&t=4d5b0474&ps=13740610&shp=a5d48078&shcp=81f88b70&idc=my2","prabath.delgoda","3434"
"https://www.tiktok.com/@4u_methee_/video/7437202227522997520","https://p16-sign-sg.tiktokcdn.com/tos-alisg-p-0037/o02QBB4InwB3NGJ2B1iigeBfENARSVAIITv9Uj~tplv-photomode-zoomcover:720:720.jpeg?dr=14555&x-expires=1759932000&x-signature=%2BR9h5yU16KHNEN2cXm79njBLFUI%3D&t=4d5b0474&ps=13740610&shp=81f88b70&shcp=0d52deaf&idc=sg1&ftpl=1","38.7K","Election Result හොදටම කරනව 🥹😂 #srilanka #cute #girl #election #2024 #result #news #tv #derena @දෙරණ tv @Sanuvi Mudannayaka","https://www.tiktok.com/@4u_methee_","https://p16-sign-sg.tiktokcdn.com/tos-alisg-avt-0068/6624aa4de847627e873219ef76b08a0c~tplv-tiktokx-cropcenter:100:100.jpeg?dr=14579&refresh_token=b29b513c&x-expires=1759932000&x-signature=YSu6yTiTWFcBNuOa9SX4roUzE%2Fc%3D&t=4d5b0474&ps=13740610&shp=a5d48078&shcp=81f88b70&idc=my2","4u_methee_","458.8K"
"https://www.tiktok.com/@adaderanasinhala/video/7501575074919632148","https://p16-sign-sg.tiktokcdn.com/tos-alisg-p-0037/o0ASSZeeWgI4AwGqJHG1PWLeAZfaAAzIPl5AQJ~tplv-photomode-zoomcover:720:720.jpeg?dr=14555&x-expires=1759932000&x-signature=ey7KRJwwESpExHsOzZw51jUt1SM%3D&t=4d5b0474&ps=13740610&shp=81f88b70&shcp=0d52deaf&idc=sg1&ftpl=1","3555","කොළඹ දිස්ත්‍රික්කය | කොළඹ මහනගර සභාව #lka #AdaDerana #AdaDerana24 #adaderananews #srilanka #SriLankaNews #ElectionDay #election2025 #election #LGPolls2025 #localgovernmentelection2025","https://www.tiktok.com/@adaderanasinhala","https://p16-sign-sg.tiktokcdn.com/tos-alisg-avt-0068/205e1aa60a6989a472409c4caf39341a~tplv-tiktokx-cropcenter:100:100.jpeg?dr=14579&refresh_token=967450cd&x-expires=1759932000&x-signature=mBfPuspBXHIRpFX5YzsssknhzAg%3D&t=4d5b0474&ps=13740610&shp=a5d48078&shcp=81f88b70&idc=my2","adaderanasinhala","241K"
"https://www.tiktok.com/@adaderanasinhala/video/7437297442376207623","https://p16-sign-sg.tiktokcdn.com/tos-alisg-p-0037/ooCF0I5y28zAoGllQgi2AimBKAqB2wpqwIf4RS~tplv-photomode-zoomcover:720:720.jpeg?dr=14555&x-expires=1759932000&x-signature=aBYOD92c3dWbAnT3rY%2BEjS7Af2M%3D&t=4d5b0474&ps=13740610&shp=81f88b70&shcp=0d52deaf&idc=sg1&ftpl=1","425","ගම්පහ තැපැල් ඡන්ද ප්‍රතිඵල #ParliamentElection2024 #SriLankaElections2024 #Election2024 #SriLankaElection #generalelection #srilankaelection #parliamentelection2024 #SriLankaElections #election #srilanka #nppsrilanka #sltiktok #GeneralElection2024","https://www.tiktok.com/@adaderanasinhala","https://p16-sign-sg.tiktokcdn.com/tos-alisg-avt-0068/205e1aa60a6989a472409c4caf39341a~tplv-tiktokx-cropcenter:100:100.jpeg?dr=14579&refresh_token=967450cd&x-expires=1759932000&x-signature=mBfPuspBXHIRpFX5YzsssknhzAg%3D&t=4d5b0474&ps=13740610&shp=a5d48078&shcp=81f88b70&idc=my2","adaderanasinhala","16.1K"
"https://www.tiktok.com/@tmgseychelles/video/7554811656489061643","https://p16-sign-va.tiktokcdn.com/tos-maliva-p-0068/oEDYmJnjIBV2eEEKTfRFED1B6T2kBQvXBLAJFo~tplv-photomode-zoomcover:720:720.jpeg?dr=14555&x-expires=1759932000&x-signature=q94cYr9GefRZFHQCLNA4%2BEB1t7A%3D&t=4d5b0474&ps=13740610&shp=81f88b70&shcp=0d52deaf&idc=sg1&ftpl=1","32","Voter turnout 4pm-5pm Awaiting next update  #Seychelles #eleksyon2025 #turnout #voters #percentage","https://www.tiktok.com/@tmgseychelles","https://p16-sign-va.tiktokcdn.com/tos-maliva-avt-0068/aa3df6fb65443f425997b93f0b498db9~tplv-tiktokx-cropcenter:100:100.jpeg?dr=14579&refresh_token=bb08620e&x-expires=1759932000&x-signature=rmo03LWMJbCPqkSroQJ5rMsQdSY%3D&t=4d5b0474&ps=13740610&shp=a5d48078&shcp=81f88b70&idc=my2","tmgseychelles","7943"
"https://www.tiktok.com/@adaderanasinhala/video/7437158598695783687","https://p16-sign-sg.tiktokcdn.com/tos-alisg-p-0037/ocFCBNkUVQAhYev8qLGg2fDUogEjOBDcnIjVEF~tplv-photomode-zoomcover:720:720.jpeg?dr=14555&x-expires=1759932000&x-signature=Zxx%2BkFazaVijMOluXmy00BJ3fek%3D&t=4d5b0474&ps=13740610&shp=81f88b70&shcp=0d52deaf&idc=sg1&ftpl=1","11.7K","ගාල්ල #GeneralElection2024 #ParliamentElection2024 #SriLankaElection #SriLankaElections2024 #Election2024 #srilankaelection #generalelection #parliamentelection2024 #galle #SriLankaElections #nuwaraeliya #election2024 #election #politics #sltiktok #srilanka #ranilwickremesinghe #nppsrilanka #anurakumaradissanayaka #kusalmendis","https://www.tiktok.com/@adaderanasinhala","https://p16-sign-sg.tiktokcdn.com/tos-alisg-avt-0068/205e1aa60a6989a472409c4caf39341a~tplv-tiktokx-cropcenter:100:100.jpeg?dr=14579&refresh_token=967450cd&x-expires=1759932000&x-signature=mBfPuspBXHIRpFX5YzsssknhzAg%3D&t=4d5b0474&ps=13740610&shp=a5d48078&shcp=81f88b70&idc=my2","adaderanasinhala","249.8K"
"https://www.tiktok.com/@pathumsilva99/video/7437556478518512897","data:image/gif;base64,R0lGODlhAQABAIAAAAAAAP///yH5BAEAAAAALAAAAAABAAEAAAIBRAA7","2519","#virel #trending #foryou #trendingvideo #breakingnews #udayagammanpila #election #politica #srilanakan🇱🇰 #news #parliament #results","https://www.tiktok.com/@pathumsilva99","https://p16-sign-sg.tiktokcdn.com/tos-alisg-avt-0068/e25b1a5e964d3362d9ac86d6e5909314~tplv-tiktokx-cropcenter:100:100.jpeg?dr=14579&refresh_token=3efd31ef&x-expires=1759932000&x-signature=aVq8SGo9EEVvfhuClJqutnmLuso%3D&t=4d5b0474&ps=13740610&shp=a5d48078&shcp=81f88b70&idc=my2","pathumsilva99","80K"
"https://www.tiktok.com/@adaderanasinhala/video/7437485618671766791","data:image/gif;base64,R0lGODlhAQABAIAAAAAAAP///yH5BAEAAAAALAAAAAABAAEAAAIBRAA7","27.2K","අගමැතිනිගෙන් ඉතිහාසගත මනාප වාර්තාවක් #GeneralElection2024 | #ParliamentElection2024 | #SriLankaElection | #SriLankaElections2024 | #Election2024","https://www.tiktok.com/@adaderanasinhala","https://p16-sign-sg.tiktokcdn.com/tos-alisg-avt-0068/205e1aa60a6989a472409c4caf39341a~tplv-tiktokx-cropcenter:100:100.jpeg?dr=14579&refresh_token=967450cd&x-expires=1759932000&x-signature=mBfPuspBXHIRpFX5YzsssknhzAg%3D&t=4d5b0474&ps=13740610&shp=a5d48078&shcp=81f88b70&idc=my2","adaderanasinhala","365.7K"
"https://www.tiktok.com/@adaderanasinhala/video/7437339603788418322","data:image/gif;base64,R0lGODlhAQABAIAAAAAAAP///yH5BAEAAAAALAAAAAABAAEAAAIBRAA7","12.8K","කුරුණෑගල","https://www.tiktok.com/@adaderanasinhala","https://p16-sign-sg.tiktokcdn.com/tos-alisg-avt-0068/205e1aa60a6989a472409c4caf39341a~tplv-tiktokx-cropcenter:100:100.jpeg?dr=14579&refresh_token=967450cd&x-expires=1759932000&x-signature=mBfPuspBXHIRpFX5YzsssknhzAg%3D&t=4d5b0474&ps=13740610&shp=a5d48078&shcp=81f88b70&idc=my2","adaderanasinhala","369.2K"
"https://www.tiktok.com/@imnish95/video/7417547600217361682","data:image/gif;base64,R0lGODlhAQABAIAAAAAAAP///yH5BAEAAAAALAAAAAABAAEAAAIBRAA7","86.8K","@Shenol🇦🇪 @Naduni🧿❤️ @Sadishka🇦🇪 ඒ උනාට මම සීලරතනට 😁#akd #2024election#adaderana#fyp##gampaha#srilanka#newpresident2024#anurakumaradissanayaka","https://www.tiktok.com/@imnish95","https://p16-sign-sg.tiktokcdn.com/tos-alisg-avt-0068/8b9801ee9e0cc8c2df202d314c7490d8~tplv-tiktokx-cropcenter:100:100.jpeg?dr=14579&refresh_token=c5911b57&x-expires=1759932000&x-signature=y7M9qxYu%2FB1OQ4AsVCMVpYj6K0U%3D&t=4d5b0474&ps=13740610&shp=a5d48078&shcp=81f88b70&idc=my2","imnish95","1.1M"
"https://www.tiktok.com/@_itz_kavinda__/video/7437385189766073607","data:image/gif;base64,R0lGODlhAQABAIAAAAAAAP///yH5BAEAAAAALAAAAAABAAEAAAIBRAA7","1090","NPP🧭❤️🇱🇰 #fyp #fyp #foryoupage #srilanka #parliament #parliamentelection2024 #election2024 #electionresults  #derana #chathura","https://www.tiktok.com/@_itz_kavinda__","https://p16-sign-sg.tiktokcdn.com/tos-alisg-avt-0068/aaef48bfec0183f3b81db76649a77a39~tplv-tiktokx-cropcenter:100:100.jpeg?dr=14579&refresh_token=8c99ff82&x-expires=1759932000&x-signature=2og6cPchf3utn39Fo6LyFq3wVqs%3D&t=4d5b0474&ps=13740610&shp=a5d48078&shcp=81f88b70&idc=my2","_itz_kavinda__","12.8K"
"https://www.tiktok.com/@u_known_2025/video/7437703932102675730","data:image/gif;base64,R0lGODlhAQABAIAAAAAAAP///yH5BAEAAAAALAAAAAABAAEAAAIBRAA7","33.6K","#CapCut #trending #fyp #viral  #parlimentaryelection  #2020 #vs #2024  #srilanka #election #election2024 #AKD  Parliamentary Election   2020 vs 2024 @Anura Kumara Dissanayake 😎❤️","https://www.tiktok.com/@u_known_2025","https://p16-sign-sg.tiktokcdn.com/tos-alisg-avt-0068/ac47887741b6e47d102beaf1f4f820a4~tplv-tiktokx-cropcenter:100:100.jpeg?dr=14579&refresh_token=e3608acb&x-expires=1759932000&x-signature=pm%2Fu%2B7LzAih46qjEszyKM0qapfQ%3D&t=4d5b0474&ps=13740610&shp=a5d48078&shcp=81f88b70&idc=my2","u_known_2025","400.6K"
"https://www.tiktok.com/@pathumsilva99/video/7437556478518512897","https://p16-sign-sg.tiktokcdn.com/tos-alisg-p-0037/osLl3ALKvoBXkIIOcbLeDCAQfgal2QEfjAGvI5~tplv-photomode-zoomcover:720:720.jpeg?dr=14555&x-expires=1759932000&x-signature=UNiZQg7zTGtxYRfzvO4uOpZ9kJw%3D&t=4d5b0474&ps=13740610&shp=81f88b70&shcp=0d52deaf&idc=sg1&ftpl=1","2519","#virel #trending #foryou #trendingvideo #breakingnews #udayagammanpila #election #politica #srilanakan🇱🇰 #news #parliament #results","https://www.tiktok.com/@pathumsilva99","https://p16-sign-sg.tiktokcdn.com/tos-alisg-avt-0068/e25b1a5e964d3362d9ac86d6e5909314~tplv-tiktokx-cropcenter:100:100.jpeg?dr=14579&refresh_token=3efd31ef&x-expires=1759932000&x-signature=aVq8SGo9EEVvfhuClJqutnmLuso%3D&t=4d5b0474&ps=13740610&shp=a5d48078&shcp=81f88b70&idc=my2","pathumsilva99","80K"
"https://www.tiktok.com/@adaderanasinhala/video/7437485618671766791","https://p16-sign-sg.tiktokcdn.com/tos-alisg-p-0037/oQAf0FFQAu3VeD42QYgB3lAiBgECNnTQgACuIY~tplv-photomode-zoomcover:720:720.jpeg?dr=14555&x-expires=1759932000&x-signature=qVI52CxPaVO6JEa5KFjiA%2BUtjIk%3D&t=4d5b0474&ps=13740610&shp=81f88b70&shcp=0d52deaf&idc=sg1&ftpl=1","27.2K","අගමැතිනිගෙන් ඉතිහාසගත මනාප වාර්තාවක් #GeneralElection2024 | #ParliamentElection2024 | #SriLankaElection | #SriLankaElections2024 | #Election2024","https://www.tiktok.com/@adaderanasinhala","https://p16-sign-sg.tiktokcdn.com/tos-alisg-avt-0068/205e1aa60a6989a472409c4caf39341a~tplv-tiktokx-cropcenter:100:100.jpeg?dr=14579&refresh_token=967450cd&x-expires=1759932000&x-signature=mBfPuspBXHIRpFX5YzsssknhzAg%3D&t=4d5b0474&ps=13740610&shp=a5d48078&shcp=81f88b70&idc=my2","adaderanasinhala","365.7K"
"https://www.tiktok.com/@adaderanasinhala/video/7437339603788418322","https://p16-sign-sg.tiktokcdn.com/tos-alisg-p-0037/oAWu7AOObAeQDSzAQw0XDreEoPa8gmHAEfkAQM~tplv-photomode-zoomcover:720:720.jpeg?dr=14555&x-expires=1759932000&x-signature=zmZquEejMgu08YfRPgZZasWVDaM%3D&t=4d5b0474&ps=13740610&shp=81f88b70&shcp=0d52deaf&idc=sg1&ftpl=1","12.8K","කුරුණෑගල","https://www.tiktok.com/@adaderanasinhala","https://p16-sign-sg.tiktokcdn.com/tos-alisg-avt-0068/205e1aa60a6989a472409c4caf39341a~tplv-tiktokx-cropcenter:100:100.jpeg?dr=14579&refresh_token=967450cd&x-expires=1759932000&x-signature=mBfPuspBXHIRpFX5YzsssknhzAg%3D&t=4d5b0474&ps=13740610&shp=a5d48078&shcp=81f88b70&idc=my2","adaderanasinhala","369.2K"
"https://www.tiktok.com/@imnish95/video/7417547600217361682","https://p16-sign-sg.tiktokcdn.com/tos-alisg-p-0037/oUBXi3AEOEqBUb7EDAii2gwZmvIyvVvAjBYib~tplv-photomode-zoomcover:720:720.jpeg?dr=14555&x-expires=1759932000&x-signature=DoG4L1%2FGE%2FplEa1p5rPG18XENT4%3D&t=4d5b0474&ps=13740610&shp=81f88b70&shcp=0d52deaf&idc=sg1&ftpl=1","86.8K","@Shenol🇦🇪 @Naduni🧿❤️ @Sadishka🇦🇪 ඒ උනාට මම සීලරතනට 😁#akd #2024election#adaderana#fyp##gampaha#srilanka#newpresident2024#anurakumaradissanayaka","https://www.tiktok.com/@imnish95","https://p16-sign-sg.tiktokcdn.com/tos-alisg-avt-0068/8b9801ee9e0cc8c2df202d314c7490d8~tplv-tiktokx-cropcenter:100:100.jpeg?dr=14579&refresh_token=c5911b57&x-expires=1759932000&x-signature=y7M9qxYu%2FB1OQ4AsVCMVpYj6K0U%3D&t=4d5b0474&ps=13740610&shp=a5d48078&shcp=81f88b70&idc=my2","imnish95","1.1M"
"https://www.tiktok.com/@_itz_kavinda__/video/7437385189766073607","https://p16-sign-sg.tiktokcdn.com/tos-alisg-p-0037/os58tBZzVYA6nioAkikWkDIE0E20vBbgVAlvI~tplv-photomode-zoomcover:720:720.jpeg?dr=14555&x-expires=1759932000&x-signature=vXJ1jEnDiig2uRBTO84aq%2FgnWNE%3D&t=4d5b0474&ps=13740610&shp=81f88b70&shcp=0d52deaf&idc=sg1&ftpl=1","1090","NPP🧭❤️🇱🇰 #fyp #fyp #foryoupage #srilanka #parliament #parliamentelection2024 #election2024 #electionresults  #derana #chathura","https://www.tiktok.com/@_itz_kavinda__","https://p16-sign-sg.tiktokcdn.com/tos-alisg-avt-0068/aaef48bfec0183f3b81db76649a77a39~tplv-tiktokx-cropcenter:100:100.jpeg?dr=14579&refresh_token=8c99ff82&x-expires=1759932000&x-signature=2og6cPchf3utn39Fo6LyFq3wVqs%3D&t=4d5b0474&ps=13740610&shp=a5d48078&shcp=81f88b70&idc=my2","_itz_kavinda__","12.8K"
"https://www.tiktok.com/@u_known_2025/video/7437703932102675730","https://p16-sign-sg.tiktokcdn.com/tos-alisg-p-0037/okf3PA8hQ4gAYHGDR7AeQcXQ2pAUAcgfMfGBJX~tplv-photomode-zoomcover:720:720.jpeg?dr=14555&x-expires=1759932000&x-signature=JXMZIFPF%2BsIBy%2F4dqy7BGoM24z0%3D&t=4d5b0474&ps=13740610&shp=81f88b70&shcp=0d52deaf&idc=sg1&ftpl=1","33.6K","#CapCut #trending #fyp #viral  #parlimentaryelection  #2020 #vs #2024  #srilanka #election #election2024 #AKD  Parliamentary Election   2020 vs 2024 @Anura Kumara Dissanayake 😎❤️","https://www.tiktok.com/@u_known_2025","https://p16-sign-sg.tiktokcdn.com/tos-alisg-avt-0068/ac47887741b6e47d102beaf1f4f820a4~tplv-tiktokx-cropcenter:100:100.jpeg?dr=14579&refresh_token=e3608acb&x-expires=1759932000&x-signature=pm%2Fu%2B7LzAih46qjEszyKM0qapfQ%3D&t=4d5b0474&ps=13740610&shp=a5d48078&shcp=81f88b70&idc=my2","u_known_2025","400.6K"
"https://www.tiktok.com/@madushanka_96/video/7437393916548091156","https://p16-sign-sg.tiktokcdn.com/tos-alisg-p-0037/oYVBY1Z2AU4GmW0mAwiB3zRsE7As7bNIEPiJ8~tplv-photomode-zoomcover:720:720.jpeg?dr=14555&x-expires=1759932000&x-signature=X3o8vSJNoSr1kGQ10Z0Szf5ZSN0%3D&t=4d5b0474&ps=13740610&shp=81f88b70&shcp=0d52deaf&idc=sg1&ftpl=1","4631","බස්නාහිර පළාත | ගම්පහ දිස්ත්‍රික්කය   #tvderana #Election2024 #GeneralElection2024 #Electionresult2024 #ElectionresultGampaha2024 #Gampaha","https://www.tiktok.com/@madushanka_96","https://p16-sign-sg.tiktokcdn.com/tos-alisg-avt-0068/3f554b2e1d975a2ab9ed3104e2750979~tplv-tiktokx-cropcenter:100:100.jpeg?dr=14579&refresh_token=e15c2904&x-expires=1759932000&x-signature=21nBPYUc4gDbXUp2rNYP9p4Qs%2F8%3D&t=4d5b0474&ps=13740610&shp=a5d48078&shcp=81f88b70&idc=my2","madushanka_96","86.4K"
"https://www.tiktok.com/@hirunews/video/7501424950318763271","https://p16-sign-sg.tiktokcdn.com/tos-alisg-p-0037/oMAKBiwCEd0AYmBjIBaAxKiA1DiWaAfTwDAXUa~tplv-photomode-zoomcover:720:720.jpeg?dr=14555&x-expires=1759932000&x-signature=LvqZwRkSUc3u89l84R3yrc6jUGw%3D&t=4d5b0474&ps=13740610&shp=81f88b70&shcp=0d52deaf&idc=sg1&ftpl=1","587","කෑගල්ල දිස්ත්‍රික්කය | කෑගල්ල මහ නගර සභාව, ඡන්ද ප්‍රතිඵලය - Hiru News #Hirunews #Election2025 #Electionresult2025 #LocalGovernmentElection","https://www.tiktok.com/@hirunews","https://p16-sign-sg.tiktokcdn.com/tos-alisg-avt-0068/97bd8c07ca54e348f8062145fb2ed0ac~tplv-tiktokx-cropcenter:100:100.jpeg?dr=14579&refresh_token=5f77456b&x-expires=1759932000&x-signature=5ZuIUmPLnr5qwRL64uOoFu6N0MU%3D&t=4d5b0474&ps=13740610&shp=a5d48078&shcp=81f88b70&idc=my2","hirunews","27.2K"
"https://www.tiktok.com/@voleed.aha/video/7437378772497648913","https://p16-sign-sg.tiktokcdn.com/tos-alisg-p-0037/oAENESBnBg1IbIRF2E3LfAfA2B9DNF1AuQO48E~tplv-photomode-zoomcover:720:720.jpeg?dr=14555&x-expires=1759932000&x-signature=jQP0EBsTOvMHTprGJIbDLP2L9l8%3D&t=4d5b0474&ps=13740610&shp=81f88b70&shcp=0d52deaf&idc=sg1&ftpl=1","184","#gampaha #election #results #anurakumaradissanayaka #nppsupport #akd #election2024 #nppelections #prasident #poltics #srilanka","https://www.tiktok.com/@voleed.aha","https://p16-sign-sg.tiktokcdn.com/tos-alisg-avt-0068/0d728a1484cfaac0f7a723785839b18e~tplv-tiktokx-cropcenter:100:100.jpeg?dr=14579&refresh_token=ea45523e&x-expires=1759932000&x-signature=%2FRf5A%2BMwYS%2FCjs5gg2%2BWsntr%2B8I%3D&t=4d5b0474&ps=13740610&shp=a5d48078&shcp=81f88b70&idc=my2","voleed.aha","4958"
"https://www.tiktok.com/@eshyajayasingha/video/7438526356901612818","https://p16-sign-sg.tiktokcdn.com/tos-alisg-p-0037/o8GhfIzFbg66BLfRKw2eZQaK4sRsFGAP1cgeAG~tplv-photomode-zoomcover:720:720.jpeg?dr=14555&x-expires=1759932000&x-signature=XfXurcvm2kBuNnHV%2Bu%2B6ERpRz18%3D&t=4d5b0474&ps=13740610&shp=81f88b70&shcp=0d52deaf&idc=sg1&ftpl=1","3717","සතුටට අඩපු ඒ දවස....💗අන්තිම වෙනකන් බලන්න..🔴හීන වෙනුවෙන් වැඩ හැමෝටම මේ වගේ දවස් උදා වෙන්න ඕනි අනිවාරෙන්ම...❤️‍🔥💪 #olresults2023 #2024 #exam #best #results #srilanka #success #wheneverwherever #fypシ #onemilionviews #doctor #Al #trending #dreamers #dreamers #education #lifesuccess #motivation #viral #2026 #girls","https://www.tiktok.com/@eshyajayasingha","https://p16-sign-sg.tiktokcdn.com/tos-alisg-avt-0068/a5e81f407045d1391ce38c9fcd904a05~tplv-tiktokx-cropcenter:100:100.jpeg?dr=14579&refresh_token=52392f99&x-expires=1759932000&x-signature=JA%2F6CSyzDh5wj2fFhVF4jM5wMvU%3D&t=4d5b0474&ps=13740610&shp=a5d48078&shcp=81f88b70&idc=my2","eshyajayasingha","125.1K"
"https://www.tiktok.com/@nlb_srilanka/video/7462705757100756240","https://p16-sign-sg.tiktokcdn.com/tos-alisg-p-0037/o4MkYewKenlQSZXsopIBXAAgfwA8efNQtSQEpM~tplv-photomode-zoomcover:720:720.jpeg?dr=14555&x-expires=1759932000&x-signature=9mAaLqtGkSDW4EBsU0FZtmKRhy8%3D&t=4d5b0474&ps=13740610&shp=81f88b70&shcp=0d52deaf&idc=sg1&ftpl=1","7203","මහජන සම්පත 5660 දිනුම් වාරයේ රු.42,929,204.00 අති දැවැන්ත සුපිරි ත්‍යාගයේ වාසනාවන්තයා ! මීළඟ වාසනාවන්තයා ඔබ ද ? #NLB #srilanka #srilankatiktok #fyp","https://www.tiktok.com/@nlb_srilanka","https://p16-sign-sg.tiktokcdn.com/tos-alisg-avt-0068/7662ce00f390f81d46983b375aea13e8~tplv-tiktokx-cropcenter:100:100.jpeg?dr=14579&refresh_token=b0d29916&x-expires=1759932000&x-signature=RXIIxdUPS5nvAt6LXuZEB3gFyAg%3D&t=4d5b0474&ps=13740610&shp=a5d48078&shcp=81f88b70&idc=my2","nlb_srilanka","206.7K"
"https://www.tiktok.com/@adaderanasinhala/video/7397781803060251905","https://p16-sign-sg.tiktokcdn.com/tos-alisg-p-0037/oMmBKNmQUqGDfB4ZgiUyjfEpFCAVFCqxRY3TDI~tplv-photomode-zoomcover:720:720.jpeg?dr=14555&x-expires=1759932000&x-signature=%2FwZO1BmmJkTjbCO7w%2FF1%2BexDk0A%3D&t=4d5b0474&ps=13740610&shp=81f88b70&shcp=0d52deaf&idc=sg1&ftpl=1","23.3K","#election #election2024  #news #viralnews #latestnews #srilanka #viral #viraltiktok #viralvideo #news #newsviral #viralnews #colombo🇱🇰 #newstiktok #foryou #tiktok #sltiktok #viralvideos #srilankan #srilankatiktok🇱🇰 #trending #ceylon_tik_tok #foryoupage #fyp #newsattiktok #foryou #slnews #srilankanews #adaderana #adaderananews #fyp #fypシ #fypage #foryourpage #foryou","https://www.tiktok.com/@adaderanasinhala","https://p16-sign-sg.tiktokcdn.com/tos-alisg-avt-0068/205e1aa60a6989a472409c4caf39341a~tplv-tiktokx-cropcenter:100:100.jpeg?dr=14579&refresh_token=967450cd&x-expires=1759932000&x-signature=mBfPuspBXHIRpFX5YzsssknhzAg%3D&t=4d5b0474&ps=13740610&shp=a5d48078&shcp=81f88b70&idc=my2","adaderanasinhala","868.3K"
"https://www.tiktok.com/@vanellope.vibes/video/7417401168965471495","data:image/gif;base64,R0lGODlhAQABAIAAAAAAAP///yH5BAEAAAAALAAAAAABAAEAAAIBRAA7","10.4K","Enjoying this 😂🤣❤️ #election #presidentialelection #srilanka #2024 #sajithpremadasa #anurakumaradissanayaka","https://www.tiktok.com/@vanellope.vibes","https://p16-sign-sg.tiktokcdn.com/tos-alisg-avt-0068/c38786c4b33a53d3639d0e445c501a32~tplv-tiktokx-cropcenter:100:100.jpeg?dr=14579&refresh_token=86a7f7c1&x-expires=1759932000&x-signature=Fqe24aCBhhpuiiOboF%2FF9Fc0V%2FU%3D&t=4d5b0474&ps=13740610&shp=a5d48078&shcp=81f88b70&idc=my2","vanellope.vibes","157.2K"
"https://www.tiktok.com/@rnxflix/video/7437488158989716754","data:image/gif;base64,R0lGODlhAQABAIAAAAAAAP///yH5BAEAAAAALAAAAAABAAEAAAIBRAA7","608","Done and dusted 😌💙 මෙව්වා චැලේන්ජ්ද? #foryoupage #fypシ゚viral #fyp #viral #foryou #srilankan_tik_tok🇱🇰 #srilanka #npp #nppsrilanka #srilankanews #ceylon_tik_tok #gammanpila #election #parliament #parliamentelection2024 #election2024 #sjb #jaffna #gampaha #colombo #hariniamarasooriya  #ndf #slpp #sb #anurakumaradissanayaka","https://www.tiktok.com/@rnxflix","https://p16-sign-sg.tiktokcdn.com/tos-alisg-avt-0068/c578f92d4e8d046de2433fd64087209f~tplv-tiktokx-cropcenter:100:100.jpeg?dr=14579&refresh_token=ffa71b5d&x-expires=1759932000&x-signature=a0AFW4qV%2B8FJoVBPgcq5KvnqObE%3D&t=4d5b0474&ps=13740610&shp=a5d48078&shcp=81f88b70&idc=my2","rnxflix","12.7K"
"https://www.tiktok.com/@kassa_96_/video/7437331682493058312","data:image/gif;base64,R0lGODlhAQABAIAAAAAAAP///yH5BAEAAAAALAAAAAABAAEAAAIBRAA7","77","#election2024#akd#anurakumaradissanayaka#kandy #malimawa","https://www.tiktok.com/@kassa_96_","https://p16-sign-sg.tiktokcdn.com/tos-alisg-avt-0068/b26ec58eb9d41449e290b9522b325896~tplv-tiktokx-cropcenter:100:100.jpeg?dr=14579&refresh_token=ac060c3b&x-expires=1759932000&x-signature=%2B%2FroK0oWzZNJIy3FYxULIng6%2FCs%3D&t=4d5b0474&ps=13740610&shp=a5d48078&shcp=81f88b70&idc=my2","kassa_96_","2063"
"https://www.tiktok.com/@adaderanasinhala/video/7437297450764750088","data:image/gif;base64,R0lGODlhAQABAIAAAAAAAP///yH5BAEAAAAALAAAAAABAAEAAAIBRAA7","191","මොණරාගල දිස්ත්‍රික් සමස්ත නිල ඡන්ද ප්‍රතිඵල #ParliamentElection2024 #SriLankaElections2024 #Election2024 #SriLankaElection #generalelection #srilankaelection #parliamentelection2024 #SriLankaElections #election #srilanka #nppsrilanka #sltiktok #GeneralElection2024","https://www.tiktok.com/@adaderanasinhala","https://p16-sign-sg.tiktokcdn.com/tos-alisg-avt-0068/205e1aa60a6989a472409c4caf39341a~tplv-tiktokx-cropcenter:100:100.jpeg?dr=14579&refresh_token=967450cd&x-expires=1759932000&x-signature=mBfPuspBXHIRpFX5YzsssknhzAg%3D&t=4d5b0474&ps=13740610&shp=a5d48078&shcp=81f88b70&idc=my2","adaderanasinhala","6162"
"https://www.tiktok.com/@vanellope.vibes/video/7417401168965471495","https://p16-sign-sg.tiktokcdn.com/tos-alisg-p-0037/c4e5acb723fd4456afb420e641ac074d_1726998294~tplv-photomode-zoomcover:720:720.jpeg?dr=14555&x-expires=1759932000&x-signature=u0U5yJtlokp7T3%2ByXUlNe6bwvHg%3D&t=4d5b0474&ps=13740610&shp=81f88b70&shcp=0d52deaf&idc=sg1&ftpl=1","10.4K","Enjoying this 😂🤣❤️ #election #presidentialelection #srilanka #2024 #sajithpremadasa #anurakumaradissanayaka","https://www.tiktok.com/@vanellope.vibes","https://p16-sign-sg.tiktokcdn.com/tos-alisg-avt-0068/c38786c4b33a53d3639d0e445c501a32~tplv-tiktokx-cropcenter:100:100.jpeg?dr=14579&refresh_token=86a7f7c1&x-expires=1759932000&x-signature=Fqe24aCBhhpuiiOboF%2FF9Fc0V%2FU%3D&t=4d5b0474&ps=13740610&shp=a5d48078&shcp=81f88b70&idc=my2","vanellope.vibes","157.2K"
"https://www.tiktok.com/@rnxflix/video/7437488158989716754","https://p16-sign-sg.tiktokcdn.com/tos-alisg-p-0037/osZBQzABBl1I3Aviin8Zi0bE7BqUYqOdRBIrV~tplv-photomode-zoomcover:720:720.jpeg?dr=14555&x-expires=1759932000&x-signature=ao2zY45Ate6YIhdYigDVzexMPmE%3D&t=4d5b0474&ps=13740610&shp=81f88b70&shcp=0d52deaf&idc=sg1&ftpl=1","608","Done and dusted 😌💙 මෙව්වා චැලේන්ජ්ද? #foryoupage #fypシ゚viral #fyp #viral #foryou #srilankan_tik_tok🇱🇰 #srilanka #npp #nppsrilanka #srilankanews #ceylon_tik_tok #gammanpila #election #parliament #parliamentelection2024 #election2024 #sjb #jaffna #gampaha #colombo #hariniamarasooriya  #ndf #slpp #sb #anurakumaradissanayaka","https://www.tiktok.com/@rnxflix","https://p16-sign-sg.tiktokcdn.com/tos-alisg-avt-0068/c578f92d4e8d046de2433fd64087209f~tplv-tiktokx-cropcenter:100:100.jpeg?dr=14579&refresh_token=ffa71b5d&x-expires=1759932000&x-signature=a0AFW4qV%2B8FJoVBPgcq5KvnqObE%3D&t=4d5b0474&ps=13740610&shp=a5d48078&shcp=81f88b70&idc=my2","rnxflix","12.7K"
"https://www.tiktok.com/@kassa_96_/video/7437331682493058312","https://p16-sign-sg.tiktokcdn.com/tos-alisg-p-0037/o0oKbehjvIwRItEDQOWA6mMfXZ8DACcfgQg27S~tplv-photomode-zoomcover:720:720.jpeg?dr=14555&x-expires=1759932000&x-signature=IPT52JtZNdVsYCtquV0HOL7b8RY%3D&t=4d5b0474&ps=13740610&shp=81f88b70&shcp=0d52deaf&idc=sg1&ftpl=1","77","#election2024#akd#anurakumaradissanayaka#kandy #malimawa","https://www.tiktok.com/@kassa_96_","https://p16-sign-sg.tiktokcdn.com/tos-alisg-avt-0068/b26ec58eb9d41449e290b9522b325896~tplv-tiktokx-cropcenter:100:100.jpeg?dr=14579&refresh_token=ac060c3b&x-expires=1759932000&x-signature=%2B%2FroK0oWzZNJIy3FYxULIng6%2FCs%3D&t=4d5b0474&ps=13740610&shp=a5d48078&shcp=81f88b70&idc=my2","kassa_96_","2063"
"https://www.tiktok.com/@adaderanasinhala/video/7437297450764750088","https://p16-sign-sg.tiktokcdn.com/tos-alisg-p-0037/ooBrMfgQDBZnFphCltELpQQVNBUQdM8g9LVfTA~tplv-photomode-zoomcover:720:720.jpeg?dr=14555&x-expires=1759932000&x-signature=m%2B%2FX%2FabdHYAE3LWsKxhXzZ3X1a8%3D&t=4d5b0474&ps=13740610&shp=81f88b70&shcp=0d52deaf&idc=sg1&ftpl=1","191","මොණරාගල දිස්ත්‍රික් සමස්ත නිල ඡන්ද ප්‍රතිඵල #ParliamentElection2024 #SriLankaElections2024 #Election2024 #SriLankaElection #generalelection #srilankaelection #parliamentelection2024 #SriLankaElections #election #srilanka #nppsrilanka #sltiktok #GeneralElection2024","https://www.tiktok.com/@adaderanasinhala","https://p16-sign-sg.tiktokcdn.com/tos-alisg-avt-0068/205e1aa60a6989a472409c4caf39341a~tplv-tiktokx-cropcenter:100:100.jpeg?dr=14579&refresh_token=967450cd&x-expires=1759932000&x-signature=mBfPuspBXHIRpFX5YzsssknhzAg%3D&t=4d5b0474&ps=13740610&shp=a5d48078&shcp=81f88b70&idc=my2","adaderanasinhala","6162"
"https://www.tiktok.com/@pola_32_/video/7497790585638636808","https://p16-sign-sg.tiktokcdn.com/tos-alisg-p-0037/oEOQfBfllAvuAjrcAIF4GAoD1fJKbavEDICQbQ~tplv-photomode-zoomcover:720:720.jpeg?dr=14555&x-expires=1759932000&x-signature=Snn44Bpej99Mqz1f5ItFzMVcwvQ%3D&t=4d5b0474&ps=13740610&shp=81f88b70&shcp=0d52deaf&idc=sg1&ftpl=1","1378","මේකත් ගොඩ දැම්ම එහෙනම් 🥹❤️ 2024 AL Result බං 😌 අම්මටයි තාත්තයි නම් පිං මට හැම දේම කරන්න දුන්නට ඒ ලෙවල් කාලේ ❤️ @Darshana Ukuwela සර් ඔයා තමා ඉතින් Mortivation එක. ❤️ #CapCut #viral #Al #alresult #2024al #biology #srilanka #srilankan_tik_tok🇱🇰 #viral #foryoupage","https://www.tiktok.com/@pola_32_","https://p16-sign-sg.tiktokcdn.com/tos-alisg-avt-0068/1750d6e1bd5bf0d9b7e6d4f2098a31ea~tplv-tiktokx-cropcenter:100:100.jpeg?dr=14579&refresh_token=286b24cd&x-expires=1759932000&x-signature=CTdfOMCThLYOqz7WUOeX1ePZRB8%3D&t=4d5b0474&ps=13740610&shp=a5d48078&shcp=81f88b70&idc=my2","pola_32_","45.7K"
"https://www.tiktok.com/@sigmapolitics_sl__backup/video/7487085671773981973","https://p16-sign-sg.tiktokcdn.com/tos-alisg-p-0037/ow8XYWeGAIePZSfE3ejAHO2eOlLB4ILALAAfQA~tplv-photomode-zoomcover:720:720.jpeg?dr=14555&x-expires=1759932000&x-signature=u6FJXijdHwL7j0JQTcBDdFGwGqc%3D&t=4d5b0474&ps=13740610&shp=81f88b70&shcp=0d52deaf&idc=sg1&ftpl=1","1281","1982-1988 | History of Presidential Elections 🔴 #Jrjayawardene #Srilankanpresident #presidentialelection #srilankanhistory #Ranasinghepremadasa #Unitednationalparty #UNP #Hectorkobbekaduwa #SirimavoBandaranaike #Srilankanfreedomparty #SLFP #Srilankanpolitics #Sigma_Politics #Foryou #fyyyyyyyyyyyyyyyy #SriLanka @ꜱɪɢᴍᴀ_ᴩᴏʟɪᴛɪᴄꜱ 🗿🇱🇰","https://www.tiktok.com/@sigmapolitics_sl__backup","https://p16-sign-sg.tiktokcdn.com/tos-alisg-avt-0068/306faa276841a97cb482861f6435fbeb~tplv-tiktokx-cropcenter:100:100.jpeg?dr=14579&refresh_token=a3931441&x-expires=1759932000&x-signature=lb0I38ZlwabDlECcQnUBbnxu67E%3D&t=4d5b0474&ps=13740610&shp=a5d48078&shcp=81f88b70&idc=my2","sigmapolitics_sl__backup","38.4K"
"https://www.tiktok.com/@adaderanasinhala/video/7417397996754881800","https://p16-sign-sg.tiktokcdn.com/tos-alisg-p-0037/o48NP4ruEhM3gfaQFxXEdQZfD8YzgACe8LHoAA~tplv-photomode-zoomcover:720:720.jpeg?dr=14555&x-expires=1759932000&x-signature=VT%2BR3JnQrg0%2BC6o4uFeTaNrXiA8%3D&t=4d5b0474&ps=13740610&shp=81f88b70&shcp=0d52deaf&idc=sg1&ftpl=1","333","හෝමාගම #Election2024 | #SriLanakaElection | #Politics | #AdaDerana","https://www.tiktok.com/@adaderanasinhala","https://p16-sign-sg.tiktokcdn.com/tos-alisg-avt-0068/205e1aa60a6989a472409c4caf39341a~tplv-tiktokx-cropcenter:100:100.jpeg?dr=14579&refresh_token=967450cd&x-expires=1759932000&x-signature=mBfPuspBXHIRpFX5YzsssknhzAg%3D&t=4d5b0474&ps=13740610&shp=a5d48078&shcp=81f88b70&idc=my2","adaderanasinhala","12.5K"
"https://www.tiktok.com/@mrmufas2004/video/7307457405753888001","https://p16-sign-sg.tiktokcdn.com/tos-alisg-p-0037/oMA3ZvKAIiWBAY1TqldQGpXVBUmEGLKAE9Emi~tplv-photomode-zoomcover:720:720.jpeg?dr=14555&x-expires=1759932000&x-signature=0VTxpRhmwRChrsb%2FjClF6JKK7b8%3D&t=4d5b0474&ps=13740610&shp=81f88b70&shcp=0d52deaf&idc=sg1&ftpl=1","2682","✨ProuD to bE mA BlooD 💝 Alhamdulillah ✨ #Olschool #ol2k23 #olbatch2023 #ol2023  #school #olresult #viralvideo   #olschoolbarber  #foryoupage #fypシ #viraltiktok  #viralvideo #foryou #missyou # #palamunai🔥pasanga #srilanka #100kviews #500kviews","https://www.tiktok.com/@mrmufas2004","https://p16-sign-sg.tiktokcdn.com/tos-alisg-avt-0068/eec9abd25d9797ca689bd6656e355bd9~tplv-tiktokx-cropcenter:100:100.jpeg?dr=14579&refresh_token=f4fd3747&x-expires=1759932000&x-signature=hJ7wSF0ZHK2fIrB4aC%2FLTTf7Z2g%3D&t=4d5b0474&ps=13740610&shp=a5d48078&shcp=81f88b70&idc=my2","mrmufas2004","81.5K"
"https://www.tiktok.com/@piuuikaushi/video/7375444940060478738","https://p16-sign-sg.tiktokcdn.com/tos-alisg-p-0037/owEI7LiVxONI7aoBC7s72XwEBfAmiAArdA3zWI~tplv-photomode-zoomcover:720:720.jpeg?dr=14555&x-expires=1759932000&x-signature=3rqhSyyGsF3btsz7RsfMqlCRhIw%3D&t=4d5b0474&ps=13740610&shp=81f88b70&shcp=0d52deaf&idc=sg1&ftpl=1","2236","#අමාරුම කාලේ මට හයියක් උන හැමෝටම පින් 🤍🥺","https://www.tiktok.com/@piuuikaushi","https://p16-sign-sg.tiktokcdn.com/tos-alisg-avt-0068/d57c9694f4651660d9270ce6e1d0cdb8~tplv-tiktokx-cropcenter:100:100.jpeg?dr=14579&refresh_token=e9a35e5c&x-expires=1759932000&x-signature=4sE1rDGyYpPjYW70i18f2Oiv1dY%3D&t=4d5b0474&ps=13740610&shp=a5d48078&shcp=81f88b70&idc=my2","piuuikaushi","49.2K"
"https://www.tiktok.com/@factcrescendosl/video/7530214868570393874","https://p16-sign-sg.tiktokcdn.com/tos-alisg-p-0037/oEoCEAfCADEKCgAAQsnCfFm6JBUTiIkCVLgnhA~tplv-photomode-zoomcover:720:720.jpeg?dr=14555&x-expires=1759932000&x-signature=qhrttGu796W4oD1rL1e9IpxSgxQ%3D&t=4d5b0474&ps=13740610&shp=81f88b70&shcp=0d52deaf&idc=sg1&ftpl=1","13","ඡන්දය භාවිතය අනිවාර්ය වෙයි, නොදාන අයට දඩයක් පන වන බව  මැතිවරණ කොමසාරිස් ප්‍රකාශයක් කළා ද? #election #vote #electionvoting #voting #electioncommission #electioncampaign  #Factcheck #Factcrescendo #Fakenews #SriLanka","https://www.tiktok.com/@factcrescendosl","https://p16-sign-sg.tiktokcdn.com/tos-alisg-avt-0068/f86fe64c25e27f7582bc78ebc2989d9a~tplv-tiktokx-cropcenter:100:100.jpeg?dr=14579&refresh_token=aba1b7a4&x-expires=1759932000&x-signature=E%2F%2BOySUDen7s0iJ41KpTgQwKEZs%3D&t=4d5b0474&ps=13740610&shp=a5d48078&shcp=81f88b70&idc=my2","factcrescendosl","351"
"https://www.tiktok.com/@prakashkalhara/video/7497816973552749831","https://p16-sign-sg.tiktokcdn.com/tos-alisg-p-0037/oYAPcXBmtNBIEYV5F0w9ziA9ABNAmiIaA2ZRu~tplv-photomode-zoomcover:720:720.jpeg?dr=14555&x-expires=1759932000&x-signature=TEvy23Y9WF1hK5bDSLXffHzoFzI%3D&t=4d5b0474&ps=13740610&shp=81f88b70&shcp=0d52deaf&idc=sg1&ftpl=1","12K","2023 Al result released day accompanied by ones: mom❤️ #AL #result #viral #2024 #trending #resultrelease #examinations #advancedlevel #prakashkalhara #srilanka","https://www.tiktok.com/@prakashkalhara","https://p16-sign-sg.tiktokcdn.com/tos-alisg-avt-0068/c2413e337192163e69b08bc4f90b09c7~tplv-tiktokx-cropcenter:100:100.jpeg?dr=14579&refresh_token=106d9050&x-expires=1759932000&x-signature=ZhcSNIs4CCxEPvqwFsIU4hOFUtI%3D&t=4d5b0474&ps=13740610&shp=a5d48078&shcp=81f88b70&idc=my2","prakashkalhara","219.2K"
"https://www.tiktok.com/@aravindaekanayaka5/video/7437339880255999239","https://p16-sign-sg.tiktokcdn.com/tos-alisg-p-0037/oMQAUnjIQDA8RgjaCOqAAYeLoCWm09bMXefbr8~tplv-photomode-zoomcover:720:720.jpeg?dr=14555&x-expires=1759932000&x-signature=XRnorJBSmKVqM0VPPxPLbbQK4u4%3D&t=4d5b0474&ps=13740610&shp=81f88b70&shcp=0d52deaf&idc=sg1&ftpl=1","516","","https://www.tiktok.com/@aravindaekanayaka5","https://p19-common-sign-useastred.tiktokcdn-eu.com/tos-useast2a-avt-0068-giso/64997d92d8ef4ae50e832af0b675da44~tplv-tiktokx-cropcenter:100:100.jpeg?dr=14579&refresh_token=1fcd484e&x-expires=1759932000&x-signature=9hZMoy%2BmJI4luI1FwSr3S2ygYr4%3D&t=4d5b0474&ps=13740610&shp=a5d48078&shcp=81f88b70&idc=my2","aravindaekanayaka5",""
"https://www.tiktok.com/@muaa_editz/video/7417783728044395794","data:image/gif;base64,R0lGODlhAQABAIAAAAAAAP///yH5BAEAAAAALAAAAAABAAEAAAIBRAA7","17.2K","Sajith Onaaa😂🦎  #Sajith #Sajith_Premadhasa #Election #Votes #Srilanka #Sl #Trend #Funny #New #Trending","https://www.tiktok.com/@muaa_editz","https://p16-sign-sg.tiktokcdn.com/tos-alisg-avt-0068/8eaad1dafe93f59cfca8ddfec3316489~tplv-tiktokx-cropcenter:100:100.jpeg?dr=14579&refresh_token=9ae0bedd&x-expires=1759932000&x-signature=5pz4uoH9ynAvotOTzIz4Xr%2BwOeI%3D&t=4d5b0474&ps=13740610&shp=a5d48078&shcp=81f88b70&idc=my2","muaa_editz","359.7K"
"https://www.tiktok.com/@ozair.the.master/video/7307557230851869960","data:image/gif;base64,R0lGODlhAQABAIAAAAAAAP///yH5BAEAAAAALAAAAAABAAEAAAIBRAA7","1042","O/L Passed🎉✌️ #olresults #resultsday #foryoupage #tiktok #trendiing #noname😎❤ #srilankan_tik_tok🇱🇰 #srilanka #viralvideo #fyppppppppppppppppppppppp #fypシ゚viral #share #like #trending #olresult #colombo","https://www.tiktok.com/@ozair.the.master","https://p16-sign-sg.tiktokcdn.com/tos-alisg-avt-0068/18e632a0764fac862c5b74da435bc883~tplv-tiktokx-cropcenter:100:100.jpeg?dr=14579&refresh_token=15b68f45&x-expires=1759932000&x-signature=vTP5f6afMLa0YE1dlQhOEdT2%2Bzg%3D&t=4d5b0474&ps=13740610&shp=a5d48078&shcp=81f88b70&idc=my2","ozair.the.master","47.6K"
"https://www.tiktok.com/@muaa_editz/video/7417783728044395794","https://p16-sign-sg.tiktokcdn.com/tos-alisg-p-0037/oceArBiKwYBVRHgkFWFTiPxBf0UBjmIEQOEJ7M~tplv-photomode-zoomcover:720:720.jpeg?dr=14555&x-expires=1759932000&x-signature=gKsKCskraoatwrimprQVmblVygc%3D&t=4d5b0474&ps=13740610&shp=81f88b70&shcp=0d52deaf&idc=sg1&ftpl=1","17.2K","Sajith Onaaa😂🦎  #Sajith #Sajith_Premadhasa #Election #Votes #Srilanka #Sl #Trend #Funny #New #Trending","https://www.tiktok.com/@muaa_editz","https://p16-sign-sg.tiktokcdn.com/tos-alisg-avt-0068/8eaad1dafe93f59cfca8ddfec3316489~tplv-tiktokx-cropcenter:100:100.jpeg?dr=14579&refresh_token=9ae0bedd&x-expires=1759932000&x-signature=5pz4uoH9ynAvotOTzIz4Xr%2BwOeI%3D&t=4d5b0474&ps=13740610&shp=a5d48078&shcp=81f88b70&idc=my2","muaa_editz","359.7K"
"https://www.tiktok.com/@ozair.the.master/video/7307557230851869960","https://p16-sign-sg.tiktokcdn.com/tos-alisg-p-0037/85625bf6281d4c7d9ddebc0960171182_1701423256~tplv-photomode-zoomcover:720:720.jpeg?dr=14555&x-expires=1759932000&x-signature=c1OPejfoxIrxJ4DdJYGSCHpFD1o%3D&t=4d5b0474&ps=13740610&shp=81f88b70&shcp=0d52deaf&idc=sg1&ftpl=1","1042","O/L Passed🎉✌️ #olresults #resultsday #foryoupage #tiktok #trendiing #noname😎❤ #srilankan_tik_tok🇱🇰 #srilanka #viralvideo #fyppppppppppppppppppppppp #fypシ゚viral #share #like #trending #olresult #colombo","https://www.tiktok.com/@ozair.the.master","https://p16-sign-sg.tiktokcdn.com/tos-alisg-avt-0068/18e632a0764fac862c5b74da435bc883~tplv-tiktokx-cropcenter:100:100.jpeg?dr=14579&refresh_token=15b68f45&x-expires=1759932000&x-signature=vTP5f6afMLa0YE1dlQhOEdT2%2Bzg%3D&t=4d5b0474&ps=13740610&shp=a5d48078&shcp=81f88b70&idc=my2","ozair.the.master","47.6K"
"https://www.tiktok.com/@irushi.rathnayake/video/7497653059208744199","https://p16-sign-sg.tiktokcdn.com/tos-alisg-p-0037/o4gQCaQlIb3LqQBALACIGEQUjZeYGDBAIefQUo~tplv-photomode-zoomcover:720:720.jpeg?dr=14555&x-expires=1759932000&x-signature=amvpLlKpCbbZ3elgfTL0kwNj7KQ%3D&t=4d5b0474&ps=13740610&shp=81f88b70&shcp=0d52deaf&idc=sg1&ftpl=1","10.6K","2k24 A/L result day Behind every milestone is a story of love, patience, and support🪽🥂 To my teachers who lit the path, Ammi, Appachchi, and Malli who never let me give up, my friends and family who cheered me on, and every kind soul who wished me well🥺 — this moment belongs to all of us🍓📖 Thank you from the bottom of my heart. This is just the beginning🫠#alresult #2024 #biology #resultday #fyp #srilanka #trending","https://www.tiktok.com/@irushi.rathnayake","https://p16-sign-sg.tiktokcdn.com/tos-alisg-avt-0068/78de4bd8f5fc581d2138c6518024955a~tplv-tiktokx-cropcenter:100:100.jpeg?dr=14579&refresh_token=311e8ccf&x-expires=1759932000&x-signature=7yUN3IGAcBJVrwDVeLbltp%2FMXas%3D&t=4d5b0474&ps=13740610&shp=a5d48078&shcp=81f88b70&idc=my2","irushi.rathnayake","218.5K"
"https://www.tiktok.com/@_hiru_nk_/video/7425224905056079105","https://p16-sign-sg.tiktokcdn.com/tos-alisg-p-0037/ocRB8FBFAp2fUfCttn8LAEcL17EEI680D6sKEg~tplv-photomode-zoomcover:720:720.jpeg?dr=14555&x-expires=1759932000&x-signature=oZZqk7LrYFbfV2fPIWSGHbGLvZ4%3D&t=4d5b0474&ps=13740610&shp=81f88b70&shcp=0d52deaf&idc=sg1&ftpl=1","102","#fyp #sagalarathnayake #genaralelection2024 #sr #gascylinder #politicssrilanka🇱🇰 #2024 #colombo #maharagama #viral #voteforsagala #vote #_hiru_nk🤫 @Vimukthi @Supun A Marasinghe @Sagala Ratnayaka","https://www.tiktok.com/@_hiru_nk_","https://p16-sign-sg.tiktokcdn.com/tos-alisg-avt-0068/eb6e344949f7a6bbf19b3d6c2e9dedca~tplv-tiktokx-cropcenter:100:100.jpeg?dr=14579&refresh_token=945a1561&x-expires=1759932000&x-signature=OiJoVzzIpdR14LIJ252TYSDOmLU%3D&t=4d5b0474&ps=13740610&shp=a5d48078&shcp=81f88b70&idc=my2","_hiru_nk_","2981"
"https://www.tiktok.com/@mewo777_/video/7498477497814715656","https://p16-sign-sg.tiktokcdn.com/tos-alisg-p-0037/ogZemMPigAQRhrCR6G8QTfHeYQoGAfXsgPFWE8~tplv-photomode-zoomcover:720:720.jpeg?dr=14555&x-expires=1759932000&x-signature=DX0S5HykcBqwYUfizQb83xaFpVk%3D&t=4d5b0474&ps=13740610&shp=81f88b70&shcp=0d52deaf&idc=sg1&ftpl=1","17.8K","මේවා දකිද්දී මටත් නිහතමානී සතුටක් එනවා මොකද මමත් මේ වගේම එයාලව සතුටු කලා නේද කියල හිතෙනකොට මට මාර සතුටක් එන්නේ මෙවා දකින වාරයක් පාසා 🥹🤍 #fyp #happy #results #parentshappymoments🎉🎊🎉🎊 #familyhappy #fyp #viral #onemillionaudition #srilankan_tik_tok🇱🇰 #foryou #foryoupage #trending #humblehappy #viral #happinessafterfinalexam❤️ #lovethis #amma #amma #thaththa #thatta #feelings","https://www.tiktok.com/@mewo777_","https://p16-sign-sg.tiktokcdn.com/tos-alisg-avt-0068/9642c6e68ae34f9bcd34e725dbb10873~tplv-tiktokx-cropcenter:100:100.jpeg?dr=14579&refresh_token=228aeb02&x-expires=1759932000&x-signature=iIUjNmV5kIzw0accnB3wYWTNdEw%3D&t=4d5b0474&ps=13740610&shp=a5d48078&shcp=81f88b70&idc=my2","mewo777_","281.8K"
"https://www.tiktok.com/@neyanmedia/video/7437387662538886418","https://p16-sign-sg.tiktokcdn.com/tos-alisg-p-0037/oYIWoPIAoQALeIc0Bfj1bbewi1GsDCCQSDVO6t~tplv-photomode-zoomcover:720:720.jpeg?dr=14555&x-expires=1759932000&x-signature=ySF92WITm1gf1tFyNcJ7JOKoTSE%3D&t=4d5b0474&ps=13740610&shp=81f88b70&shcp=0d52deaf&idc=sg1&ftpl=1","71","யாழ்ப்பாணம் தேர்தல் மாவட்டம் #Jaffna #Electoral #District #Results #Tamil #Tamils #Srilanka #parliament #Election #2024","https://www.tiktok.com/@neyanmedia","https://p16-sign-sg.tiktokcdn.com/tos-alisg-avt-0068/c7762b39ad477a3d3c512f55b3295f96~tplv-tiktokx-cropcenter:100:100.jpeg?dr=14579&refresh_token=a74dd88c&x-expires=1759932000&x-signature=MbYCxQZ4eDIUpvqYqfA8kYWWo94%3D&t=4d5b0474&ps=13740610&shp=a5d48078&shcp=81f88b70&idc=my2","neyanmedia","1414"