year,district,candidate,votes,total_votes
2024,Colombo,Anura Kumara Dissanayake,629963.0,1334391.0
2024,Gampaha,Anura Kumara Dissanayake,809410.0,1458390.0
2024,Kaluthara,Anura Kumara Dissanayake,387764.0,817519.0
2024,Mahanuwara,Anura Kumara Dissanayake,394534.0,933517.0
2024,Matale,Anura Kumara Dissanayake,140544.0,339735.0
2024,Nuwara-Eliya,Anura Kumara Dissanayake,105057.0,473936.0
2024,Galle,Anura Kumara Dissanayake,366721.0,712821.0
2024,Matara,Anura Kumara Dissanayake,287662.0,548330.0
2024,Hambanthota,Anura Kumara Dissanayake,221913.0,427063.0
2024,Jaffna,Anura Kumara Dissanayake,27086.0,371689.0
2024,Vanni,Anura Kumara Dissanayake,21412.0,217270.0
2024,Batticalo,Anura Kumara Dissanayake,38832.0,318649.0
2024,Digamadulla,Anura Kumara Dissanayake,108971.0,423398.0
2024,Trincomalee,Anura Kumara Dissanayake,49886.0,239462.0
2024,Kurunegala,Anura Kumara Dissanayake,544763.0,1130294.0
2024,Puttalam,Anura Kumara Dissanayake,207134.0,470096.0
2024,Anuradapura,Anura Kumara Dissanayake,285944.0,603687.0
2024,Polonnaruwa,Anura Kumara Dissanayake,130880.0,283802.0
2024,Badulla,Anura Kumara Dissanayake,197283.0,568925.0
2024,Moneragala,Anura Kumara Dissanayake,140269.0,335083.0
2024,Rathnapura,Anura Kumara Dissanayake,291708.0,741901.0
2024,Kegalle,Anura Kumara Dissanayake,247179.0,569680.0
2024,Sri Lanka,Anura Kumara Dissanayake,5634915.0,13319617.0
2024,Colombo,Akd%,0.47209811224604503,1334391.0
2024,Gampaha,Akd%,0.5550028147496998,1458390.0
2024,Kaluthara,Akd%,0.4743186082752918,817519.0
2024,Mahanuwara,Akd%,0.4226322848242558,933517.0
2024,Matale,Akd%,0.41368835618454436,339735.0
2024,Nuwara-Eliya,Akd%,0.22166963824153102,473936.0
2024,Galle,Akd%,0.5144650823489801,712821.0
2024,Matara,Akd%,0.5246156960510934,548330.0
2024,Hambanthota,Akd%,0.5196271267403796,427063.0
2024,Jaffna,Akd%,0.0728729472030305,371689.0
2024,Vanni,Akd%,0.09855064459264783,217270.0
2024,Batticalo,Akd%,0.12186487911425774,318649.0
2024,Digamadulla,Akd%,0.25737310373006894,423398.0
2024,Trincomalee,Akd%,0.2083261992558287,239462.0
2024,Kurunegala,Akd%,0.4819661804505557,1130294.0
2024,Puttalam,Akd%,0.44062157648985845,470096.0
2024,Anuradapura,Akd%,0.47366346080578314,603687.0
2024,Polonnaruwa,Akd%,0.4611682129379389,283802.0
2024,Badulla,Akd%,0.3467651215276557,568925.0
2024,Moneragala,Akd%,0.41861096686781146,335083.0
2024,Rathnapura,Akd%,0.3931904569348969,741901.0
2024,Kegalle,Akd%,0.43389171796748693,569680.0
2024,Sri Lanka,Akd%,0.4230538628140631,13319617.0
2024,Colombo,Sajith Premadasa,342108.0,1334391.0
2024,Gampaha,Sajith Premadasa,349550.0,1458390.0
2024,Kaluthara,Sajith Premadasa,236307.0,817519.0
2024,Mahanuwara,Sajith Premadasa,323998.0,933517.0
2024,Matale,Sajith Premadasa,121803.0,339735.0
2024,Nuwara-Eliya,Sajith Premadasa,201814.0,473936.0
2024,Galle,Sajith Premadasa,189555.0,712821.0
2024,Matara,Sajith Premadasa,147462.0,548330.0
2024,Hambanthota,Sajith Premadasa,131503.0,427063.0
2024,Jaffna,Sajith Premadasa,121177.0,371689.0
2024,Vanni,Sajith Premadasa,95422.0,217270.0
2024,Batticalo,Sajith Premadasa,139110.0,318649.0
2024,Digamadulla,Sajith Premadasa,200384.0,423398.0
2024,Trincomalee,Sajith Premadasa,120588.0,239462.0
2024,Kurunegala,Sajith Premadasa,368290.0,1130294.0
2024,Puttalam,Sajith Premadasa,173382.0,470096.0
2024,Anuradapura,Sajith Premadasa,202289.0,603687.0
2024,Polonnaruwa,Sajith Premadasa,100730.0,283802.0
2024,Badulla,Sajith Premadasa,219674.0,568925.0
2024,Moneragala,Sajith Premadasa,134238.0,335083.0
2024,Rathnapura,Sajith Premadasa,257721.0,741901.0
2024,Kegalle,Sajith Premadasa,185930.0,569680.0
2024,Sri Lanka,Sajith Premadasa,4363035.0,13319617.0
2024,Colombo,Sp%,0.25637782057719255,1334391.0
2024,Gampaha,Sp%,0.23968227955641463,1458390.0
2024,Kaluthara,Sp%,0.2890541859628779,817519.0
2024,Mahanuwara,Sp%,0.3470727871830799,933517.0
2024,Matale,Sp%,0.35852461043051326,339735.0
2024,Nuwara-Eliya,Sp%,0.42582632639496976,473936.0
2024,Galle,Sp%,0.26592267332566427,712821.0
2024,Matara,Sp%,0.2689297848554426,548330.0
2024,Hambanthota,Sp%,0.30792484463614184,427063.0
2024,Jaffna,Sp%,0.32601805815630314,371689.0
2024,Vanni,Sp%,0.4391882873304521,217270.0
2024,Batticalo,Sp%,0.4365632296452512,318649.0
2024,Digamadulla,Sp%,0.47327685363854727,423398.0
2024,Trincomalee,Sp%,0.5035809589035375,239462.0
2024,Kurunegala,Sp%,0.32583586733705333,1130294.0
2024,Puttalam,Sp%,0.36882332294536213,470096.0
2024,Anuradapura,Sp%,0.33508976520906564,603687.0
2024,Polonnaruwa,Sp%,0.35493180080408454,283802.0
2024,Badulla,Sp%,0.38612187216570226,568925.0
2024,Moneragala,Sp%,0.40061238741561767,335083.0
2024,Rathnapura,Sp%,0.3473797007682976,741901.0
2024,Kegalle,Sp%,0.3263767841187757,569680.0
2024,Sri Lanka,Sp%,0.327564623484641,13319617.0
2024,Colombo,Ranil Wickramasinghe,281436.0,1334391.0
2024,Gampaha,Ranil Wickramasinghe,216028.0,1458390.0
2024,Kaluthara,Ranil Wickramasinghe,143285.0,817519.0
2024,Mahanuwara,Ranil Wickramasinghe,162707.0,933517.0
2024,Matale,Ranil Wickramasinghe,53829.0,339735.0
2024,Nuwara-Eliya,Ranil Wickramasinghe,138619.0,473936.0
2024,Galle,Ranil Wickramasinghe,107336.0,712821.0
2024,Matara,Ranil Wickramasinghe,79249.0,548330.0
2024,Hambanthota,Ranil Wickramasinghe,33217.0,427063.0
2024,Jaffna,Ranil Wickramasinghe,84558.0,371689.0
2024,Vanni,Ranil Wickramasinghe,52573.0,217270.0
2024,Batticalo,Ranil Wickramasinghe,91132.0,318649.0
2024,Digamadulla,Ranil Wickramasinghe,86589.0,423398.0
2024,Trincomalee,Ranil Wickramasinghe,40496.0,239462.0
2024,Kurunegala,Ranil Wickramasinghe,146520.0,1130294.0
2024,Puttalam,Ranil Wickramasinghe,60719.0,470096.0
2024,Anuradapura,Ranil Wickramasinghe,82152.0,603687.0
2024,Polonnaruwa,Ranil Wickramasinghe,36908.0,283802.0
2024,Badulla,Ranil Wickramasinghe,115138.0,568925.0
2024,Moneragala,Ranil Wickramasinghe,35728.0,335083.0
2024,Rathnapura,Ranil Wickramasinghe,145038.0,741901.0
2024,Kegalle,Ranil Wickramasinghe,106510.0,569680.0
2024,Sri Lanka,Ranil Wickramasinghe,2299767.0,13319617.0
2024,Colombo,Rw%,0.21090985394075196,1334391.0
2024,Gampaha,Rw%,0.14812783146334757,1458390.0
2024,Kaluthara,Rw%,0.17526831213502334,817519.0
2024,Mahanuwara,Rw%,0.17429481658589677,933517.0
2024,Matale,Rw%,0.15844454779327355,339735.0
2024,Nuwara-Eliya,Rw%,0.2924852564170192,473936.0
2024,Galle,Rw%,0.15057938890603517,712821.0
2024,Matara,Rw%,0.14452819383982973,548330.0
2024,Hambanthota,Rw%,0.07778027546351583,427063.0
2024,Jaffna,Rw%,0.22749725576289792,371689.0
2024,Vanni,Rw%,0.24197193340973633,217270.0
2024,Batticalo,Rw%,0.2859958323918556,318649.0
2024,Digamadulla,Rw%,0.2045101878378921,423398.0
2024,Trincomalee,Rw%,0.16911313324507957,239462.0
2024,Kurunegala,Rw%,0.12963010476044706,1130294.0
2024,Puttalam,Rw%,0.12916325423584596,470096.0
2024,Anuradapura,Rw%,0.1360839906838986,603687.0
2024,Polonnaruwa,Rw%,0.13004887227317732,283802.0
2024,Badulla,Rw%,0.2023785250754055,568925.0
2024,Moneragala,Rw%,0.10662464710130655,335083.0
2024,Rathnapura,Rw%,0.19549534977759805,741901.0
2024,Kegalle,Rw%,0.18696493990475338,569680.0
2024,Sri Lanka,Rw%,0.1726601577703141,13319617.0
2024,Colombo,Namal Rajapakshe,30432.0,1334391.0
2024,Gampaha,Namal Rajapakshe,41193.0,1458390.0
2024,Kaluthara,Namal Rajapakshe,22727.0,817519.0
2024,Mahanuwara,Namal Rajapakshe,19403.0,933517.0
2024,Matale,Namal Rajapakshe,10327.0,339735.0
2024,Nuwara-Eliya,Namal Rajapakshe,8821.0,473936.0
2024,Galle,Namal Rajapakshe,24382.0,712821.0
2024,Matara,Namal Rajapakshe,14962.0,548330.0
2024,Hambanthota,Namal Rajapakshe,26707.0,427063.0
2024,Jaffna,Namal Rajapakshe,800.0,371689.0
2024,Vanni,Namal Rajapakshe,1079.0,217270.0
2024,Batticalo,Namal Rajapakshe,559.0,318649.0
2024,Digamadulla,Namal Rajapakshe,7570.0,423398.0
2024,Trincomalee,Namal Rajapakshe,2183.0,239462.0
2024,Kurunegala,Namal Rajapakshe,38730.0,1130294.0
2024,Puttalam,Namal Rajapakshe,13285.0,470096.0
2024,Anuradapura,Namal Rajapakshe,15029.0,603687.0
2024,Polonnaruwa,Namal Rajapakshe,5594.0,283802.0
2024,Badulla,Namal Rajapakshe,13869.0,568925.0
2024,Moneragala,Namal Rajapakshe,12832.0,335083.0
2024,Rathnapura,Namal Rajapakshe,20575.0,741901.0
2024,Kegalle,Namal Rajapakshe,11722.0,569680.0
2024,Sri Lanka,Namal Rajapakshe,342781.0,13319617.0
2024,Colombo,Nr%,0.022805926303404552,1334391.0
2024,Gampaha,Nr%,0.028245550398419077,1458390.0
2024,Kaluthara,Nr%,0.027799999510714136,817519.0
2024,Mahanuwara,Nr%,0.02078486067726745,933517.0
2024,Matale,Nr%,0.030397310837302124,339735.0
2024,Nuwara-Eliya,Nr%,0.01861225695506768,473936.0
2024,Galle,Nr%,0.03420498863668247,712821.0
2024,Matara,Nr%,0.027286537826742705,548330.0
2024,Hambanthota,Nr%,0.06253658719342858,427063.0
2024,Jaffna,Nr%,0.0021523428251651925,371689.0
2024,Vanni,Nr%,0.004966193980733561,217270.0
2024,Batticalo,Nr%,0.0017542868619919159,318649.0
2024,Digamadulla,Nr%,0.017879200844597386,423398.0
2024,Trincomalee,Nr%,0.009116307039559677,239462.0
2024,Kurunegala,Nr%,0.03426545152451621,1130294.0
2024,Puttalam,Nr%,0.028260245269573173,470096.0
2024,Anuradapura,Nr%,0.024895392637894535,603687.0
2024,Polonnaruwa,Nr%,0.019710994675846808,283802.0
2024,Badulla,Nr%,0.024377597007684684,568925.0
2024,Moneragala,Nr%,0.03829510388501919,335083.0
2024,Rathnapura,Nr%,0.02773284809273487,741901.0
2024,Kegalle,Nr%,0.02057650009917866,569680.0
2024,Sri Lanka,Nr%,0.025735051220695852,13319617.0
2024,Colombo,P Ariyanethiran,3168.0,1334391.0
2024,Gampaha,P Ariyanethiran,731.0,1458390.0
2024,Kaluthara,P Ariyanethiran,215.0,817519.0
2024,Mahanuwara,P Ariyanethiran,433.0,933517.0
2024,Matale,P Ariyanethiran,203.0,339735.0
2024,Nuwara-Eliya,P Ariyanethiran,793.0,473936.0
2024,Galle,P Ariyanethiran,165.0,712821.0
2024,Matara,P Ariyanethiran,115.0,548330.0
2024,Hambanthota,P Ariyanethiran,103.0,427063.0
2024,Jaffna,P Ariyanethiran,116688.0,371689.0
2024,Vanni,P Ariyanethiran,36377.0,217270.0
2024,Batticalo,P Ariyanethiran,36905.0,318649.0
2024,Digamadulla,P Ariyanethiran,9985.0,423398.0
2024,Trincomalee,P Ariyanethiran,18524.0,239462.0
2024,Kurunegala,P Ariyanethiran,225.0,1130294.0
2024,Puttalam,P Ariyanethiran,375.0,470096.0
2024,Anuradapura,P Ariyanethiran,155.0,603687.0
2024,Polonnaruwa,P Ariyanethiran,160.0,283802.0
2024,Badulla,P Ariyanethiran,446.0,568925.0
2024,Moneragala,P Ariyanethiran,122.0,335083.0
2024,Rathnapura,P Ariyanethiran,250.0,741901.0
2024,Kegalle,P Ariyanethiran,205.0,569680.0
2024,Sri Lanka,P Ariyanethiran,226343.0,13319617.0
2024,Colombo,Pa%,0.0023741185110799693,1334391.0
2024,Gampaha,Pa%,0.0005012380098862512,1458390.0
2024,Kaluthara,Pa%,0.0002629911512651709,817519.0
2024,Mahanuwara,Pa%,0.00046383779174647246,933517.0
2024,Matale,Pa%,0.0005975262999876374,339735.0
2024,Nuwara-Eliya,Pa%,0.0016732252313080907,473936.0
2024,Galle,Pa%,0.00023147498667265229,712821.0
2024,Matara,Pa%,0.0002097281011947207,548330.0
2024,Hambanthota,Pa%,0.0002411827790812575,427063.0
2024,Jaffna,Pa%,0.31394072447859495,371689.0
2024,Vanni,Pa%,0.16742839521514805,217270.0
2024,Batticalo,Pa%,0.1158174537420602,318649.0
2024,Digamadulla,Pa%,0.023583067428441865,423398.0
2024,Trincomalee,Pa%,0.07735706440714772,239462.0
2024,Kurunegala,Pa%,0.00019906342868619023,1130294.0
2024,Puttalam,Pa%,0.0007977111009476808,470096.0
2024,Anuradapura,Pa%,0.00025675599566662137,603687.0
2024,Polonnaruwa,Pa%,0.0005637753214400231,283802.0
2024,Badulla,Pa%,0.0007839359914505276,568925.0
2024,Moneragala,Pa%,0.00036408998394422856,335083.0
2024,Rathnapura,Pa%,0.0003369726378218089,741901.0
2024,Kegalle,Pa%,0.00035985177617570596,569680.0
2024,Sri Lanka,Pa%,0.016993207611991218,13319617.0
2024,Colombo,Dilith Jayaweera,26356.0,1334391.0
2024,Gampaha,Dilith Jayaweera,17143.0,1458390.0
2024,Kaluthara,Dilith Jayaweera,10261.0,817519.0
2024,Mahanuwara,Dilith Jayaweera,9098.0,933517.0
2024,Matale,Dilith Jayaweera,2835.0,339735.0
2024,Nuwara-Eliya,Dilith Jayaweera,2003.0,473936.0
2024,Galle,Dilith Jayaweera,8263.0,712821.0
2024,Matara,Dilith Jayaweera,7316.0,548330.0
2024,Hambanthota,Dilith Jayaweera,2978.0,427063.0
2024,Jaffna,Dilith Jayaweera,495.0,371689.0
2024,Vanni,Dilith Jayaweera,229.0,217270.0
2024,Batticalo,Dilith Jayaweera,211.0,318649.0
2024,Digamadulla,Dilith Jayaweera,800.0,423398.0
2024,Trincomalee,Dilith Jayaweera,874.0,239462.0
2024,Kurunegala,Dilith Jayaweera,7532.0,1130294.0
2024,Puttalam,Dilith Jayaweera,3003.0,470096.0
2024,Anuradapura,Dilith Jayaweera,3696.0,603687.0
2024,Polonnaruwa,Dilith Jayaweera,1727.0,283802.0
2024,Badulla,Dilith Jayaweera,3042.0,568925.0
2024,Moneragala,Dilith Jayaweera,2286.0,335083.0
2024,Rathnapura,Dilith Jayaweera,7629.0,741901.0
2024,Kegalle,Dilith Jayaweera,4619.0,569680.0
2024,Sri Lanka,Dilith Jayaweera,122396.0,13319617.0
2024,Colombo,Dj%,0.019751347057456965,1334391.0
2024,Gampaha,Dj%,0.01175475130435021,1458390.0
2024,Kaluthara,Dj%,0.012551405595962413,817519.0
2024,Mahanuwara,Dj%,0.009745949721268837,933517.0
2024,Matale,Dj%,0.008344763844654936,339735.0
2024,Nuwara-Eliya,Dj%,0.004226317954993828,473936.0
2024,Galle,Dj%,0.011591986756825006,712821.0
2024,Matara,Dj%,0.013342354681222406,548330.0
2024,Hambanthota,Dj%,0.006973226369941601,427063.0
2024,Jaffna,Dj%,0.0013317621230709627,371689.0
2024,Vanni,Dj%,0.00105399297644855,217270.0
2024,Batticalo,Dj%,0.0006621726795711883,318649.0
2024,Digamadulla,Dj%,0.001889479613695893,423398.0
2024,Trincomalee,Dj%,0.003649863652118717,239462.0
2024,Kurunegala,Dj%,0.006663758866063932,1130294.0
2024,Puttalam,Dj%,0.006388070496389028,470096.0
2024,Anuradapura,Dj%,0.006122388128927953,603687.0
2024,Polonnaruwa,Dj%,0.00608524987579325,283802.0
2024,Badulla,Dj%,0.005346935618817276,568925.0
2024,Moneragala,Dj%,0.0068222106827582505,335083.0
2024,Rathnapura,Dj%,0.010283057015770319,741901.0
2024,Kegalle,Dj%,0.00810807489831993,569680.0
2024,Sri Lanka,Dj%,0.009189153801430911,13319617.0
2024,Colombo,Others,20927.0,1334391.0
2024,Gampaha,Others,24334.0,1458390.0
2024,Kaluthara,Others,16959.0,817519.0
2024,Mahanuwara,Others,23343.0,933517.0
2024,Matale,Others,10193.0,339735.0
2024,Nuwara-Eliya,Others,16828.0,473936.0
2024,Galle,Others,16398.0,712821.0
2024,Matara,Others,11563.0,548330.0
2024,Hambanthota,Others,10641.0,427063.0
2024,Jaffna,Others,20884.0,371689.0
2024,Vanni,Others,10177.0,217270.0
2024,Batticalo,Others,11899.0,318649.0
2024,Digamadulla,Others,9098.0,423398.0
2024,Trincomalee,Others,6910.0,239462.0
2024,Kurunegala,Others,24233.0,1130294.0
2024,Puttalam,Others,12197.0,470096.0
2024,Anuradapura,Others,14421.0,603687.0
2024,Polonnaruwa,Others,7802.0,283802.0
2024,Badulla,Others,19472.0,568925.0
2024,Moneragala,Others,9607.0,335083.0
2024,Rathnapura,Others,18979.0,741901.0
2024,Kegalle,Others,13514.0,569680.0
2024,Sri Lanka,Others,330379.0,13319617.0
2024,Colombo,Ot%,0.015682821364068976,1334391.0
2024,Gampaha,Ot%,0.016685534517882402,1458390.0
2024,Kaluthara,Ot%,0.020744497368865272,817519.0
2024,Mahanuwara,Ot%,0.025005463216484773,933517.0
2024,Matale,Ot%,0.030002884609724077,339735.0
2024,Nuwara-Eliya,Ot%,0.035506978805110403,473936.0
2024,Galle,Ot%,0.023004405039140315,712821.0
2024,Matara,Ot%,0.021087704644474393,548330.0
2024,Hambanthota,Ot%,0.024916756817511276,427063.0
2024,Jaffna,Ot%,0.05618690945093734,371689.0
2024,Vanni,Ot%,0.04684055249483359,217270.0
2024,Batticalo,Ot%,0.037342145565012176,318649.0
2024,Digamadulla,Ot%,0.02148810690675654,423398.0
2024,Trincomalee,Ot%,0.02885647349672807,239462.0
2024,Kurunegala,Ot%,0.021439573632677546,1130294.0
2024,Puttalam,Ot%,0.025945819462023633,470096.0
2024,Anuradapura,Ot%,0.02388824653876353,603687.0
2024,Polonnaruwa,Ot%,0.027491094111719128,283802.0
2024,Badulla,Ot%,0.03422601261328402,568925.0
2024,Moneragala,Ot%,0.028670594063542654,335083.0
2024,Rathnapura,Ot%,0.025581614772880443,741901.0
2024,Kegalle,Ot%,0.02372213123530971,569680.0
2024,Sri Lanka,Ot%,0.024803943296863813,13319617.0
2019,Colombo,Gotabaya Rajapakshe,727713.0,1368178.0
2019,Gampaha,Gotabaya Rajapakshe,855870.0,1443801.0
2019,Kaluthara,Gotabaya Rajapakshe,482920.0,811764.0
2019,Mahanuwara,Gotabaya Rajapakshe,471502.0,934876.0
2019,Matale,Gotabaya Rajapakshe,187821.0,339222.0
2019,Nuwara-Eliya,Gotabaya Rajapakshe,175823.0,476865.0
2019,Galle,Gotabaya Rajapakshe,466148.0,725359.0
2019,Matara,Gotabaya Rajapakshe,374481.0,556869.0
2019,Hambanthota,Gotabaya Rajapakshe,278804.0,421375.0
2019,Jaffna,Gotabaya Rajapakshe,23261.0,372914.0
2019,Vanni,Gotabaya Rajapakshe,26105.0,212779.0
2019,Batticalo,Gotabaya Rajapakshe,38460.0,303222.0
2019,Digamadulla,Gotabaya Rajapakshe,135058.0,411571.0
2019,Trincomalee,Gotabaya Rajapakshe,54135.0,231411.0
2019,Kurunegala,Gotabaya Rajapakshe,652278.0,1126611.0
2019,Puttalam,Gotabaya Rajapakshe,230760.0,453977.0
2019,Anuradapura,Gotabaya Rajapakshe,342223.0,580347.0
2019,Polonnaruwa,Gotabaya Rajapakshe,147340.0,277925.0
2019,Badulla,Gotabaya Rajapakshe,276211.0,560346.0
2019,Moneragala,Gotabaya Rajapakshe,208814.0,319605.0
2019,Rathnapura,Gotabaya Rajapakshe,448044.0,747672.0
2019,Kegalle,Gotabaya Rajapakshe,320484.0,575832.0
2019,Sri Lanka,Gotabaya Rajapakshe,6924255.0,13252500.0
2019,Colombo,%,0.5318851288977962,1368178.0
2019,Gampaha,%,0.5927898600914254,1443801.0
2019,Kaluthara,%,0.594902699433209,811764.0
2019,Mahanuwara,%,0.5043476400588314,934876.0
2019,Matale,%,0.5536832920131713,339222.0
2019,Nuwara-Eliya,%,0.3687068011005234,476865.0
2019,Galle,%,0.6426454247419895,725359.0
2019,Matara,%,0.6724771400044535,556869.0
2019,Hambanthota,%,0.6616544922088217,421375.0
2019,Jaffna,%,0.062376479232421504,372914.0
2019,Vanni,%,0.12268655594093374,212779.0
2019,Batticalo,%,0.12683818073286482,303222.0
2019,Digamadulla,%,0.3281531695701825,411571.0
2019,Trincomalee,%,0.2339354392636446,231411.0
2019,Kurunegala,%,0.5789740904128314,1126611.0
2019,Puttalam,%,0.5083088092762613,453977.0
2019,Anuradapura,%,0.5896878758533702,580347.0
2019,Polonnaruwa,%,0.530144931707949,277925.0
2019,Badulla,%,0.4929302483291544,560346.0
2019,Moneragala,%,0.65335227343838,319605.0
2019,Rathnapura,%,0.5992528799431835,747672.0
2019,Kegalle,%,0.5565591293278758,575832.0
2019,Sri Lanka,%,0.5224867400480467,13252500.0
2019,Colombo,Sajith Premadasa,559921.0,1368178.0
2019,Gampaha,Sajith Premadasa,494671.0,1443801.0
2019,Kaluthara,Sajith Premadasa,284213.0,811764.0
2019,Mahanuwara,Sajith Premadasa,417355.0,934876.0
2019,Matale,Sajith Premadasa,134291.0,339222.0
2019,Nuwara-Eliya,Sajith Premadasa,277913.0,476865.0
2019,Galle,Sajith Premadasa,217401.0,725359.0
2019,Matara,Sajith Premadasa,149026.0,556869.0
2019,Hambanthota,Sajith Premadasa,108906.0,421375.0
2019,Jaffna,Sajith Premadasa,312722.0,372914.0
2019,Vanni,Sajith Premadasa,174739.0,212779.0
2019,Batticalo,Sajith Premadasa,238649.0,303222.0
2019,Digamadulla,Sajith Premadasa,259673.0,411571.0
2019,Trincomalee,Sajith Premadasa,166841.0,231411.0
2019,Kurunegala,Sajith Premadasa,416961.0,1126611.0
2019,Puttalam,Sajith Premadasa,199356.0,453977.0
2019,Anuradapura,Sajith Premadasa,202348.0,580347.0
2019,Polonnaruwa,Sajith Premadasa,112473.0,277925.0
2019,Badulla,Sajith Premadasa,251706.0,560346.0
2019,Moneragala,Sajith Premadasa,92539.0,319605.0
2019,Rathnapura,Sajith Premadasa,264503.0,747672.0
2019,Kegalle,Sajith Premadasa,228032.0,575832.0
2019,Sri Lanka,Sajith Premadasa,5564239.0,13252500.0
2019,Colombo,% 1,0.40924602591623743,1368178.0
2019,Gampaha,% 1,0.3426173985316526,1443801.0
2019,Kaluthara,% 1,0.3501181995237526,811764.0
2019,Mahanuwara,% 1,0.4464286669340821,934876.0
2019,Matale,% 1,0.395880561639757,339222.0
2019,Nuwara-Eliya,% 1,0.5827929975842169,476865.0
2019,Galle,% 1,0.29971545085323387,725359.0
2019,Matara,% 1,0.2676145872989649,556869.0
2019,Hambanthota,% 1,0.2584544846146179,421375.0
2019,Jaffna,% 1,0.838592379455798,372914.0
2019,Vanni,% 1,0.8212268185620694,212779.0
2019,Batticalo,% 1,0.7870464116931215,303222.0
2019,Digamadulla,% 1,0.6309327696382147,411571.0
2019,Trincomalee,% 1,0.7209757573138585,231411.0
2019,Kurunegala,% 1,0.3701023424255066,1126611.0
2019,Puttalam,% 1,0.43913334625618977,453977.0
2019,Anuradapura,% 1,0.3486678636537514,580347.0
2019,Polonnaruwa,% 1,0.4046897713043854,277925.0
2019,Badulla,% 1,0.4491982617851502,560346.0
2019,Moneragala,% 1,0.28954268407153855,319605.0
2019,Rathnapura,% 1,0.3537692380739657,747672.0
2019,Kegalle,% 1,0.3960050778787526,575832.0
2019,Sri Lanka,% 1,0.4198633782202134,13252500.0
2019,Colombo,Anura Kumara Dissanayake,53803.0,1368178.0
2019,Gampaha,Anura Kumara Dissanayake,61760.0,1443801.0
2019,Kaluthara,Anura Kumara Dissanayake,27681.0,811764.0
2019,Mahanuwara,Anura Kumara Dissanayake,23539.0,934876.0
2019,Matale,Anura Kumara Dissanayake,8890.0,339222.0
2019,Nuwara-Eliya,Anura Kumara Dissanayake,5891.0,476865.0
2019,Galle,Anura Kumara Dissanayake,27006.0,725359.0
2019,Matara,Anura Kumara Dissanayake,23439.0,556869.0
2019,Hambanthota,Anura Kumara Dissanayake,26295.0,421375.0
2019,Jaffna,Anura Kumara Dissanayake,1375.0,372914.0
2019,Vanni,Anura Kumara Dissanayake,1156.0,212779.0
2019,Batticalo,Anura Kumara Dissanayake,2304.0,303222.0
2019,Digamadulla,Anura Kumara Dissanayake,7460.0,411571.0
2019,Trincomalee,Anura Kumara Dissanayake,3730.0,231411.0
2019,Kurunegala,Anura Kumara Dissanayake,36178.0,1126611.0
2019,Puttalam,Anura Kumara Dissanayake,12912.0,453977.0
2019,Anuradapura,Anura Kumara Dissanayake,22879.0,580347.0
2019,Polonnaruwa,Anura Kumara Dissanayake,12284.0,277925.0
2019,Badulla,Anura Kumara Dissanayake,14806.0,560346.0
2019,Moneragala,Anura Kumara Dissanayake,11235.0,319605.0
2019,Rathnapura,Anura Kumara Dissanayake,18887.0,747672.0
2019,Kegalle,Anura Kumara Dissanayake,15043.0,575832.0
2019,Sri Lanka,Anura Kumara Dissanayake,418553.0,13252500.0
2019,Colombo,% 2,0.03932459031251073,1368178.0
2019,Gampaha,% 2,0.042776007757307104,1443801.0
2019,Kaluthara,% 2,0.03409985426780969,811764.0
2019,Mahanuwara,% 2,0.025178767214868298,934876.0
2019,Matale,% 2,0.02620710392340097,339222.0
2019,Nuwara-Eliya,% 2,0.012353627029928869,476865.0
2019,Galle,% 2,0.03723127062774519,725359.0
2019,Matara,% 2,0.04209076477729013,556869.0
2019,Hambanthota,% 2,0.06240299591336912,421375.0
2019,Jaffna,% 2,0.0036871870918954285,372914.0
2019,Vanni,% 2,0.005432892498284597,212779.0
2019,Batticalo,% 2,0.007598418315354147,303222.0
2019,Digamadulla,% 2,0.018125713730349637,411571.0
2019,Trincomalee,% 2,0.01611857741670628,231411.0
2019,Kurunegala,% 2,0.03211226600154446,1126611.0
2019,Puttalam,% 2,0.02844203217791249,453977.0
2019,Anuradapura,% 2,0.039423033845326756,580347.0
2019,Polonnaruwa,% 2,0.04419913357608555,277925.0
2019,Badulla,% 2,0.026423007254459306,560346.0
2019,Moneragala,% 2,0.03515287668489756,319605.0
2019,Rathnapura,% 2,0.025261110836183296,747672.0
2019,Kegalle,% 2,0.02612398429400293,575832.0
2019,Sri Lanka,% 2,0.03158294899701558,13252500.0
2019,Colombo,Others,26740.0,1368178.0
2019,Gampaha,Others,31499.0,1443801.0
2019,Kaluthara,Others,16949.0,811764.0
2019,Mahanuwara,Others,22479.0,934876.0
2019,Matale,Others,8219.0,339222.0
2019,Nuwara-Eliya,Others,17237.0,476865.0
2019,Galle,Others,14803.0,725359.0
2019,Matara,Others,9922.0,556869.0
2019,Hambanthota,Others,7369.0,421375.0
2019,Jaffna,Others,35555.0,372914.0
2019,Vanni,Others,10778.0,212779.0
2019,Batticalo,Others,23808.0,303222.0
2019,Digamadulla,Others,9379.0,411571.0
2019,Trincomalee,Others,6704.0,231411.0
2019,Kurunegala,Others,21193.0,1126611.0
2019,Puttalam,Others,10948.0,453977.0
2019,Anuradapura,Others,12896.0,580347.0
2019,Polonnaruwa,Others,5827.0,277925.0
2019,Badulla,Others,17622.0,560346.0
2019,Moneragala,Others,7016.0,319605.0
2019,Rathnapura,Others,16237.0,747672.0
2019,Kegalle,Others,12272.0,575832.0
2019,Sri Lanka,Others,345452.0,13252500.0
2019,Colombo,% 3,0.0195442548734557,1368178.0
2019,Gampaha,% 3,0.021816733619614906,1443801.0
2019,Kaluthara,% 3,0.02087924677522873,811764.0
2019,Mahanuwara,% 3,0.02404492579221821,934876.0
2019,Matale,% 3,0.024229042423670705,339222.0
2019,Nuwara-Eliya,% 3,0.03614657428533083,476865.0
2019,Galle,% 3,0.02040785377703148,725359.0
2019,Matara,% 3,0.017817507919291466,556869.0
2019,Hambanthota,% 3,0.017488027263191368,421375.0
2019,Jaffna,% 3,0.09534395421988506,372914.0
2019,Vanni,% 3,0.05065373299871227,212779.0
2019,Batticalo,% 3,0.07851698925865952,303222.0
2019,Digamadulla,% 3,0.02278834706125325,411571.0
2019,Trincomalee,% 3,0.02897022600579059,231411.0
2019,Kurunegala,% 3,0.018811301160117522,1126611.0
2019,Puttalam,% 3,0.024115812289636458,453977.0
2019,Anuradapura,% 3,0.022221226647551634,580347.0
2019,Polonnaruwa,% 3,0.020966163411580144,277925.0
2019,Badulla,% 3,0.03144848263123611,560346.0
2019,Moneragala,% 3,0.021952165805183915,319605.0
2019,Rathnapura,% 3,0.021716771146667452,747672.0
2019,Kegalle,% 3,0.02131180849936874,575832.0
2019,Sri Lanka,% 3,0.02606693273472422,13252500.0
2015,Colombo,Maithreepala Sirisena,725073.0,1296361.0
2015,Gampaha,Maithreepala Sirisena,669007.0,1342497.0
2015,Kaluthara,Maithreepala Sirisena,349404.0,751985.0
2015,Mahanuwara,Maithreepala Sirisena,466994.0,855909.0
2015,Matale,Maithreepala Sirisena,145928.0,309023.0
2015,Nuwara-Eliya,Maithreepala Sirisena,272605.0,426767.0
2015,Galle,Maithreepala Sirisena,293994.0,677812.0
2015,Matara,Maithreepala Sirisena,212435.0,515151.0
2015,Hambanthota,Maithreepala Sirisena,138708.0,386077.0
2015,Jaffna,Maithreepala Sirisena,253574.0,340752.0
2015,Vanni,Maithreepala Sirisena,141417.0,180226.0
2015,Batticalo,Maithreepala Sirisena,209422.0,256587.0
2015,Digamadulla,Maithreepala Sirisena,233360.0,357818.0
2015,Trincomalee,Maithreepala Sirisena,140338.0,195357.0
2015,Kurunegala,Maithreepala Sirisena,476602.0,1041624.9999999999
2015,Puttalam,Maithreepala Sirisena,202073.0,403852.00000247615
2015,Anuradapura,Maithreepala Sirisena,238407.0,524634.0
2015,Polonnaruwa,Maithreepala Sirisena,147974.0,255997.0
2015,Badulla,Maithreepala Sirisena,249524.0,507071.0
2015,Moneragala,Maithreepala Sirisena,105276.0,281117.0
2015,Rathnapura,Maithreepala Sirisena,292514.0,680085.0
2015,Kegalle,Maithreepala Sirisena,252533.0,536772.0
2015,Sri Lanka,Maithreepala Sirisena,6217162.0,12123454.000000082
2015,Colombo,Ms%,0.5593145422567806,1296361.0
2015,Gampaha,Ms%,0.4983307212833409,1342497.0
2015,Kaluthara,Ms%,0.464642864741803,751985.0
2015,Mahanuwara,Ms%,0.545612378900536,855909.0
2015,Matale,Ms%,0.4722252784591388,309023.0
2015,Nuwara-Eliya,Ms%,0.6387692552827545,426767.0
2015,Galle,Ms%,0.43374037895519546,677812.0
2015,Matara,Ms%,0.4123750363971659,515151.0
2015,Hambanthota,Ms%,0.3592764118981755,386077.0
2015,Jaffna,Ms%,0.7441621594654161,340752.0
2015,Vanni,Ms%,0.784669163545568,180226.0
2015,Batticalo,Ms%,0.8161863858511377,256587.0
2015,Digamadulla,Ms%,0.6521769507876931,357818.0
2015,Trincomalee,Ms%,0.7183705645078728,195357.0
2015,Kurunegala,Ms%,0.4575566615208559,1041624.9999999999
2015,Puttalam,Ms%,0.50036647270026,403852.00000247615
2015,Anuradapura,Ms%,0.45442623700758433,524634.0
2015,Polonnaruwa,Ms%,0.5780324692573321,255997.0
2015,Badulla,Ms%,0.49208984952767865,507071.0
2015,Moneragala,Ms%,0.374493091819747,281117.0
2015,Rathnapura,Ms%,0.4301145152657613,680085.0
2015,Kegalle,Ms%,0.4704669216481516,536772.0
2015,Sri Lanka,Ms%,0.5128211007887853,12123454.000000082
2015,Colombo,Mahinda Rajapakshe,562614.0,1296361.0
2015,Gampaha,Mahinda Rajapakshe,664347.0,1342497.0
2015,Kaluthara,Mahinda Rajapakshe,395890.0,751985.0
2015,Mahanuwara,Mahinda Rajapakshe,378585.0,855909.0
2015,Matale,Mahinda Rajapakshe,158880.0,309023.0
2015,Nuwara-Eliya,Mahinda Rajapakshe,145339.0,426767.0
2015,Galle,Mahinda Rajapakshe,377126.0,677812.0
2015,Matara,Mahinda Rajapakshe,297823.0,515151.0
2015,Hambanthota,Mahinda Rajapakshe,243295.0,386077.0
2015,Jaffna,Mahinda Rajapakshe,74454.0,340752.0
2015,Vanni,Mahinda Rajapakshe,34377.0,180226.0
2015,Batticalo,Mahinda Rajapakshe,41631.0,256587.0
2015,Digamadulla,Mahinda Rajapakshe,121027.0,357818.0
2015,Trincomalee,Mahinda Rajapakshe,52111.0,195357.0
2015,Kurunegala,Mahinda Rajapakshe,556868.0,1041624.9999999999
2015,Puttalam,Mahinda Rajapakshe,197751.0,403852.00000247615
2015,Anuradapura,Mahinda Rajapakshe,281161.0,524634.0
2015,Polonnaruwa,Mahinda Rajapakshe,105640.0,255997.0
2015,Badulla,Mahinda Rajapakshe,249243.0,507071.0
2015,Moneragala,Mahinda Rajapakshe,172745.0,281117.0
2015,Rathnapura,Mahinda Rajapakshe,379053.0,680085.0
2015,Kegalle,Mahinda Rajapakshe,278130.0,536772.0
2015,Sri Lanka,Mahinda Rajapakshe,5768090.0,12123454.000000082
2015,Colombo,Mr%,0.4339951865222623,1296361.0
2015,Gampaha,Mr%,0.4948595750005959,1342497.0
2015,Kaluthara,Mr%,0.5264606693759442,751985.0
2015,Mahanuwara,Mr%,0.4423197352986536,855909.0
2015,Matale,Mr%,0.5141381519762347,309023.0
2015,Nuwara-Eliya,Mr%,0.34055899485900937,426767.0
2015,Galle,Mr%,0.5563881376962014,677812.0
2015,Matara,Mr%,0.5781287003785305,515151.0
2015,Hambanthota,Mr%,0.6301738517804785,386077.0
2015,Jaffna,Mr%,0.21849972560608774,340752.0
2015,Vanni,Mr%,0.19074490220557636,180226.0
2015,Batticalo,Mr%,0.16224969405969147,256587.0
2015,Digamadulla,Mr%,0.33823714356780143,357818.0
2015,Trincomalee,Mr%,0.26674890968283543,195357.0
2015,Kurunegala,Mr%,0.5346151778376842,1041624.9999999999
2015,Puttalam,Mr%,0.4896644793859106,403852.00000247615
2015,Anuradapura,Mr%,0.5359193950818953,524634.0
2015,Polonnaruwa,Mr%,0.412662697854654,255997.0
2015,Badulla,Mr%,0.49153568540832626,507071.0
2015,Moneragala,Mr%,0.6144972182301968,281117.0
2015,Rathnapura,Mr%,0.5573620317490192,680085.0
2015,Kegalle,Mr%,0.5181539241128899,536772.0
2015,Sri Lanka,Mr%,0.47577950570514077,12123454.000000082
2015,Colombo,Others,8673.0,1296361.0
2015,Gampaha,Others,9142.0,1342497.0
2015,Kaluthara,Others,6690.0,751985.0
2015,Mahanuwara,Others,10329.0,855909.0
2015,Matale,Others,4214.0,309023.0
2015,Nuwara-Eliya,Others,8822.0,426767.0
2015,Galle,Others,6691.0,677812.0
2015,Matara,Others,4892.0,515151.0
2015,Hambanthota,Others,4073.0,386077.0
2015,Jaffna,Others,12723.0,340752.0
2015,Vanni,Others,4431.0,180226.0
2015,Batticalo,Others,5533.0,256587.0
2015,Digamadulla,Others,3430.0,357818.0
2015,Trincomalee,Others,2907.0,195357.0
2015,Kurunegala,Others,8154.0,1041624.9999999999
2015,Puttalam,Others,4027.0,403852.00000247615
2015,Anuradapura,Others,5065.0,524634.0
2015,Polonnaruwa,Others,2382.0,255997.0
2015,Badulla,Others,8303.0,507071.0
2015,Moneragala,Others,3095.0,281117.0
2015,Rathnapura,Others,8517.0,680085.0
2015,Kegalle,Others,6108.0,536772.0
2015,Sri Lanka,Others,138201.0,12123454.000000082
2015,Colombo,Ot%,0.006690271220957142,1296361.0
2015,Gampaha,Ot%,0.006809703716063213,1342497.0
2015,Kaluthara,Ot%,0.008896465882252813,751985.0
2015,Mahanuwara,Ot%,0.012067885800810368,855909.0
2015,Matale,Ot%,0.013636569564626467,309023.0
2015,Nuwara-Eliya,Ot%,0.020671749858236128,426767.0
2015,Galle,Ot%,0.009871483348603077,677812.0
2015,Matara,Ot%,0.009496263224303601,515151.0
2015,Hambanthota,Ot%,0.010549736321346056,386077.0
2015,Jaffna,Ot%,0.037338114928496174,340752.0
2015,Vanni,Ot%,0.024585934248855596,180226.0
2015,Batticalo,Ot%,0.021563920089170883,256587.0
2015,Digamadulla,Ot%,0.009585905644505432,357818.0
2015,Trincomalee,Ot%,0.014880525809291754,195357.0
2015,Kurunegala,Ot%,0.007828160641459874,1041624.9999999999
2015,Puttalam,Ot%,0.00997152408072304,403852.00000247615
2015,Anuradapura,Ot%,0.009654367910520307,524634.0
2015,Polonnaruwa,Ot%,0.009304832888013875,255997.0
2015,Badulla,Ot%,0.01637446506399511,507071.0
2015,Moneragala,Ot%,0.011009689950056205,281117.0
2015,Rathnapura,Ot%,0.012523452985219473,680085.0
2015,Kegalle,Ot%,0.011379154238958513,536772.0
2015,Sri Lanka,Ot%,0.011399475990831654,12123454.000000082
2010,Colombo,Mahinda Rajapakshe,614740.0,1161383.0
2010,Gampaha,Mahinda Rajapakshe,718716.0,1165649.0
2010,Kaluthara,Mahinda Rajapakshe,412562.0,654250.0
2010,Mahanuwara,Mahinda Rajapakshe,406636.0,750787.0
2010,Matale,Mahinda Rajapakshe,157953.0,264420.0
2010,Nuwara-Eliya,Mahinda Rajapakshe,151604.0,346383.0
2010,Galle,Mahinda Rajapakshe,386971.0,607622.0
2010,Matara,Mahinda Rajapakshe,296155.0,451930.0
2010,Hambanthota,Mahinda Rajapakshe,226887.0,337565.0
2010,Jaffna,Mahinda Rajapakshe,44154.0,178370.0
2010,Vanni,Mahinda Rajapakshe,28740.0,105253.0
2010,Batticalo,Mahinda Rajapakshe,55663.0,211892.0
2010,Digamadulla,Mahinda Rajapakshe,146912.0,306563.0
2010,Trincomalee,Mahinda Rajapakshe,69752.0,162073.0
2010,Kurunegala,Mahinda Rajapakshe,582784.0,923894.0
2010,Puttalam,Mahinda Rajapakshe,201981.0,344114.0
2010,Anuradapura,Mahinda Rajapakshe,298448.0,450039.0
2010,Polonnaruwa,Mahinda Rajapakshe,144889.0,223176.0
2010,Badulla,Mahinda Rajapakshe,237579.0,446295.0
2010,Moneragala,Mahinda Rajapakshe,158435.0,229585.0
2010,Rathnapura,Mahinda Rajapakshe,377734.0,592427.0
2010,Kegalle,Mahinda Rajapakshe,296639.0,479965.0
2010,Sri Lanka,Mahinda Rajapakshe,6015934.0,10393614.0
2010,Colombo,%,0.5293176577560182,1161383.0
2010,Gampaha,%,0.6165806487035538,1165649.0
2010,Kaluthara,%,0.6305886596693308,654250.0
2010,Mahanuwara,%,0.5416137221525175,750787.0
2010,Matale,%,0.5973587374583521,264420.0
2010,Nuwara-Eliya,%,0.4376786322614917,346383.0
2010,Galle,%,0.6368624520877323,607622.0
2010,Matara,%,0.6553131133430251,451930.0
2010,Hambanthota,%,0.6721303219537629,337565.0
2010,Jaffna,%,0.24754301476153368,178370.0
2010,Vanni,%,0.2730589442480903,105253.0
2010,Batticalo,%,0.2626963863495854,211892.0
2010,Digamadulla,%,0.4792244309470841,306563.0
2010,Trincomalee,%,0.4303766227355743,162073.0
2010,Kurunegala,%,0.6307916609390914,923894.0
2010,Puttalam,%,0.5869612598187224,344114.0
2010,Anuradapura,%,0.6631617774499042,450039.0
2010,Polonnaruwa,%,0.6492169821888653,223176.0
2010,Badulla,%,0.5323374277942343,446295.0
2010,Moneragala,%,0.6900959997212349,229585.0
2010,Rathnapura,%,0.6376053718101501,592427.0
2010,Kegalle,%,0.6180442699869156,479965.0
2010,Sri Lanka,%,0.5788106599697334,10393614.0
2010,Colombo,Sarath Fonseka,533022.0,1161383.0
2010,Gampaha,Sarath Fonseka,434506.0,1165649.0
2010,Kaluthara,Sarath Fonseka,231807.0,654250.0
2010,Mahanuwara,Sarath Fonseka,329492.0,750787.0
2010,Matale,Sarath Fonseka,100513.0,264420.0
2010,Nuwara-Eliya,Sarath Fonseka,180604.0,346383.0
2010,Galle,Sarath Fonseka,211633.0,607622.0
2010,Matara,Sarath Fonseka,148510.0,451930.0
2010,Hambanthota,Sarath Fonseka,105336.0,337565.0
2010,Jaffna,Sarath Fonseka,113877.0,178370.0
2010,Vanni,Sarath Fonseka,70367.0,105253.0
2010,Batticalo,Sarath Fonseka,146057.0,211892.0
2010,Digamadulla,Sarath Fonseka,153105.0,306563.0
2010,Trincomalee,Sarath Fonseka,87661.0,162073.0
2010,Kurunegala,Sarath Fonseka,327594.0,923894.0
2010,Puttalam,Sarath Fonseka,136233.0,344114.0
2010,Anuradapura,Sarath Fonseka,143761.0,450039.0
2010,Polonnaruwa,Sarath Fonseka,75026.0,223176.0
2010,Badulla,Sarath Fonseka,198835.0,446295.0
2010,Moneragala,Sarath Fonseka,66803.0,229585.0
2010,Rathnapura,Sarath Fonseka,203566.0,592427.0
2010,Kegalle,Sarath Fonseka,174877.0,479965.0
2010,Sri Lanka,Sarath Fonseka,4173185.0,10393614.0
2010,Colombo,% 1,0.4589549347243198,1161383.0
2010,Gampaha,% 1,0.3727591863066723,1165649.0
2010,Kaluthara,% 1,0.35431005626298245,654250.0
2010,Mahanuwara,% 1,0.43886273851670116,750787.0
2010,Matale,% 1,0.3801277517878821,264420.0
2010,Nuwara-Eliya,% 1,0.521401227546466,346383.0
2010,Galle,% 1,0.34829770531301585,607622.0
2010,Matara,% 1,0.3286135654051853,451930.0
2010,Hambanthota,% 1,0.31204749321610126,337565.0
2010,Jaffna,% 1,0.6384349298364627,178370.0
2010,Vanni,% 1,0.6685573670809106,105253.0
2010,Batticalo,% 1,0.6893025187478468,211892.0
2010,Digamadulla,% 1,0.49942589101062757,306563.0
2010,Trincomalee,% 1,0.5408768942198529,162073.0
2010,Kurunegala,% 1,0.35458002171247105,923894.0
2010,Puttalam,% 1,0.3958961155201925,344114.0
2010,Anuradapura,% 1,0.31944191379394626,450039.0
2010,Polonnaruwa,% 1,0.3361756469138568,223176.0
2010,Badulla,% 1,0.4455246989652561,446295.0
2010,Moneragala,% 1,0.29097410969405535,229585.0
2010,Rathnapura,% 1,0.3436142235485951,592427.0
2010,Kegalle,% 1,0.3643544099140769,479965.0
2010,Sri Lanka,% 1,0.40151437233616455,10393614.0
2010,Colombo,Others,13620.0,1161383.0
2010,Gampaha,Others,12426.0,1165649.0
2010,Kaluthara,Others,9880.0,654250.0
2010,Mahanuwara,Others,14658.0,750787.0
2010,Matale,Others,5953.0,264420.0
2010,Nuwara-Eliya,Others,14174.0,346383.0
2010,Galle,Others,9017.0,607622.0
2010,Matara,Others,7264.0,451930.0
2010,Hambanthota,Others,5341.0,337565.0
2010,Jaffna,Others,20338.0,178370.0
2010,Vanni,Others,6145.0,105253.0
2010,Batticalo,Others,10171.0,211892.0
2010,Digamadulla,Others,6545.0,306563.0
2010,Trincomalee,Others,4659.0,162073.0
2010,Kurunegala,Others,13515.0,923894.0
2010,Puttalam,Others,5899.0,344114.0
2010,Anuradapura,Others,7829.0,450039.0
2010,Polonnaruwa,Others,3260.0,223176.0
2010,Badulla,Others,9880.0,446295.0
2010,Moneragala,Others,4346.0,229585.0
2010,Rathnapura,Others,11126.0,592427.0
2010,Kegalle,Others,8448.0,479965.0
2010,Sri Lanka,Others,204494.0,10393614.0
2010,Colombo,% 2,0.01172740751966192,1161383.0
2010,Gampaha,% 2,0.010660164989773927,1165649.0
2010,Kaluthara,% 2,0.015101284067686767,654250.0
2010,Mahanuwara,% 2,0.019523539330781343,750787.0
2010,Matale,% 2,0.022513510753765804,264420.0
2010,Nuwara-Eliya,% 2,0.04092014019204231,346383.0
2010,Galle,% 2,0.014839842599251836,607622.0
2010,Matara,% 2,0.016073321251789553,451930.0
2010,Hambanthota,% 2,0.015822184830135914,337565.0
2010,Jaffna,% 2,0.1140220554020037,178370.0
2010,Vanni,% 2,0.05838368867099913,105253.0
2010,Batticalo,% 2,0.04800109490256783,211892.0
2010,Digamadulla,% 2,0.021349678042288347,306563.0
2010,Trincomalee,% 2,0.028746483044572783,162073.0
2010,Kurunegala,% 2,0.014628317348437536,923894.0
2010,Puttalam,% 2,0.017142624661085168,344114.0
2010,Anuradapura,% 2,0.01739630875614948,450039.0
2010,Polonnaruwa,% 2,0.01460737089727792,223176.0
2010,Badulla,% 2,0.022137873240509618,446295.0
2010,Moneragala,% 2,0.018929890584709737,229585.0
2010,Rathnapura,% 2,0.018780404641254772,592427.0
2010,Kegalle,% 2,0.017601320099007424,479965.0
2010,Sri Lanka,% 2,0.01967496769410214,10393614.0
2005,Colombo,Mahinda Rajapakshe,534431.0,1114251.0
2005,Gampaha,Mahinda Rajapakshe,596698.0,1089278.0
2005,Kaluthara,Mahinda Rajapakshe,341693.0,615861.0
2005,Mahanuwara,Mahinda Rajapakshe,315672.0,712621.0
2005,Matale,Mahinda Rajapakshe,120533.0,250621.0
2005,Nuwara-Eliya,Mahinda Rajapakshe,99550.0,355876.0
2005,Galle,Mahinda Rajapakshe,347233.0,594469.0
2005,Matara,Mahinda Rajapakshe,279411.0,451723.0
2005,Hambanthota,Mahinda Rajapakshe,202918.0,319926.0
2005,Jaffna,Mahinda Rajapakshe,1967.0,7869.0
2005,Vanni,Mahinda Rajapakshe,17197.0,84477.0
2005,Batticalo,Mahinda Rajapakshe,28836.0,152838.0
2005,Digamadulla,Mahinda Rajapakshe,122329.0,285268.0
2005,Trincomalee,Mahinda Rajapakshe,55680.0,150335.0
2005,Kurunegala,Mahinda Rajapakshe,468507.0,896498.0
2005,Puttalam,Mahinda Rajapakshe,160686.0,333784.0
2005,Anuradapura,Mahinda Rajapakshe,231040.0,419435.0
2005,Polonnaruwa,Mahinda Rajapakshe,110499.0,210031.0
2005,Badulla,Mahinda Rajapakshe,192734.0,426600.0
2005,Moneragala,Mahinda Rajapakshe,126094.0,221451.0
2005,Rathnapura,Mahinda Rajapakshe,294260.0,555075.0
2005,Kegalle,Mahinda Rajapakshe,239184.0,468774.0
2005,Sri Lanka,Mahinda Rajapakshe,4887152.0,9717040.0
2005,Colombo,Unnamed: 2,0.4796329369531075,1114251.0
2005,Gampaha,Unnamed: 2,0.5477927102105341,1089278.0
2005,Kaluthara,Unnamed: 2,0.5548225245997467,615861.0
2005,Mahanuwara,Unnamed: 2,0.44297381493643173,712621.0
2005,Matale,Unnamed: 2,0.48093927060888997,250621.0
2005,Nuwara-Eliya,Unnamed: 2,0.27973305233579204,355876.0
2005,Galle,Unnamed: 2,0.5841071344462612,594469.0
2005,Matara,Unnamed: 2,0.6185463625858382,451723.0
2005,Hambanthota,Unnamed: 2,0.6342674064233805,319926.0
2005,Jaffna,Unnamed: 2,0.25,7869.0
2005,Vanni,Unnamed: 2,0.20357261233959942,84477.0
2005,Batticalo,Unnamed: 2,0.18867159130315303,152838.0
2005,Digamadulla,Unnamed: 2,0.42882282212804146,285268.0
2005,Trincomalee,Unnamed: 2,0.3703752976705203,150335.0
2005,Kurunegala,Unnamed: 2,0.522597398541211,896498.0
2005,Puttalam,Unnamed: 2,0.481408579825815,333784.0
2005,Anuradapura,Unnamed: 2,0.550837557279572,419435.0
2005,Polonnaruwa,Unnamed: 2,0.5261105556349093,210031.0
2005,Badulla,Unnamed: 2,0.4517919638817719,426600.0
2005,Moneragala,Unnamed: 2,0.569401670806051,221451.0
2005,Rathnapura,Unnamed: 2,0.5301275145295943,555075.0
2005,Kegalle,Unnamed: 2,0.510234164510328,468774.0
2005,Sri Lanka,Unnamed: 2,0.5029466280828965,9717040.0
2005,Colombo,Ranil Wickramasinghe,569627.0,1114251.0
2005,Gampaha,Ranil Wickramasinghe,481764.0,1089278.0
2005,Kaluthara,Ranil Wickramasinghe,266043.0,615861.0
2005,Mahanuwara,Ranil Wickramasinghe,387150.0,712621.0
2005,Matale,Ranil Wickramasinghe,125937.0,250621.0
2005,Nuwara-Eliya,Ranil Wickramasinghe,250428.0,355876.0
2005,Galle,Ranil Wickramasinghe,239320.0,594469.0
2005,Matara,Ranil Wickramasinghe,165837.0,451723.0
2005,Hambanthota,Ranil Wickramasinghe,112712.0,319926.0
2005,Jaffna,Ranil Wickramasinghe,5523.0,7869.0
2005,Vanni,Ranil Wickramasinghe,65798.0,84477.0
2005,Batticalo,Ranil Wickramasinghe,121514.0,152838.0
2005,Digamadulla,Ranil Wickramasinghe,159198.0,285268.0
2005,Trincomalee,Ranil Wickramasinghe,92197.0,150335.0
2005,Kurunegala,Ranil Wickramasinghe,418809.0,896498.0
2005,Puttalam,Ranil Wickramasinghe,169264.0,333784.0
2005,Anuradapura,Ranil Wickramasinghe,182956.0,419435.0
2005,Polonnaruwa,Ranil Wickramasinghe,97142.0,210031.0
2005,Badulla,Ranil Wickramasinghe,226582.0,426600.0
2005,Moneragala,Ranil Wickramasinghe,92244.0,221451.0
2005,Rathnapura,Ranil Wickramasinghe,252838.0,555075.0
2005,Kegalle,Ranil Wickramasinghe,223483.0,468774.0
2005,Sri Lanka,Ranil Wickramasinghe,4706366.0,9717040.0
2005,Colombo,Unnamed: 4,0.5112201032084361,1114251.0
2005,Gampaha,Unnamed: 4,0.44227868577046975,1089278.0
2005,Kaluthara,Unnamed: 4,0.43198616568700676,615861.0
2005,Mahanuwara,Unnamed: 4,0.5432769217815947,712621.0
2005,Matale,Unnamed: 4,0.5025017955470433,250621.0
2005,Nuwara-Eliya,Unnamed: 4,0.7036965226554268,355876.0
2005,Galle,Unnamed: 4,0.40257843988238223,594469.0
2005,Matara,Unnamed: 4,0.36712181385896636,451723.0
2005,Hambanthota,Unnamed: 4,0.3523075720872079,319926.0
2005,Jaffna,Unnamed: 4,0.7019572953736655,7869.0
2005,Vanni,Unnamed: 4,0.7788957810502392,84477.0
2005,Batticalo,Unnamed: 4,0.7950561709533687,152838.0
2005,Digamadulla,Unnamed: 4,0.5580666533458128,285268.0
2005,Trincomalee,Unnamed: 4,0.6132810940971437,150335.0
2005,Kurunegala,Unnamed: 4,0.46716163021181334,896498.0
2005,Puttalam,Unnamed: 4,0.5071079114274843,333784.0
2005,Anuradapura,Unnamed: 4,0.43619735166915413,419435.0
2005,Polonnaruwa,Unnamed: 4,0.4625148788268343,210031.0
2005,Badulla,Unnamed: 4,0.5311357973178559,426600.0
2005,Moneragala,Unnamed: 4,0.4165454955972003,221451.0
2005,Rathnapura,Unnamed: 4,0.4555032301999373,555075.0
2005,Kegalle,Unnamed: 4,0.4767403412739215,468774.0
2005,Sri Lanka,Unnamed: 4,0.48434157771724495,9717040.0
2005,Colombo,Others,10192.0,1114251.0
2005,Gampaha,Others,10815.0,1089278.0
2005,Kaluthara,Others,8124.0,615861.0
2005,Mahanuwara,Others,9798.0,712621.0
2005,Matale,Others,4150.0,250621.0
2005,Nuwara-Eliya,Others,5897.0,355876.0
2005,Galle,Others,7915.0,594469.0
2005,Matara,Others,6474.0,451723.0
2005,Hambanthota,Others,4295.0,319926.0
2005,Jaffna,Others,378.0,7869.0
2005,Vanni,Others,1481.0,84477.0
2005,Batticalo,Others,2487.0,152838.0
2005,Digamadulla,Others,3740.0,285268.0
2005,Trincomalee,Others,2457.0,150335.0
2005,Kurunegala,Others,9181.0,896498.0
2005,Puttalam,Others,3833.0,333784.0
2005,Anuradapura,Others,5438.0,419435.0
2005,Polonnaruwa,Others,2389.0,210031.0
2005,Badulla,Others,7283.0,426600.0
2005,Moneragala,Others,3112.0,221451.0
2005,Rathnapura,Others,7976.0,555075.0
2005,Kegalle,Others,6106.0,468774.0
2005,Sri Lanka,Others,123521.0,9717040.0
2005,Colombo,Unnamed: 6,0.009146959838456361,1114251.0
2005,Gampaha,Unnamed: 6,0.009928604018996087,1089278.0
2005,Kaluthara,Unnamed: 6,0.013191309713246517,615861.0
2005,Mahanuwara,Unnamed: 6,0.013749263281973562,712621.0
2005,Matale,Unnamed: 6,0.016558933844066714,250621.0
2005,Nuwara-Eliya,Unnamed: 6,0.016570425008781173,355876.0
2005,Galle,Unnamed: 6,0.013314425671356574,594469.0
2005,Matara,Unnamed: 6,0.014331823555195453,451723.0
2005,Hambanthota,Unnamed: 6,0.013425021489411581,319926.0
2005,Jaffna,Unnamed: 6,0.04804270462633452,7869.0
2005,Vanni,Unnamed: 6,0.017531606610161465,84477.0
2005,Batticalo,Unnamed: 6,0.016272237743478347,152838.0
2005,Digamadulla,Unnamed: 6,0.013110524526145681,285268.0
2005,Trincomalee,Unnamed: 6,0.016343608232336,150335.0
2005,Kurunegala,Unnamed: 6,0.01024097124697573,896498.0
2005,Puttalam,Unnamed: 6,0.011483508746700701,333784.0
2005,Anuradapura,Unnamed: 6,0.01296509105127386,419435.0
2005,Polonnaruwa,Unnamed: 6,0.011374565538256439,210031.0
2005,Badulla,Unnamed: 6,0.017072238800372248,426600.0
2005,Moneragala,Unnamed: 6,0.014052833596748701,221451.0
2005,Rathnapura,Unnamed: 6,0.014369255270468442,555075.0
2005,Kegalle,Unnamed: 6,0.01302549421575048,468774.0
2005,Sri Lanka,Unnamed: 6,0.01271179419985862,9717040.0
1999,Colombo,Chandrika Bandaranaike,474310.0,964535.0
1999,Gampaha,Chandrika Bandaranaike,532796.0,941620.0
1999,Kaluthara,Chandrika Bandaranaike,281217.0,531810.0
1999,Mahanuwara,Chandrika Bandaranaike,308187.0,612812.0
1999,Matale,Chandrika Bandaranaike,111232.0,216311.0
1999,Nuwara-Eliya,Chandrika Bandaranaike,147210.0,313991.0
1999,Galle,Chandrika Bandaranaike,281154.0,512020.0
1999,Matara,Chandrika Bandaranaike,205685.0,378639.0
1999,Hambanthota,Chandrika Bandaranaike,120275.0,253679.0
1999,Jaffna,Chandrika Bandaranaike,52043.0,111569.0
1999,Vanni,Chandrika Bandaranaike,16202.0,62691.0
1999,Batticalo,Chandrika Bandaranaike,58975.0,170132.0
1999,Digamadulla,Chandrika Bandaranaike,149593.0,269101.0
1999,Trincomalee,Chandrika Bandaranaike,56691.0,126082.0
1999,Kurunegala,Chandrika Bandaranaike,377483.0,743520.0
1999,Puttalam,Chandrika Bandaranaike,141725.0,275340.0
1999,Anuradapura,Chandrika Bandaranaike,189073.0,349202.0
1999,Polonnaruwa,Chandrika Bandaranaike,88663.0,172008.0
1999,Badulla,Chandrika Bandaranaike,167000.0,360422.0
1999,Moneragala,Chandrika Bandaranaike,92049.0,180246.0
1999,Rathnapura,Chandrika Bandaranaike,250409.0,480365.0
1999,Kegalle,Chandrika Bandaranaike,210185.0,409681.0
1999,Sri Lanka,Chandrika Bandaranaike,4312157.0,8435755.0
1999,Colombo,Cb%,0.49175042041027067,964535.0
1999,Gampaha,Cb%,0.5658297039460759,941620.0
1999,Kaluthara,Cb%,0.5287932321566577,531810.0
1999,Mahanuwara,Cb%,0.5029070953360825,612812.0
1999,Matale,Cb%,0.5142249549258009,216311.0
1999,Nuwara-Eliya,Cb%,0.4688365871524571,313991.0
1999,Galle,Cb%,0.5491085291756751,512020.0
1999,Matara,Cb%,0.5432233426122048,378639.0
1999,Hambanthota,Cb%,0.4741246777410733,253679.0
1999,Jaffna,Cb%,0.4664688799655815,111569.0
1999,Vanni,Cb%,0.2584463231775403,62691.0
1999,Batticalo,Cb%,0.34664464442106374,170132.0
1999,Digamadulla,Cb%,0.5559011519881085,269101.0
1999,Trincomalee,Cb%,0.4496395174530659,126082.0
1999,Kurunegala,Cb%,0.5076978530474675,743520.0
1999,Puttalam,Cb%,0.5147291157445912,275340.0
1999,Anuradapura,Cb%,0.5414446121288312,349202.0
1999,Polonnaruwa,Cb%,0.5154615800519746,172008.0
1999,Badulla,Cb%,0.4633470302784799,360422.0
1999,Moneragala,Cb%,0.5106882299092901,180246.0
1999,Rathnapura,Cb%,0.5212901050037055,480365.0
1999,Kegalle,Cb%,0.5130467682093341,409681.0
1999,Sri Lanka,Cb%,0.5111762386622465,8435755.0
1999,Colombo,Ranil Wickramasinghe,425185.0,964535.0
1999,Gampaha,Ranil Wickramasinghe,353969.0,941620.0
1999,Kaluthara,Ranil Wickramasinghe,217423.0,531810.0
1999,Mahanuwara,Ranil Wickramasinghe,276360.0,612812.0
1999,Matale,Ranil Wickramasinghe,91944.0,216311.0
1999,Nuwara-Eliya,Ranil Wickramasinghe,152836.0,313991.0
1999,Galle,Ranil Wickramasinghe,195906.0,512020.0
1999,Matara,Ranil Wickramasinghe,139677.0,378639.0
1999,Hambanthota,Ranil Wickramasinghe,95088.0,253679.0
1999,Jaffna,Ranil Wickramasinghe,48005.0,111569.0
1999,Vanni,Ranil Wickramasinghe,43803.0,62691.0
1999,Batticalo,Ranil Wickramasinghe,104100.0,170132.0
1999,Digamadulla,Ranil Wickramasinghe,109805.0,269101.0
1999,Trincomalee,Ranil Wickramasinghe,63351.0,126082.0
1999,Kurunegala,Ranil Wickramasinghe,326327.0,743520.0
1999,Puttalam,Ranil Wickramasinghe,121615.0,275340.0
1999,Anuradapura,Ranil Wickramasinghe,139180.0,349202.0
1999,Polonnaruwa,Ranil Wickramasinghe,72598.0,172008.0
1999,Badulla,Ranil Wickramasinghe,172884.0,360422.0
1999,Moneragala,Ranil Wickramasinghe,73695.0,180246.0
1999,Rathnapura,Ranil Wickramasinghe,202621.0,480365.0
1999,Kegalle,Ranil Wickramasinghe,176376.0,409681.0
1999,Sri Lanka,Ranil Wickramasinghe,3602748.0,8435755.0
1999,Colombo,Rw%,0.4408190898402752,964535.0
1999,Gampaha,Rw%,0.37591531181932397,941620.0
1999,Kaluthara,Rw%,0.4088366311965386,531810.0
1999,Mahanuwara,Rw%,0.45097101716516186,612812.0
1999,Matale,Rw%,0.4250566316860062,216311.0
1999,Nuwara-Eliya,Rw%,0.48675435523424315,313991.0
1999,Galle,Rw%,0.382614707657333,512020.0
1999,Matara,Rw%,0.3688932436786588,378639.0
1999,Hambanthota,Rw%,0.37483739228470736,253679.0
1999,Jaffna,Rw%,0.43027570629571205,111569.0
1999,Vanni,Rw%,0.698723879406604,62691.0
1999,Batticalo,Rw%,0.611881432543158,170132.0
1999,Digamadulla,Rw%,0.4080453363062059,269101.0
1999,Trincomalee,Rw%,0.5024627025483618,126082.0
1999,Kurunegala,Rw%,0.43889530731561666,743520.0
1999,Puttalam,Rw%,0.4416918780121959,275340.0
1999,Anuradapura,Rw%,0.3985670144129026,349202.0
1999,Polonnaruwa,Rw%,0.42206421831669644,172008.0
1999,Badulla,Rw%,0.4796723831297288,360422.0
1999,Moneragala,Rw%,0.4088601625565203,180246.0
1999,Rathnapura,Rw%,0.4218072128635785,480365.0
1999,Kegalle,Rw%,0.4305213825424722,409681.0
1999,Sri Lanka,Rw%,0.4270807327951953,8435755.0
1999,Colombo,Nandana Gunathilake,44009.0,964535.0
1999,Gampaha,Nandana Gunathilake,40472.0,941620.0
1999,Kaluthara,Nandana Gunathilake,23770.0,531810.0
1999,Mahanuwara,Nandana Gunathilake,15512.0,612812.0
1999,Matale,Nandana Gunathilake,7924.0,216311.0
1999,Nuwara-Eliya,Nandana Gunathilake,5879.0,313991.0
1999,Galle,Nandana Gunathilake,27257.0,512020.0
1999,Matara,Nandana Gunathilake,26229.0,378639.0
1999,Hambanthota,Nandana Gunathilake,33739.0,253679.0
1999,Jaffna,Nandana Gunathilake,413.0,111569.0
1999,Vanni,Nandana Gunathilake,482.0,62691.0
1999,Batticalo,Nandana Gunathilake,290.0,170132.0
1999,Digamadulla,Nandana Gunathilake,4068.0,269101.0
1999,Trincomalee,Nandana Gunathilake,2307.0,126082.0
1999,Kurunegala,Nandana Gunathilake,27354.0,743520.0
1999,Puttalam,Nandana Gunathilake,7876.0,275340.0
1999,Anuradapura,Nandana Gunathilake,14612.0,349202.0
1999,Polonnaruwa,Nandana Gunathilake,8020.0,172008.0
1999,Badulla,Nandana Gunathilake,12025.0,360422.0
1999,Moneragala,Nandana Gunathilake,10456.0,180246.0
1999,Rathnapura,Nandana Gunathilake,16482.0,480365.0
1999,Kegalle,Nandana Gunathilake,14997.0,409681.0
1999,Sri Lanka,Nandana Gunathilake,344173.0,8435755.0
1999,Colombo,Ng%,0.04562721480010036,964535.0
1999,Gampaha,Ng%,0.04298129073436284,941620.0
1999,Kaluthara,Ng%,0.044696498178857444,531810.0
1999,Mahanuwara,Ng%,0.025312861551114455,612812.0
1999,Matale,Ng%,0.036632610605150016,216311.0
1999,Nuwara-Eliya,Ng%,0.018723526226949904,313991.0
1999,Galle,Ng%,0.05323435263144532,512020.0
1999,Matara,Ng%,0.06927196953290478,378639.0
1999,Hambanthota,Ng%,0.13299931409109186,253679.0
1999,Jaffna,Ng%,0.0037017782876810554,111569.0
1999,Vanni,Ng%,0.007688626575211357,62691.0
1999,Batticalo,Ng%,0.0017045688322527934,170132.0
1999,Digamadulla,Ng%,0.015117056856187291,269101.0
1999,Trincomalee,Ng%,0.01829776096319033,126082.0
1999,Kurunegala,Ng%,0.036789913909395726,743520.0
1999,Puttalam,Ng%,0.028604738159142003,275340.0
1999,Anuradapura,Ng%,0.04184409552091775,349202.0
1999,Polonnaruwa,Ng%,0.046626009406593914,172008.0
1999,Badulla,Ng%,0.03336376071316599,360422.0
1999,Moneragala,Ng%,0.058009930927348886,180246.0
1999,Rathnapura,Ng%,0.034311480460650676,480365.0
1999,Kegalle,Ng%,0.03660661980082015,409681.0
1999,Sri Lanka,Ng%,0.04079931681269985,8435755.0
1999,Colombo,Others,21030.0,964535.0
1999,Gampaha,Others,14382.0,941620.0
1999,Kaluthara,Others,9399.0,531810.0
1999,Mahanuwara,Others,12752.0,612812.0
1999,Matale,Others,5210.0,216311.0
1999,Nuwara-Eliya,Others,8065.0,313991.0
1999,Galle,Others,7702.0,512020.0
1999,Matara,Others,7047.0,378639.0
1999,Hambanthota,Others,4576.0,253679.0
1999,Jaffna,Others,11107.0,111569.0
1999,Vanni,Others,2203.0,62691.0
1999,Batticalo,Others,6766.0,170132.0
1999,Digamadulla,Others,5634.0,269101.0
1999,Trincomalee,Others,3732.0,126082.0
1999,Kurunegala,Others,12355.0,743520.0
1999,Puttalam,Others,4123.0,275340.0
1999,Anuradapura,Others,6336.0,349202.0
1999,Polonnaruwa,Others,2726.0,172008.0
1999,Badulla,Others,8512.0,360422.0
1999,Moneragala,Others,4045.0,180246.0
1999,Rathnapura,Others,10852.0,480365.0
1999,Kegalle,Others,8122.0,409681.0
1999,Sri Lanka,Others,176676.0,8435755.0
1999,Colombo,Ot%,0.02180327494935378,964535.0
1999,Gampaha,Ot%,0.015273693500237356,941620.0
1999,Kaluthara,Ot%,0.017673638467946198,531810.0
1999,Mahanuwara,Ot%,0.02080902594764128,612812.0
1999,Matale,Ot%,0.024085802783042856,216311.0
1999,Nuwara-Eliya,Ot%,0.025685531386349884,313991.0
1999,Galle,Ot%,0.015042410535546533,512020.0
1999,Matara,Ot%,0.018611444176231652,378639.0
1999,Hambanthota,Ot%,0.01803861588312743,253679.0
1999,Jaffna,Ot%,0.09955363545102539,111569.0
1999,Vanni,Ot%,0.03514117084064444,62691.0
1999,Batticalo,Ot%,0.039769354203525516,170132.0
1999,Digamadulla,Ot%,0.020936454849498326,269101.0
1999,Trincomalee,Ot%,0.029600019035382015,126082.0
1999,Kurunegala,Ot%,0.016616925727520077,743520.0
1999,Puttalam,Ot%,0.014974268084070909,275340.0
1999,Anuradapura,Ot%,0.018144277937348404,349202.0
1999,Polonnaruwa,Ot%,0.01584819222473504,172008.0
1999,Badulla,Ot%,0.023616825878625274,360422.0
1999,Moneragala,Ot%,0.02244167660684069,180246.0
1999,Rathnapura,Ot%,0.02259120167206535,480365.0
1999,Kegalle,Ot%,0.01982522944737356,409681.0
1999,Sri Lanka,Ot%,0.02094371172985841,8435755.0
1994,Colombo,Chandrika Bandaranaike,557708.0,860387.0
1994,Gampaha,Chandrika Bandaranaike,550654.0,850519.0
1994,Kaluthara,Chandrika Bandaranaike,295686.0,481020.0
1994,Mahanuwara,Chandrika Bandaranaike,320110.0,565118.0
1994,Matale,Chandrika Bandaranaike,121449.0,199165.0
1994,Nuwara-Eliya,Chandrika Bandaranaike,168929.0,295631.0
1994,Galle,Chandrika Bandaranaike,285398.0,464816.0
1994,Matara,Chandrika Bandaranaike,227865.0,352240.0
1994,Hambanthota,Chandrika Bandaranaike,132873.0,215996.0
1994,Jaffna,Chandrika Bandaranaike,16934.0,17576.0
1994,Vanni,Chandrika Bandaranaike,33585.0,39373.0
1994,Batticalo,Chandrika Bandaranaike,144725.0,165780.0
1994,Digamadulla,Chandrika Bandaranaike,168289.0,232582.0
1994,Trincomalee,Chandrika Bandaranaike,77943.0,108822.0
1994,Kurunegala,Chandrika Bandaranaike,403838.0,680345.0
1994,Puttalam,Chandrika Bandaranaike,165795.0,264636.0
1994,Anuradapura,Chandrika Bandaranaike,200146.0,312798.0
1994,Polonnaruwa,Chandrika Bandaranaike,88907.0,150476.0
1994,Badulla,Chandrika Bandaranaike,182810.0,330773.0
1994,Moneragala,Chandrika Bandaranaike,96620.0,152870.0
1994,Rathnapura,Chandrika Bandaranaike,257265.0,443032.0
1994,Kegalle,Chandrika Bandaranaike,211676.0,377593.0
1994,Sri Lanka,Chandrika Bandaranaike,4709205.0,7561527.0
1994,Colombo,Cb%,0.648206735116564,860387.0
1994,Gampaha,Cb%,0.6474336815916888,850519.0
1994,Kaluthara,Cb%,0.6147075271454974,481020.0
1994,Mahanuwara,Cb%,0.5664490716081803,565118.0
1994,Matale,Cb%,0.6097939386636139,199165.0
1994,Nuwara-Eliya,Cb%,0.5714203565267395,295631.0
1994,Galle,Cb%,0.6140034207157686,464816.0
1994,Matara,Cb%,0.6469045165356476,352240.0
1994,Hambanthota,Cb%,0.6151670177550407,215996.0
1994,Jaffna,Cb%,0.9635277382645804,17576.0
1994,Vanni,Cb%,0.8530173727522097,39373.0
1994,Batticalo,Cb%,0.8729995958474837,165780.0
1994,Digamadulla,Cb%,0.7235715729143826,232582.0
1994,Trincomalee,Cb%,0.7162496209371353,108822.0
1994,Kurunegala,Cb%,0.5935791305574827,680345.0
1994,Puttalam,Cb%,0.6265044306308689,264636.0
1994,Anuradapura,Cb%,0.6398590779323331,312798.0
1994,Polonnaruwa,Cb%,0.5908423326133909,150476.0
1994,Badulla,Cb%,0.5526767682875213,330773.0
1994,Moneragala,Cb%,0.6320444301984052,152870.0
1994,Rathnapura,Cb%,0.5806929989097829,443032.0
1994,Kegalle,Cb%,0.56059450412085,377593.0
1994,Sri Lanka,Cb%,0.6227850039793555,7561527.0
1994,Colombo,Srimathi Dissanayake,288741.0,860387.0
1994,Gampaha,Srimathi Dissanayake,288608.0,850519.0
1994,Kaluthara,Srimathi Dissanayake,178466.0,481020.0
1994,Mahanuwara,Srimathi Dissanayake,235519.0,565118.0
1994,Matale,Srimathi Dissanayake,73324.0,199165.0
1994,Nuwara-Eliya,Srimathi Dissanayake,116928.0,295631.0
1994,Galle,Srimathi Dissanayake,173282.0,464816.0
1994,Matara,Srimathi Dissanayake,118224.0,352240.0
1994,Hambanthota,Srimathi Dissanayake,77735.0,215996.0
1994,Jaffna,Srimathi Dissanayake,223.0,17576.0
1994,Vanni,Srimathi Dissanayake,4493.0,39373.0
1994,Batticalo,Srimathi Dissanayake,14812.0,165780.0
1994,Digamadulla,Srimathi Dissanayake,59074.0,232582.0
1994,Trincomalee,Srimathi Dissanayake,28006.0,108822.0
1994,Kurunegala,Srimathi Dissanayake,266740.0,680345.0
1994,Puttalam,Srimathi Dissanayake,95211.0,264636.0
1994,Anuradapura,Srimathi Dissanayake,107342.0,312798.0
1994,Polonnaruwa,Srimathi Dissanayake,59287.0,150476.0
1994,Badulla,Srimathi Dissanayake,139611.0,330773.0
1994,Moneragala,Srimathi Dissanayake,52026.0,152870.0
1994,Rathnapura,Srimathi Dissanayake,177924.0,443032.0
1994,Kegalle,Srimathi Dissanayake,159707.0,377593.0
1994,Sri Lanka,Srimathi Dissanayake,2715285.0,7561527.0
1994,Colombo,Sd%,0.33559472143898206,860387.0
1994,Gampaha,Sd%,0.3393320305978239,850519.0
1994,Kaluthara,Sd%,0.371016529492598,481020.0
1994,Mahanuwara,Sd%,0.41676148478987535,565118.0
1994,Matale,Sd%,0.3681589042196381,199165.0
1994,Nuwara-Eliya,Sd%,0.3955214288130433,295631.0
1994,Galle,Sd%,0.37279777976184075,464816.0
1994,Matara,Sd%,0.33563574731929174,352240.0
1994,Hambanthota,Sd%,0.35989259010625246,215996.0
1994,Jaffna,Sd%,0.012688477951635847,17576.0
1994,Vanni,Sd%,0.11411663110840191,39373.0
1994,Batticalo,Sd%,0.0893478667382479,165780.0
1994,Digamadulla,Sd%,0.2539932324652487,232582.0
1994,Trincomalee,Sd%,0.2573584142766562,108822.0
1994,Kurunegala,Sd%,0.3920663664263961,680345.0
1994,Puttalam,Sd%,0.35978234171594836,264636.0
1994,Anuradapura,Sd%,0.343168252892451,312798.0
1994,Polonnaruwa,Sd%,0.3939990031566705,150476.0
1994,Badulla,Sd%,0.42207623378036835,330773.0
1994,Moneragala,Sd%,0.34033060986858027,152870.0
1994,Rathnapura,Sd%,0.4016062081434482,443032.0
1994,Kegalle,Sd%,0.42296182122502596,377593.0
1994,Sri Lanka,Sd%,0.3590921991143058,7561527.0
1994,Colombo,Others,13937.0,860387.0
1994,Gampaha,Others,11256.0,850519.0
1994,Kaluthara,Others,6867.0,481020.0
1994,Mahanuwara,Others,9488.0,565118.0
1994,Matale,Others,4391.0,199165.0
1994,Nuwara-Eliya,Others,9773.0,295631.0
1994,Galle,Others,6135.0,464816.0
1994,Matara,Others,6150.0,352240.0
1994,Hambanthota,Others,5387.0,215996.0
1994,Jaffna,Others,418.0,17576.0
1994,Vanni,Others,1294.0,39373.0
1994,Batticalo,Others,6242.0,165780.0
1994,Digamadulla,Others,5218.0,232582.0
1994,Trincomalee,Others,2872.0,108822.0
1994,Kurunegala,Others,9766.0,680345.0
1994,Puttalam,Others,3629.0,264636.0
1994,Anuradapura,Others,5309.0,312798.0
1994,Polonnaruwa,Others,2281.0,150476.0
1994,Badulla,Others,8351.0,330773.0
1994,Moneragala,Others,4223.0,152870.0
1994,Rathnapura,Others,7842.0,443032.0
1994,Kegalle,Others,6209.0,377593.0
1994,Sri Lanka,Others,137036.0,7561527.0
1994,Colombo,Ot%,0.016198543444454,860387.0
1994,Gampaha,Ot%,0.013234287810487256,850519.0
1994,Kaluthara,Ot%,0.014275943361904624,481020.0
1994,Mahanuwara,Ot%,0.016789443601944377,565118.0
1994,Matale,Ot%,0.02204715711674801,199165.0
1994,Nuwara-Eliya,Ot%,0.03305821466021716,295631.0
1994,Galle,Ot%,0.013198799522390628,464816.0
1994,Matara,Ot%,0.0174597361450606,352240.0
1994,Hambanthota,Ot%,0.024940392138706916,215996.0
1994,Jaffna,Ot%,0.023783783783783784,17576.0
1994,Vanni,Ot%,0.0328659961393884,39373.0
1994,Batticalo,Ot%,0.03765253741426839,165780.0
1994,Digamadulla,Ot%,0.022435194620368817,232582.0
1994,Trincomalee,Ot%,0.026391964786208543,108822.0
1994,Kurunegala,Ot%,0.014354503016121256,680345.0
1994,Puttalam,Ot%,0.013713227653182685,264636.0
1994,Anuradapura,Ot%,0.016972669175215876,312798.0
1994,Polonnaruwa,Ot%,0.015158664229938529,150476.0
1994,Badulla,Ot%,0.025246997932110337,330773.0
1994,Moneragala,Ot%,0.02762495993301454,152870.0
1994,Rathnapura,Ot%,0.017700792946768962,443032.0
1994,Kegalle,Ot%,0.016443674654124028,377593.0
1994,Sri Lanka,Ot%,0.018122796906338747,7561527.0
1988,Colombo,Ranasinghe Premadasa,361337.0,735316.0
1988,Gampaha,Ranasinghe Premadasa,350092.0,728113.0
1988,Kaluthara,Ranasinghe Premadasa,169510.0,362647.0
1988,Mahanuwara,Ranasinghe Premadasa,234124.0,426578.0
1988,Matale,Ranasinghe Premadasa,37007.0,63968.0
1988,Nuwara-Eliya,Ranasinghe Premadasa,112135.0,180414.0
1988,Galle,Ranasinghe Premadasa,124912.0,279945.0
1988,Matara,Ranasinghe Premadasa,45399.0,105746.0
1988,Hambanthota,Ranasinghe Premadasa,41198.0,83020.0
1988,Jaffna,Ranasinghe Premadasa,33650.0,120046.0
1988,Vanni,Ranasinghe Premadasa,10580.0,18970.0
1988,Batticalo,Ranasinghe Premadasa,61657.0,120919.0
1988,Digamadulla,Ranasinghe Premadasa,96420.0,189910.0
1988,Trincomalee,Ranasinghe Premadasa,36841.0,80624.0
1988,Kurunegala,Ranasinghe Premadasa,198662.0,388603.0
1988,Puttalam,Ranasinghe Premadasa,125339.0,224256.0
1988,Anuradapura,Ranasinghe Premadasa,56951.0,132635.0
1988,Polonnaruwa,Ranasinghe Premadasa,26392.0,47523.0
1988,Badulla,Ranasinghe Premadasa,80779.0,134443.0
1988,Moneragala,Ranasinghe Premadasa,16872.0,26693.0
1988,Rathnapura,Ranasinghe Premadasa,180622.0,349018.0
1988,Kegalle,Ranasinghe Premadasa,168720.0,295413.0009148139
1988,Sri Lanka,Ranasinghe Premadasa,2569199.0,5094779.0
1988,Colombo,Rp%,0.4914043641160591,735316.0
1988,Gampaha,Rp%,0.4808216318368603,728113.0
1988,Kaluthara,Rp%,0.4674255334403247,362647.0
1988,Mahanuwara,Rp%,0.5488434678850477,426578.0
1988,Matale,Rp%,0.5785326809135961,63968.0
1988,Nuwara-Eliya,Rp%,0.6215461191820989,180414.0
1988,Galle,Rp%,0.4462035264195696,279945.0
1988,Matara,Rp%,0.4293252636058442,105746.0
1988,Hambanthota,Rp%,0.49624784687842544,83020.0
1988,Jaffna,Rp%,0.28031154983547835,120046.0
1988,Vanni,Rp%,0.5577521218830723,18970.0
1988,Batticalo,Rp%,0.5099075406473809,120919.0
1988,Digamadulla,Rp%,0.5077168538615864,189910.0
1988,Trincomalee,Rp%,0.45695397095121737,80624.0
1988,Kurunegala,Rp%,0.5112222788354152,388603.0
1988,Puttalam,Rp%,0.5589128447526254,224256.0
1988,Anuradapura,Rp%,0.4293846223441953,132635.0
1988,Polonnaruwa,Rp%,0.5553638314885737,47523.0
1988,Badulla,Rp%,0.6008464616712039,134443.0
1988,Moneragala,Rp%,0.6320995054698036,26693.0
1988,Rathnapura,Rp%,0.5175163387456772,349018.0
1988,Kegalle,Rp%,0.5716570328858651,295413.0009148139
1988,Sri Lanka,Rp%,0.5042808538468212,5094779.0
1988,Colombo,Sirimavo Bandaranaike,339958.0,735316.0
1988,Gampaha,Sirimavo Bandaranaike,355553.0,728113.0
1988,Kaluthara,Sirimavo Bandaranaike,179761.0,362647.0
1988,Mahanuwara,Sirimavo Bandaranaike,186187.0,426578.0
1988,Matale,Sirimavo Bandaranaike,25825.0,63968.0
1988,Nuwara-Eliya,Sirimavo Bandaranaike,64907.0,180414.0
1988,Galle,Sirimavo Bandaranaike,148615.0,279945.0
1988,Matara,Sirimavo Bandaranaike,57424.0,105746.0
1988,Hambanthota,Sirimavo Bandaranaike,39343.0,83020.0
1988,Jaffna,Sirimavo Bandaranaike,44197.0,120046.0
1988,Vanni,Sirimavo Bandaranaike,4889.0,18970.0
1988,Batticalo,Sirimavo Bandaranaike,21018.0,120919.0
1988,Digamadulla,Sirimavo Bandaranaike,83137.0,189910.0
1988,Trincomalee,Sirimavo Bandaranaike,29679.0,80624.0
1988,Kurunegala,Sirimavo Bandaranaike,182223.0,388603.0
1988,Puttalam,Sirimavo Bandaranaike,94823.0,224256.0
1988,Anuradapura,Sirimavo Bandaranaike,73154.0,132635.0
1988,Polonnaruwa,Sirimavo Bandaranaike,20173.0,47523.0
1988,Badulla,Sirimavo Bandaranaike,50223.0,134443.0
1988,Moneragala,Sirimavo Bandaranaike,9123.0,26693.0
1988,Rathnapura,Sirimavo Bandaranaike,159879.0,349018.0
1988,Kegalle,Sirimavo Bandaranaike,119769.0,295413.0009148139
1988,Sri Lanka,Sirimavo Bandaranaike,2289860.0,5094779.0
1988,Colombo,Sb%,0.46232974983510466,735316.0
1988,Gampaha,Sb%,0.4883218515832729,728113.0
1988,Kaluthara,Sb%,0.4956927692570716,362647.0
1988,Mahanuwara,Sb%,0.43646750762464925,426578.0
1988,Matale,Sb%,0.4037237950818391,63968.0
1988,Nuwara-Eliya,Sb%,0.3597689745195745,180414.0
1988,Galle,Sb%,0.530874031949247,279945.0
1988,Matara,Sb%,0.5430422242186391,105746.0
1988,Hambanthota,Sb%,0.4739035642443296,83020.0
1988,Jaffna,Sb%,0.3681702694822775,120046.0
1988,Vanni,Sb%,0.2577363066055143,18970.0
1988,Batticalo,Sb%,0.17382027489703766,120919.0
1988,Digamadulla,Sb%,0.4377728280386922,189910.0
1988,Trincomalee,Sb%,0.3681207595847339,80624.0
1988,Kurunegala,Sb%,0.46891935707999444,388603.0
1988,Puttalam,Sb%,0.42283561124612606,224256.0
1988,Anuradapura,Sb%,0.5515478685706531,132635.0
1988,Polonnaruwa,Sb%,0.42449812718319935,47523.0
1988,Badulla,Sb%,0.3735662962467086,134443.0
1988,Moneragala,Sb%,0.3417878015884909,26693.0
1988,Rathnapura,Sb%,0.4580837036591341,349018.0
1988,Kegalle,Sb%,0.40580127531832133,295413.0009148139
1988,Sri Lanka,Sb%,0.44945236082906853,5094779.0
1988,Colombo,Osvin Abeygunasekara,34020.0,735316.0
1988,Gampaha,Osvin Abeygunasekara,22467.0,728113.0
1988,Kaluthara,Osvin Abeygunasekara,13375.0,362647.0
1988,Mahanuwara,Osvin Abeygunasekara,6266.0,426578.0
1988,Matale,Osvin Abeygunasekara,1135.0,63968.0
1988,Nuwara-Eliya,Osvin Abeygunasekara,3371.0,180414.0
1988,Galle,Osvin Abeygunasekara,6417.0,279945.0
1988,Matara,Osvin Abeygunasekara,2922.0,105746.0
1988,Hambanthota,Osvin Abeygunasekara,2478.0,83020.0
1988,Jaffna,Osvin Abeygunasekara,42198.0,120046.0
1988,Vanni,Osvin Abeygunasekara,3500.0,18970.0
1988,Batticalo,Osvin Abeygunasekara,38243.0,120919.0
1988,Digamadulla,Osvin Abeygunasekara,10352.0,189910.0
1988,Trincomalee,Osvin Abeygunasekara,14103.0,80624.0
1988,Kurunegala,Osvin Abeygunasekara,7717.0,388603.0
1988,Puttalam,Osvin Abeygunasekara,4093.0,224256.0
1988,Anuradapura,Osvin Abeygunasekara,2529.0,132635.0
1988,Polonnaruwa,Osvin Abeygunasekara,957.0,47523.0
1988,Badulla,Osvin Abeygunasekara,3440.0,134443.0
1988,Moneragala,Osvin Abeygunasekara,697.0,26693.0
1988,Rathnapura,Osvin Abeygunasekara,8516.0,349018.0
1988,Kegalle,Osvin Abeygunasekara,6923.0,295413.0009148139
1988,Sri Lanka,Osvin Abeygunasekara,235719.0,5094779.0
1988,Colombo,Oa%,0.04626588604883621,735316.0
1988,Gampaha,Oa%,0.030856516579866832,728113.0
1988,Kaluthara,Oa%,0.03688169730260364,362647.0
1988,Mahanuwara,Oa%,0.01468902449030304,426578.0
1988,Matale,Oa%,0.017743524004564852,63968.0
1988,Nuwara-Eliya,Oa%,0.018684906298326618,180414.0
1988,Galle,Oa%,0.022922441631183378,279945.0
1988,Matara,Oa%,0.02763251217551657,105746.0
1988,Hambanthota,Oa%,0.029848588877244966,83020.0
1988,Jaffna,Oa%,0.35151818068224416,120046.0
1988,Vanni,Oa%,0.18451157151141337,18970.0
1988,Batticalo,Oa%,0.3162721844555815,120919.0
1988,Digamadulla,Oa%,0.05451031809972145,189910.0
1988,Trincomalee,Oa%,0.1749252694640487,80624.0
1988,Kurunegala,Oa%,0.019858364084590404,388603.0
1988,Puttalam,Oa%,0.01825154400124858,224256.0
1988,Anuradapura,Oa%,0.01906750908515162,132635.0
1988,Polonnaruwa,Oa%,0.020138041328226927,47523.0
1988,Badulla,Oa%,0.025587242082087444,134443.0
1988,Moneragala,Oa%,0.02611269294170538,26693.0
1988,Rathnapura,Oa%,0.024399957595188773,349018.0
1988,Kegalle,Oa%,0.023456505682010693,295413.0009148139
1988,Sri Lanka,Oa%,0.04626678532411029,5094779.0
1982,Colombo,J R Jayawardane,436290.0,756032.0
1982,Gampaha,J R Jayawardane,365838.0,696839.0
1982,Kaluthara,J R Jayawardane,211592.0,421893.00141230534
1982,Mahanuwara,J R Jayawardane,289621.0,484300.0000041297
1982,Matale,J R Jayawardane,94031.0,161815.0
1982,Nuwara-Eliya,J R Jayawardane,109017.0,172770.0
1982,Galle,J R Jayawardane,211544.0,421139.0
1982,Matara,J R Jayawardane,164725.0,333984.0
1982,Hambanthota,J R Jayawardane,90545.0,197279.0
1982,Jaffna,J R Jayawardane,44780.0,218004.0
1982,Vanni,J R Jayawardane,32834.0,70740.0
1982,Batticalo,J R Jayawardane,48094.0,120077.0
1982,Digamadulla,J R Jayawardane,90772.0,160971.0
1982,Trincomalee,J R Jayawardane,45522.0,93597.0
1982,Kurunegala,J R Jayawardane,345769.0,619979.0
1982,Puttalam,J R Jayawardane,128877.0,217981.0
1982,Anuradapura,J R Jayawardane,117873.0,236524.0
1982,Polonnaruwa,J R Jayawardane,59414.0,105616.0
1982,Badulla,J R Jayawardane,141062.0,240621.00074862753
1982,Moneragala,J R Jayawardane,51264.0,103822.0
1982,Rathnapura,J R Jayawardane,175903.0,345605.0
1982,Kegalle,J R Jayawardane,195444.0,342763.0
1982,Sri Lanka,J R Jayawardane,3450811.0,6522148.0
1982,Colombo,Jr%,0.577079511289881,756032.0
1982,Gampaha,Jr%,0.5249972016451456,696839.0
1982,Kaluthara,Jr%,0.5022395127427919,421893.00141230534
1982,Mahanuwara,Jr%,0.5980235268853616,484300.0000041297
1982,Matale,Jr%,0.5811054667704896,161815.0
1982,Nuwara-Eliya,Jr%,0.6309986166499777,172770.0
1982,Galle,Jr%,0.5023151556022016,421139.0
1982,Matara,Jr%,0.4932137264471545,333984.0
1982,Hambanthota,Jr%,0.4589716035239611,197279.0
1982,Jaffna,Jr%,0.20541001729334,218004.0
1982,Vanni,Jr%,0.4641569714019141,70740.0
1982,Batticalo,Jr%,0.40052966454578764,120077.0
1982,Digamadulla,Jr%,0.5639063179474436,160971.0
1982,Trincomalee,Jr%,0.4863669387580666,93597.0
1982,Kurunegala,Jr%,0.5577117252547671,619979.0
1982,Puttalam,Jr%,0.591233140655106,217981.0
1982,Anuradapura,Jr%,0.4983574536091627,236524.0
1982,Polonnaruwa,Jr%,0.5625526677081853,105616.0
1982,Badulla,Jr%,0.5866827482947928,240621.00074862753
1982,Moneragala,Jr%,0.4937729361111914,103822.0
1982,Rathnapura,Jr%,0.5089726970752654,345605.0
1982,Kegalle,Jr%,0.5702032313967126,342763.0
1982,Sri Lanka,Jr%,0.529091263965685,6522148.0
1982,Colombo,Hector Kobbekaduwa,276476.0,756032.0
1982,Gampaha,Hector Kobbekaduwa,301808.0,696839.0
1982,Kaluthara,Hector Kobbekaduwa,185874.0,421893.00141230534
1982,Mahanuwara,Hector Kobbekaduwa,178647.0,484300.0000041297
1982,Matale,Hector Kobbekaduwa,59299.0,161815.0
1982,Nuwara-Eliya,Hector Kobbekaduwa,57093.0,172770.0
1982,Galle,Hector Kobbekaduwa,180925.0,421139.0
1982,Matara,Hector Kobbekaduwa,144587.0,333984.0
1982,Hambanthota,Hector Kobbekaduwa,76402.0,197279.0
1982,Jaffna,Hector Kobbekaduwa,77300.0,218004.0
1982,Vanni,Hector Kobbekaduwa,23221.0,70740.0
1982,Batticalo,Hector Kobbekaduwa,21688.0,120077.0
1982,Digamadulla,Hector Kobbekaduwa,53096.0,160971.0
1982,Trincomalee,Hector Kobbekaduwa,31700.0,93597.0
1982,Kurunegala,Hector Kobbekaduwa,248479.0,619979.0
1982,Puttalam,Hector Kobbekaduwa,80006.0,217981.0
1982,Anuradapura,Hector Kobbekaduwa,102973.0,236524.0
1982,Polonnaruwa,Hector Kobbekaduwa,37243.0,105616.0
1982,Badulla,Hector Kobbekaduwa,88642.0,240621.00074862753
1982,Moneragala,Hector Kobbekaduwa,44115.0,103822.0
1982,Rathnapura,Hector Kobbekaduwa,152506.0,345605.0
1982,Kegalle,Hector Kobbekaduwa,126538.0,342763.0
1982,Sri Lanka,Hector Kobbekaduwa,2548438.0,6522148.0
1982,Colombo,Hk%,0.3656939993201337,756032.0
1982,Gampaha,Hk%,0.4331107086582534,696839.0
1982,Kaluthara,Hk%,0.44119469163084474,421893.00141230534
1982,Mahanuwara,Hk%,0.368879014323855,484300.0000041297
1982,Matale,Hk%,0.3664639647990903,161815.0
1982,Nuwara-Eliya,Hk%,0.3304585892145003,172770.0
1982,Galle,Hk%,0.4296097716188043,421139.0
1982,Matara,Hk%,0.4329172442908771,333984.0
1982,Hambanthota,Hk%,0.3872808929530916,197279.0
1982,Jaffna,Hk%,0.3545822763906919,218004.0
1982,Vanni,Hk%,0.328263051499173,70740.0
1982,Batticalo,Hk%,0.18061894133715314,120077.0
1982,Digamadulla,Hk%,0.32985028266136546,160971.0
1982,Trincomalee,Hk%,0.3386896875934869,93597.0
1982,Kurunegala,Hk%,0.40078680211233303,619979.0
1982,Puttalam,Hk%,0.36703367281401966,217981.0
1982,Anuradapura,Hk%,0.43536146590395014,236524.0
1982,Polonnaruwa,Hk%,0.352629834777257,105616.0
1982,Badulla,Hk%,0.36866577940442524,240621.00074862753
1982,Moneragala,Hk%,0.4249140347328575,103822.0
1982,Rathnapura,Hk%,0.4412738278492147,345605.0
1982,Kegalle,Hk%,0.3691716117889381,342763.0
1982,Sri Lanka,Hk%,0.3907360567003473,6522148.0
1982,Colombo,Rohana Wijeweera,28580.0,756032.0
1982,Gampaha,Rohana Wijeweera,23701.0,696839.0
1982,Kaluthara,Rohana Wijeweera,14499.0,421893.00141230534
1982,Mahanuwara,Rohana Wijeweera,12493.0,484300.0000041297
1982,Matale,Rohana Wijeweera,7169.0,161815.0
1982,Nuwara-Eliya,Rohana Wijeweera,4569.0,172770.0
1982,Galle,Rohana Wijeweera,20962.0,421139.0
1982,Matara,Rohana Wijeweera,22117.0,333984.0
1982,Hambanthota,Rohana Wijeweera,28835.0,197279.0
1982,Jaffna,Rohana Wijeweera,3098.0,218004.0
1982,Vanni,Rohana Wijeweera,2286.0,70740.0
1982,Batticalo,Rohana Wijeweera,1287.0,120077.0
1982,Digamadulla,Rohana Wijeweera,7679.0,160971.0
1982,Trincomalee,Rohana Wijeweera,5395.0,93597.0
1982,Kurunegala,Rohana Wijeweera,21835.0,619979.0
1982,Puttalam,Rohana Wijeweera,7001.0,217981.0
1982,Anuradapura,Rohana Wijeweera,13911.0,236524.0
1982,Polonnaruwa,Rohana Wijeweera,8138.0,105616.0
1982,Badulla,Rohana Wijeweera,7713.0,240621.00074862753
1982,Moneragala,Rohana Wijeweera,7171.0,103822.0
1982,Rathnapura,Rohana Wijeweera,11283.0,345605.0
1982,Kegalle,Rohana Wijeweera,13706.0,342763.0
1982,Sri Lanka,Rohana Wijeweera,273428.0,6522148.0
1982,Colombo,Rw%,0.037802682694228144,756032.0
1982,Gampaha,Rw%,0.034012209437487624,696839.0
1982,Kaluthara,Rw%,0.034415151306560456,421893.00141230534
1982,Mahanuwara,Rw%,0.025796154012930082,484300.0000041297
1982,Matale,Rw%,0.044303953922404736,161815.0
1982,Nuwara-Eliya,Rw%,0.026445716534795015,172770.0
1982,Galle,Rw%,0.04977465818805237,421139.0
1982,Matara,Rw%,0.06622193345170263,333984.0
1982,Hambanthota,Rw%,0.14616429606950598,197279.0
1982,Jaffna,Rw%,0.014210813612656706,218004.0
1982,Vanni,Rw%,0.03231597845601436,70740.0
1982,Batticalo,Rw%,0.010718211799193843,120077.0
1982,Digamadulla,Rw%,0.047704541218860655,160971.0
1982,Trincomalee,Rw%,0.057641352194538226,93597.0
1982,Kurunegala,Rw%,0.0352189916416389,619979.0
1982,Puttalam,Rw%,0.032117625470226625,217981.0
1982,Anuradapura,Rw%,0.05881457617229614,236524.0
1982,Polonnaruwa,Rw%,0.07705344884722815,105616.0
1982,Badulla,Rw%,0.03207868907003826,240621.00074862753
1982,Moneragala,Rw%,0.06907080455784476,103822.0
1982,Rathnapura,Rw%,0.03264719158343075,345605.0
1982,Kegalle,Rw%,0.03998692970632684,342763.0
1982,Sri Lanka,Rw%,0.041923004801946356,6522148.0
1982,Colombo,Gg Ponnambalam,3022.0,756032.0
1982,Gampaha,Gg Ponnambalam,534.0,696839.0
1982,Kaluthara,Gg Ponnambalam,443.0,421893.00141230534
1982,Mahanuwara,Gg Ponnambalam,562.0,484300.0000041297
1982,Matale,Gg Ponnambalam,253.0,161815.0
1982,Nuwara-Eliya,Gg Ponnambalam,558.0,172770.0
1982,Galle,Gg Ponnambalam,425.0,421139.0
1982,Matara,Gg Ponnambalam,474.0,333984.0
1982,Hambanthota,Gg Ponnambalam,275.0,197279.0
1982,Jaffna,Gg Ponnambalam,87263.0,218004.0
1982,Vanni,Gg Ponnambalam,11521.0,70740.0
1982,Batticalo,Gg Ponnambalam,47095.0,120077.0
1982,Digamadulla,Gg Ponnambalam,8079.0,160971.0
1982,Trincomalee,Gg Ponnambalam,10068.0,93597.0
1982,Kurunegala,Gg Ponnambalam,509.0,619979.0
1982,Puttalam,Gg Ponnambalam,817.0,217981.0
1982,Anuradapura,Gg Ponnambalam,222.0,236524.0
1982,Polonnaruwa,Gg Ponnambalam,228.0,105616.0
1982,Badulla,Gg Ponnambalam,625.0,240621.00074862753
1982,Moneragala,Gg Ponnambalam,163.0,103822.0
1982,Rathnapura,Gg Ponnambalam,422.0,345605.0
1982,Kegalle,Gg Ponnambalam,376.0,342763.0
1982,Sri Lanka,Gg Ponnambalam,173934.0,6522148.0
1982,Colombo,Gp%,0.0039971905913910935,756032.0
1982,Gampaha,Gp%,0.0007663187139622121,696839.0
1982,Kaluthara,Gp%,0.001051514727140236,421893.00141230534
1982,Mahanuwara,Gp%,0.0011604449335841436,484300.0000041297
1982,Matale,Gp%,0.0015635235517322357,161815.0
1982,Nuwara-Eliya,Gp%,0.003229746077131893,172770.0
1982,Galle,Gp%,0.0010091703907032848,421139.0
1982,Matara,Gp%,0.0014192339131033616,333984.0
1982,Hambanthota,Gp%,0.0013939719583531869,197279.0
1982,Jaffna,Gp%,0.400283482337399,218004.0
1982,Vanni,Gp%,0.16286631136996566,70740.0
1982,Batticalo,Gp%,0.3922099337086512,120077.0
1982,Digamadulla,Gp%,0.05018947629993167,160971.0
1982,Trincomalee,Gp%,0.10756869951707337,93597.0
1982,Kurunegala,Gp%,0.0008209968740826287,619979.0
1982,Puttalam,Gp%,0.0037480502798421873,217981.0
1982,Anuradapura,Gp%,0.0009385979376212884,236524.0
1982,Polonnaruwa,Gp%,0.0021587842635989204,105616.0
1982,Badulla,Gp%,0.0025994010979870238,240621.00074862753
1982,Moneragala,Gp%,0.0015700099209215862,103822.0
1982,Rathnapura,Gp%,0.0012210506822837698,345605.0
1982,Kegalle,Gp%,0.0010969710761402956,342763.0
1982,Sri Lanka,Gp%,0.026668212170010887,6522148.0
1982,Colombo,Colvin R De Silva,9655.0,756032.0
1982,Gampaha,Colvin R De Silva,3835.0,696839.0
1982,Kaluthara,Colvin R De Silva,8613.0,421893.00141230534
1982,Mahanuwara,Colvin R De Silva,2258.0,484300.0000041297
1982,Matale,Colvin R De Silva,866.0,161815.0
1982,Nuwara-Eliya,Colvin R De Silva,1201.0,172770.0
1982,Galle,Colvin R De Silva,6391.0,421139.0
1982,Matara,Colvin R De Silva,1571.0,333984.0
1982,Hambanthota,Colvin R De Silva,877.0,197279.0
1982,Jaffna,Colvin R De Silva,3376.0,218004.0
1982,Vanni,Colvin R De Silva,584.0,70740.0
1982,Batticalo,Colvin R De Silva,1294.0,120077.0
1982,Digamadulla,Colvin R De Silva,967.0,160971.0
1982,Trincomalee,Colvin R De Silva,635.0,93597.0
1982,Kurunegala,Colvin R De Silva,2594.0,619979.0
1982,Puttalam,Colvin R De Silva,1040.0,217981.0
1982,Anuradapura,Colvin R De Silva,1148.0,236524.0
1982,Polonnaruwa,Colvin R De Silva,451.0,105616.0
1982,Badulla,Colvin R De Silva,2115.0,240621.00074862753
1982,Moneragala,Colvin R De Silva,882.0,103822.0
1982,Rathnapura,Colvin R De Silva,1996.0,345605.0
1982,Kegalle,Colvin R De Silva,6184.0,342763.0
1982,Sri Lanka,Colvin R De Silva,58531.0,6522148.0
1982,Colombo,Cr%,0.012770640357339845,756032.0
1982,Gampaha,Cr%,0.005503431213567572,696839.0
1982,Kaluthara,Cr%,0.020444009807807792,421893.00141230534
1982,Mahanuwara,Cr%,0.0046624282206992815,484300.0000041297
1982,Matale,Cr%,0.005351823698814689,161815.0
1982,Nuwara-Eliya,Cr%,0.00695147856386273,172770.0
1982,Galle,Cr%,0.015175548157611045,421139.0
1982,Matara,Cr%,0.004703832230981817,333984.0
1982,Hambanthota,Cr%,0.004445503299911799,197279.0
1982,Jaffna,Cr%,0.01548602542166851,218004.0
1982,Vanni,Cr%,0.008255700532945052,70740.0
1982,Batticalo,Cr%,0.010776508211466071,120077.0
1982,Digamadulla,Cr%,0.006007330558489159,160971.0
1982,Trincomalee,Cr%,0.006784477969143981,93597.0
1982,Kurunegala,Cr%,0.004184019432947621,619979.0
1982,Puttalam,Cr%,0.004771079915588586,217981.0
1982,Anuradapura,Cr%,0.0048536505963479235,236524.0
1982,Polonnaruwa,Cr%,0.004270226767031198,105616.0
1982,Badulla,Cr%,0.008796373315588088,240621.00074862753
1982,Moneragala,Cr%,0.008495391105845638,103822.0
1982,Rathnapura,Cr%,0.005775396118100485,345605.0
1982,Kegalle,Cr%,0.018041673230988264,342763.0
1982,Sri Lanka,Cr%,0.00897419208736019,6522148.0
1982,Colombo,Vasudeva Nanayakkara,2008.0,756032.0
1982,Gampaha,Vasudeva Nanayakkara,1122.0,696839.0
1982,Kaluthara,Vasudeva Nanayakkara,871.0,421893.00141230534
1982,Mahanuwara,Vasudeva Nanayakkara,718.0,484300.0000041297
1982,Matale,Vasudeva Nanayakkara,196.0,161815.0
1982,Nuwara-Eliya,Vasudeva Nanayakkara,331.0,172770.0
1982,Galle,Vasudeva Nanayakkara,891.0,421139.0
1982,Matara,Vasudeva Nanayakkara,509.0,333984.0
1982,Hambanthota,Vasudeva Nanayakkara,344.0,197279.0
1982,Jaffna,Vasudeva Nanayakkara,2186.0,218004.0
1982,Vanni,Vasudeva Nanayakkara,293.0,70740.0
1982,Batticalo,Vasudeva Nanayakkara,618.0,120077.0
1982,Digamadulla,Vasudeva Nanayakkara,377.0,160971.0
1982,Trincomalee,Vasudeva Nanayakkara,276.0,93597.0
1982,Kurunegala,Vasudeva Nanayakkara,792.0,619979.0
1982,Puttalam,Vasudeva Nanayakkara,239.0,217981.0
1982,Anuradapura,Vasudeva Nanayakkara,396.0,236524.0
1982,Polonnaruwa,Vasudeva Nanayakkara,141.0,105616.0
1982,Badulla,Vasudeva Nanayakkara,463.0,240621.00074862753
1982,Moneragala,Vasudeva Nanayakkara,226.0,103822.0
1982,Rathnapura,Vasudeva Nanayakkara,3494.0,345605.0
1982,Kegalle,Vasudeva Nanayakkara,514.0,342763.0
1982,Sri Lanka,Vasudeva Nanayakkara,17005.0,6522148.0
1982,Colombo,Vn%,0.002655975747026246,756032.0
1982,Gampaha,Vn%,0.0016101303315835245,696839.0
1982,Kaluthara,Vn%,0.0020674251181470554,421893.00141230534
1982,Mahanuwara,Vn%,0.0014825613208423757,484300.0000041297
1982,Matale,Vn%,0.0012112672574684515,161815.0
1982,Nuwara-Eliya,Vn%,0.0019158529597323593,172770.0
1982,Galle,Vn%,0.002115696042627357,421139.0
1982,Matara,Vn%,0.001524029666180614,333984.0
1982,Hambanthota,Vn%,0.0017437321951763501,197279.0
1982,Jaffna,Vn%,0.010027384944243887,218004.0
1982,Vanni,Vn%,0.004141986739987843,70740.0
1982,Batticalo,Vn%,0.005146740397748093,120077.0
1982,Digamadulla,Vn%,0.002342051313909424,160971.0
1982,Trincomalee,Vn%,0.002948843967690927,93597.0
1982,Kurunegala,Vn%,0.0012774646842307307,619979.0
1982,Puttalam,Vn%,0.0010964308652169925,217981.0
1982,Anuradapura,Vn%,0.0016742557806217577,236524.0
1982,Polonnaruwa,Vn%,0.0013350376366993324,105616.0
1982,Badulla,Vn%,0.0019256363333887872,240621.00074862753
1982,Moneragala,Vn%,0.002176823571339132,103822.0
1982,Rathnapura,Vn%,0.010109836691704958,345605.0
1982,Kegalle,Vn%,0.0014995828008939147,342763.0
1982,Sri Lanka,Vn%,0.002607270274650357,6522148.0
