video_id,title,channel,published_at,duration_sec,engagement
https://www.youtube.com/@LiveatSriLanka,https://www.youtube.com/watch?v=Dqm2kjmfnvU&pp=ygUkcHJlc2lkZW50aWFsIGVsZWN0aW9uIDIwMjQgc3JpIGxhbmth,@LiveatSriLanka,,,1.0
https://www.youtube.com/@AdaDeranaNews,https://www.youtube.com/watch?v=_dQ5TXI50vA&pp=ygUkcHJlc2lkZW50aWFsIGVsZWN0aW9uIDIwMjQgc3JpIGxhbmth,@AdaDeranaNews,,,1.0
https://www.youtube.com/@AdaDeranaNews,https://www.youtube.com/watch?v=O10zK5R3TDs&pp=ygUkcHJlc2lkZW50aWFsIGVsZWN0aW9uIDIwMjQgc3JpIGxhbmth,@AdaDeranaNews,,,1.0
https://www.youtube.com/@newsfirstsrilanka,https://www.youtube.com/watch?v=Sxx8OWCAvW8&pp=ygUkcHJlc2lkZW50aWFsIGVsZWN0aW9uIDIwMjQgc3JpIGxhbmth,@newsfirstsrilanka,,,1.0
https://www.youtube.com/@AssociatedPress,https://www.youtube.com/watch?v=D0th5CcESzk&pp=ygUkcHJlc2lkZW50aWFsIGVsZWN0aW9uIDIwMjQgc3JpIGxhbmth0gcJCfsJAYcqIYzv,@AssociatedPress,,,1.0
https://www.youtube.com/@APArchive,https://www.youtube.com/watch?v=0mglVcWJRoo&pp=ygUkcHJlc2lkZW50aWFsIGVsZWN0aW9uIDIwMjQgc3JpIGxhbmth,@APArchive,,,1.0
https://www.youtube.com/@AdaDeranaNews,https://www.youtube.com/watch?v=Hf1awaegQy0&pp=ygUkcHJlc2lkZW50aWFsIGVsZWN0aW9uIDIwMjQgc3JpIGxhbmth,@AdaDeranaNews,,,1.0
https://www.youtube.com/@Sigma_Politics_SL,https://www.youtube.com/watch?v=6bKHLM6tuVk&pp=ygUkcHJlc2lkZW50aWFsIGVsZWN0aW9uIDIwMjQgc3JpIGxhbmth,@Sigma_Politics_SL,,,1.0
https://www.youtube.com/@newsfirstsrilanka,https://www.youtube.com/watch?v=MQ1xw7DIRTA&pp=ygUkcHJlc2lkZW50aWFsIGVsZWN0aW9uIDIwMjQgc3JpIGxhbmth,@newsfirstsrilanka,,,1.0
https://www.youtube.com/@BBCNews,https://www.youtube.com/watch?v=BwBycJDD5SY&pp=ygUkcHJlc2lkZW50aWFsIGVsZWN0aW9uIDIwMjQgc3JpIGxhbmth,@BBCNews,,,1.0
https://www.youtube.com/@APArchive,https://www.youtube.com/watch?v=_ywQtPpzOuw&pp=ygUkcHJlc2lkZW50aWFsIGVsZWN0aW9uIDIwMjQgc3JpIGxhbmth,@APArchive,,,1.0
https://www.youtube.com/@theexplorer2019,https://www.youtube.com/watch?v=foXnib5FmCs&pp=ygUkcHJlc2lkZW50aWFsIGVsZWN0aW9uIDIwMjQgc3JpIGxhbmth,@theexplorer2019,,,1.0
https://www.youtube.com/@Sigma_Politics_SL,https://www.youtube.com/watch?v=t-B3N_iqCzw&pp=ygUkcHJlc2lkZW50aWFsIGVsZWN0aW9uIDIwMjQgc3JpIGxhbmth,@Sigma_Politics_SL,,,1.0
https://www.youtube.com/@LiveatSriLanka,https://www.youtube.com/watch?v=Dqm2kjmfnvU&pp=ygUkcHJlc2lkZW50aWFsIGVsZWN0aW9uIDIwMjQgc3JpIGxhbmth,@LiveatSriLanka,,,1.0
https://www.youtube.com/@AdaDeranaNews,https://www.youtube.com/watch?v=_dQ5TXI50vA&pp=ygUkcHJlc2lkZW50aWFsIGVsZWN0aW9uIDIwMjQgc3JpIGxhbmth,@AdaDeranaNews,,,1.0
https://www.youtube.com/@AdaDeranaNews,https://www.youtube.com/watch?v=O10zK5R3TDs&pp=ygUkcHJlc2lkZW50aWFsIGVsZWN0aW9uIDIwMjQgc3JpIGxhbmth,@AdaDeranaNews,,,1.0
https://www.youtube.com/@newsfirstsrilanka,https://www.youtube.com/watch?v=Sxx8OWCAvW8&pp=ygUkcHJlc2lkZW50aWFsIGVsZWN0aW9uIDIwMjQgc3JpIGxhbmth,@newsfirstsrilanka,,,1.0
https://www.youtube.com/@AssociatedPress,https://www.youtube.com/watch?v=D0th5CcESzk&pp=ygUkcHJlc2lkZW50aWFsIGVsZWN0aW9uIDIwMjQgc3JpIGxhbmth0gcJCfsJAYcqIYzv,@AssociatedPress,,,1.0
https://www.youtube.com/@APArchive,https://www.youtube.com/watch?v=0mglVcWJRoo&pp=ygUkcHJlc2lkZW50aWFsIGVsZWN0aW9uIDIwMjQgc3JpIGxhbmth,@APArchive,,,1.0
https://www.youtube.com/@AdaDeranaNews,https://www.youtube.com/watch?v=Hf1awaegQy0&pp=ygUkcHJlc2lkZW50aWFsIGVsZWN0aW9uIDIwMjQgc3JpIGxhbmth,@AdaDeranaNews,,,1.0
