title,description,channel,video_id,published_at,duration_sec,engagement,month,dow,hour,title_len,desc_len,year
https://www.youtube.com/watch?v=Dqm2kjmfnvU&pp=ygUkcHJlc2lkZW50aWFsIGVsZWN0aW9uIDIwMjQgc3JpIGxhbmth,,@LiveatSriLanka,https://www.youtube.com/@LiveatSriLanka,,,1.0,,,,99,0,2024
https://www.youtube.com/watch?v=_dQ5TXI50vA&pp=ygUkcHJlc2lkZW50aWFsIGVsZWN0aW9uIDIwMjQgc3JpIGxhbmth,,@AdaDeranaNews,https://www.youtube.com/@AdaDeranaNews,,,1.0,,,,99,0,2024
https://www.youtube.com/watch?v=O10zK5R3TDs&pp=ygUkcHJlc2lkZW50aWFsIGVsZWN0aW9uIDIwMjQgc3JpIGxhbmth,,@AdaDeranaNews,https://www.youtube.com/@AdaDeranaNews,,,1.0,,,,99,0,2024
https://www.youtube.com/watch?v=Sxx8OWCAvW8&pp=ygUkcHJlc2lkZW50aWFsIGVsZWN0aW9uIDIwMjQgc3JpIGxhbmth,,@newsfirstsrilanka,https://www.youtube.com/@newsfirstsrilanka,,,1.0,,,,99,0,2024
https://www.youtube.com/watch?v=D0th5CcESzk&pp=ygUkcHJlc2lkZW50aWFsIGVsZWN0aW9uIDIwMjQgc3JpIGxhbmth0gcJCfsJAYcqIYzv,,@AssociatedPress,https://www.youtube.com/@AssociatedPress,,,1.0,,,,115,0,2024
https://www.youtube.com/watch?v=0mglVcWJRoo&pp=ygUkcHJlc2lkZW50aWFsIGVsZWN0aW9uIDIwMjQgc3JpIGxhbmth,,@APArchive,https://www.youtube.com/@APArchive,,,1.0,,,,99,0,2024
https://www.youtube.com/watch?v=Hf1awaegQy0&pp=ygUkcHJlc2lkZW50aWFsIGVsZWN0aW9uIDIwMjQgc3JpIGxhbmth,,@AdaDeranaNews,https://www.youtube.com/@AdaDeranaNews,,,1.0,,,,99,0,2024
https://www.youtube.com/watch?v=6bKHLM6tuVk&pp=ygUkcHJlc2lkZW50aWFsIGVsZWN0aW9uIDIwMjQgc3JpIGxhbmth,,@Sigma_Politics_SL,https://www.youtube.com/@Sigma_Politics_SL,,,1.0,,,,99,0,2024
https://www.youtube.com/watch?v=MQ1xw7DIRTA&pp=ygUkcHJlc2lkZW50aWFsIGVsZWN0aW9uIDIwMjQgc3JpIGxhbmth,,@newsfirstsrilanka,https://www.youtube.com/@newsfirstsrilanka,,,1.0,,,,99,0,2024
https://www.youtube.com/watch?v=BwBycJDD5SY&pp=ygUkcHJlc2lkZW50aWFsIGVsZWN0aW9uIDIwMjQgc3JpIGxhbmth,,@BBCNews,https://www.youtube.com/@BBCNews,,,1.0,,,,99,0,2024
https://www.youtube.com/watch?v=_ywQtPpzOuw&pp=ygUkcHJlc2lkZW50aWFsIGVsZWN0aW9uIDIwMjQgc3JpIGxhbmth,,@APArchive,https://www.youtube.com/@APArchive,,,1.0,,,,99,0,2024
https://www.youtube.com/watch?v=foXnib5FmCs&pp=ygUkcHJlc2lkZW50aWFsIGVsZWN0aW9uIDIwMjQgc3JpIGxhbmth,,@theexplorer2019,https://www.youtube.com/@theexplorer2019,,,1.0,,,,99,0,2024
https://www.youtube.com/watch?v=t-B3N_iqCzw&pp=ygUkcHJlc2lkZW50aWFsIGVsZWN0aW9uIDIwMjQgc3JpIGxhbmth,,@Sigma_Politics_SL,https://www.youtube.com/@Sigma_Politics_SL,,,1.0,,,,99,0,2024
https://www.youtube.com/watch?v=Dqm2kjmfnvU&pp=ygUkcHJlc2lkZW50aWFsIGVsZWN0aW9uIDIwMjQgc3JpIGxhbmth,,@LiveatSriLanka,https://www.youtube.com/@LiveatSriLanka,,,1.0,,,,99,0,2024
https://www.youtube.com/watch?v=_dQ5TXI50vA&pp=ygUkcHJlc2lkZW50aWFsIGVsZWN0aW9uIDIwMjQgc3JpIGxhbmth,,@AdaDeranaNews,https://www.youtube.com/@AdaDeranaNews,,,1.0,,,,99,0,2024
https://www.youtube.com/watch?v=O10zK5R3TDs&pp=ygUkcHJlc2lkZW50aWFsIGVsZWN0aW9uIDIwMjQgc3JpIGxhbmth,,@AdaDeranaNews,https://www.youtube.com/@AdaDeranaNews,,,1.0,,,,99,0,2024
https://www.youtube.com/watch?v=Sxx8OWCAvW8&pp=ygUkcHJlc2lkZW50aWFsIGVsZWN0aW9uIDIwMjQgc3JpIGxhbmth,,@newsfirstsrilanka,https://www.youtube.com/@newsfirstsrilanka,,,1.0,,,,99,0,2024
https://www.youtube.com/watch?v=D0th5CcESzk&pp=ygUkcHJlc2lkZW50aWFsIGVsZWN0aW9uIDIwMjQgc3JpIGxhbmth0gcJCfsJAYcqIYzv,,@AssociatedPress,https://www.youtube.com/@AssociatedPress,,,1.0,,,,115,0,2024
https://www.youtube.com/watch?v=0mglVcWJRoo&pp=ygUkcHJlc2lkZW50aWFsIGVsZWN0aW9uIDIwMjQgc3JpIGxhbmth,,@APArchive,https://www.youtube.com/@APArchive,,,1.0,,,,99,0,2024
https://www.youtube.com/watch?v=Hf1awaegQy0&pp=ygUkcHJlc2lkZW50aWFsIGVsZWN0aW9uIDIwMjQgc3JpIGxhbmth,,@AdaDeranaNews,https://www.youtube.com/@AdaDeranaNews,,,1.0,,,,99,0,2024
https://www.youtube.com/watch?v=6bKHLM6tuVk&pp=ygUkcHJlc2lkZW50aWFsIGVsZWN0aW9uIDIwMjQgc3JpIGxhbmth,,@Sigma_Politics_SL,https://www.youtube.com/@Sigma_Politics_SL,,,1.0,,,,99,0,2024
https://www.youtube.com/watch?v=MQ1xw7DIRTA&pp=ygUkcHJlc2lkZW50aWFsIGVsZWN0aW9uIDIwMjQgc3JpIGxhbmth,,@newsfirstsrilanka,https://www.youtube.com/@newsfirstsrilanka,,,1.0,,,,99,0,2024
https://www.youtube.com/watch?v=BwBycJDD5SY&pp=ygUkcHJlc2lkZW50aWFsIGVsZWN0aW9uIDIwMjQgc3JpIGxhbmth,,@BBCNews,https://www.youtube.com/@BBCNews,,,1.0,,,,99,0,2024
https://www.youtube.com/watch?v=_ywQtPpzOuw&pp=ygUkcHJlc2lkZW50aWFsIGVsZWN0aW9uIDIwMjQgc3JpIGxhbmth,,@APArchive,https://www.youtube.com/@APArchive,,,1.0,,,,99,0,2024
https://www.youtube.com/watch?v=foXnib5FmCs&pp=ygUkcHJlc2lkZW50aWFsIGVsZWN0aW9uIDIwMjQgc3JpIGxhbmth,,@theexplorer2019,https://www.youtube.com/@theexplorer2019,,,1.0,,,,99,0,2024
https://www.youtube.com/watch?v=t-B3N_iqCzw&pp=ygUkcHJlc2lkZW50aWFsIGVsZWN0aW9uIDIwMjQgc3JpIGxhbmth,,@Sigma_Politics_SL,https://www.youtube.com/@Sigma_Politics_SL,,,1.0,,,,99,0,2024
https://www.youtube.com/watch?v=RA3jcipUrqM&pp=ygUkcHJlc2lkZW50aWFsIGVsZWN0aW9uIDIwMjQgc3JpIGxhbmth,,@Shaun1993ful,https://www.youtube.com/@Shaun1993ful,,,1.0,,,,99,0,2024
https://www.youtube.com/watch?v=7bf6aKMcn1Q&pp=ygUkcHJlc2lkZW50aWFsIGVsZWN0aW9uIDIwMjQgc3JpIGxhbmth,,@HiruNewsOfficial,https://www.youtube.com/@HiruNewsOfficial,,,1.0,,,,99,0,2024
https://www.youtube.com/watch?v=Q_Tc-p7ZSks&pp=ygUkcHJlc2lkZW50aWFsIGVsZWN0aW9uIDIwMjQgc3JpIGxhbmth,,@WION,https://www.youtube.com/@WION,,,1.0,,,,99,0,2024
https://www.youtube.com/watch?v=x1psgDWagrc&list=RDx1psgDWagrc&start_radio=1&pp=ygUkcHJlc2lkZW50aWFsIGVsZWN0aW9uIDIwMjQgc3JpIGxhbmthoAcB,,@PramukaTV,https://www.youtube.com/@PramukaTV,,,1.0,,,,136,0,2024
https://www.youtube.com/watch?v=wwU_iN7-I0s&pp=ygUkcHJlc2lkZW50aWFsIGVsZWN0aW9uIDIwMjQgc3JpIGxhbmth,,@Rupavahini_News,https://www.youtube.com/@Rupavahini_News,,,1.0,,,,99,0,2024
https://www.youtube.com/watch?v=qUF4-fIh2YE&pp=ygUkcHJlc2lkZW50aWFsIGVsZWN0aW9uIDIwMjQgc3JpIGxhbmth,,@swarnavahininews_live,https://www.youtube.com/@swarnavahininews_live,,,1.0,,,,99,0,2024
https://www.youtube.com/watch?v=aGaTAo8rF4o&pp=ygUkcHJlc2lkZW50aWFsIGVsZWN0aW9uIDIwMjQgc3JpIGxhbmth0gcJCfsJAYcqIYzv,,@WION,https://www.youtube.com/@WION,,,1.0,,,,115,0,2024
https://www.youtube.com/watch?v=uRwQR-D9EmA&pp=ygUkcHJlc2lkZW50aWFsIGVsZWN0aW9uIDIwMjQgc3JpIGxhbmth,,@sportsworld521,https://www.youtube.com/@sportsworld521,,,1.0,,,,99,0,2024
https://www.youtube.com/shorts/wVssf2C_ej0,,@nuwanwaduge1084,https://www.youtube.com/@nuwanwaduge1084,,,1.0,,,,42,0,2024
https://www.youtube.com/watch?v=b5zw2IobtdM&pp=ygUkcHJlc2lkZW50aWFsIGVsZWN0aW9uIDIwMjQgc3JpIGxhbmth,,@France24_en,https://www.youtube.com/@France24_en,,,1.0,,,,99,0,2024
https://www.youtube.com/shorts/C3KtR7Sy34s,,@KLVlogs-n2v,https://www.youtube.com/@KLVlogs-n2v,,,1.0,,,,42,0,2024
https://www.youtube.com/shorts/hM1Slp_rbWs,,@tastetimetoday,https://www.youtube.com/@tastetimetoday,,,1.0,,,,42,0,2024
https://www.youtube.com/watch?v=T_ug5XhqGUA&pp=ygUkcHJlc2lkZW50aWFsIGVsZWN0aW9uIDIwMjQgc3JpIGxhbmth,,@newsfirstsrilanka,https://www.youtube.com/@newsfirstsrilanka,,,1.0,,,,99,0,2024
https://www.youtube.com/watch?v=a4LsShQ9VlM&pp=ygUkcHJlc2lkZW50aWFsIGVsZWN0aW9uIDIwMjQgc3JpIGxhbmth,,@AdaDeranaEnglish,https://www.youtube.com/@AdaDeranaEnglish,,,1.0,,,,99,0,2024
https://www.youtube.com/watch?v=7bf6aKMcn1Q&pp=ygUkcHJlc2lkZW50aWFsIGVsZWN0aW9uIDIwMjQgc3JpIGxhbmth,,@HiruNewsOfficial,https://www.youtube.com/@HiruNewsOfficial,,,1.0,,,,99,0,2024
https://www.youtube.com/watch?v=Q_Tc-p7ZSks&pp=ygUkcHJlc2lkZW50aWFsIGVsZWN0aW9uIDIwMjQgc3JpIGxhbmth,,@WION,https://www.youtube.com/@WION,,,1.0,,,,99,0,2024
https://www.youtube.com/watch?v=x1psgDWagrc&list=RDx1psgDWagrc&start_radio=1&pp=ygUkcHJlc2lkZW50aWFsIGVsZWN0aW9uIDIwMjQgc3JpIGxhbmthoAcB,,@PramukaTV,https://www.youtube.com/@PramukaTV,,,1.0,,,,136,0,2024
https://www.youtube.com/watch?v=wwU_iN7-I0s&pp=ygUkcHJlc2lkZW50aWFsIGVsZWN0aW9uIDIwMjQgc3JpIGxhbmth,,@Rupavahini_News,https://www.youtube.com/@Rupavahini_News,,,1.0,,,,99,0,2024
https://www.youtube.com/watch?v=qUF4-fIh2YE&pp=ygUkcHJlc2lkZW50aWFsIGVsZWN0aW9uIDIwMjQgc3JpIGxhbmth,,@swarnavahininews_live,https://www.youtube.com/@swarnavahininews_live,,,1.0,,,,99,0,2024
https://www.youtube.com/watch?v=aGaTAo8rF4o&pp=ygUkcHJlc2lkZW50aWFsIGVsZWN0aW9uIDIwMjQgc3JpIGxhbmth0gcJCfsJAYcqIYzv,,@WION,https://www.youtube.com/@WION,,,1.0,,,,115,0,2024
https://www.youtube.com/watch?v=uRwQR-D9EmA&pp=ygUkcHJlc2lkZW50aWFsIGVsZWN0aW9uIDIwMjQgc3JpIGxhbmth,,@sportsworld521,https://www.youtube.com/@sportsworld521,,,1.0,,,,99,0,2024
https://www.youtube.com/shorts/wVssf2C_ej0,,@nuwanwaduge1084,https://www.youtube.com/@nuwanwaduge1084,,,1.0,,,,42,0,2024
https://www.youtube.com/watch?v=b5zw2IobtdM&pp=ygUkcHJlc2lkZW50aWFsIGVsZWN0aW9uIDIwMjQgc3JpIGxhbmth,,@France24_en,https://www.youtube.com/@France24_en,,,1.0,,,,99,0,2024
https://www.youtube.com/shorts/C3KtR7Sy34s,,@KLVlogs-n2v,https://www.youtube.com/@KLVlogs-n2v,,,1.0,,,,42,0,2024
https://www.youtube.com/shorts/hM1Slp_rbWs,,@tastetimetoday,https://www.youtube.com/@tastetimetoday,,,1.0,,,,42,0,2024
https://www.youtube.com/watch?v=T_ug5XhqGUA&pp=ygUkcHJlc2lkZW50aWFsIGVsZWN0aW9uIDIwMjQgc3JpIGxhbmth,,@newsfirstsrilanka,https://www.youtube.com/@newsfirstsrilanka,,,1.0,,,,99,0,2024
https://www.youtube.com/watch?v=a4LsShQ9VlM&pp=ygUkcHJlc2lkZW50aWFsIGVsZWN0aW9uIDIwMjQgc3JpIGxhbmth,,@AdaDeranaEnglish,https://www.youtube.com/@AdaDeranaEnglish,,,1.0,,,,99,0,2024
https://www.youtube.com/shorts/UdM9QpUCo-Y,,@amajayadevi6631,https://www.youtube.com/@amajayadevi6631,,,1.0,,,,42,0,2024
https://www.youtube.com/watch?v=dX60dwESw6U&pp=ygUkcHJlc2lkZW50aWFsIGVsZWN0aW9uIDIwMjQgc3JpIGxhbmth,,@WION,https://www.youtube.com/@WION,,,1.0,,,,99,0,2024
https://www.youtube.com/shorts/qFRgu65xSsE,,@nithiyhealthcare,https://www.youtube.com/@nithiyhealthcare,,,1.0,,,,42,0,2024
https://www.youtube.com/watch?v=jDVZefl6aec&pp=ygUkcHJlc2lkZW50aWFsIGVsZWN0aW9uIDIwMjQgc3JpIGxhbmth0gcJCfsJAYcqIYzv,,@insightfulsrilanka354,https://www.youtube.com/@insightfulsrilanka354,,,1.0,,,,115,0,2024
https://www.youtube.com/shorts/uB45gaiboFU,,@CuttingEdgeInsights,https://www.youtube.com/@CuttingEdgeInsights,,,1.0,,,,42,0,2024
https://www.youtube.com/watch?v=uGoU5ib75wQ&pp=ygUkcHJlc2lkZW50aWFsIGVsZWN0aW9uIDIwMjQgc3JpIGxhbmth,,@WION,https://www.youtube.com/@WION,,,1.0,,,,99,0,2024
https://www.youtube.com/watch?v=Sxx8OWCAvW8&pp=ygUkcHJlc2lkZW50aWFsIGVsZWN0aW9uIDIwMjQgc3JpIGxhbmth,,@newsfirstsrilanka,https://www.youtube.com/@newsfirstsrilanka,,,1.0,,,,99,0,2024
https://www.youtube.com/watch?v=HvSe7kK_A_U&pp=ygUkcHJlc2lkZW50aWFsIGVsZWN0aW9uIDIwMjQgc3JpIGxhbmth,,@TheEconomicTimes,https://www.youtube.com/@TheEconomicTimes,,,1.0,,,,99,0,2024
https://www.youtube.com/shorts/eIMgl7bUkQY,,@fmtamizha4969,https://www.youtube.com/@fmtamizha4969,,,1.0,,,,42,0,2024
https://www.youtube.com/watch?v=R4mJTmkzWp4&pp=ygUkcHJlc2lkZW50aWFsIGVsZWN0aW9uIDIwMjQgc3JpIGxhbmth,,@ainijvlog,https://www.youtube.com/@ainijvlog,,,1.0,,,,99,0,2024
https://www.youtube.com/watch?v=CiYis01XWAU&pp=ygUkcHJlc2lkZW50aWFsIGVsZWN0aW9uIDIwMjQgc3JpIGxhbmth,,@NewsoftheWorldtv,https://www.youtube.com/@NewsoftheWorldtv,,,1.0,,,,99,0,2024
https://www.youtube.com/shorts/ZSP-zT5lhuM,,@KLVlogs-n2v,https://www.youtube.com/@KLVlogs-n2v,,,1.0,,,,42,0,2024
https://www.youtube.com/shorts/1t5Qi2JHRWk,,@altair_1983,https://www.youtube.com/@altair_1983,,,1.0,,,,42,0,2024
https://www.youtube.com/shorts/7_Kba-M2jxY,,@Big-D17,https://www.youtube.com/@Big-D17,,,1.0,,,,42,0,2024
https://www.youtube.com/watch?v=c9EgVFuHBsU&pp=ygUkcHJlc2lkZW50aWFsIGVsZWN0aW9uIDIwMjQgc3JpIGxhbmth,,@serendibnews,https://www.youtube.com/@serendibnews,,,1.0,,,,99,0,2024
https://www.youtube.com/shorts/0MTz562Ms2k,,@beetgroot8959,https://www.youtube.com/@beetgroot8959,,,1.0,,,,42,0,2024
https://www.youtube.com/shorts/U4nYucN2Wzk,,@saumyavihanga9414,https://www.youtube.com/@saumyavihanga9414,,,1.0,,,,42,0,2024
https://www.youtube.com/shorts/nsWMR5vP1Ww,,@1993121408,https://www.youtube.com/@1993121408,,,1.0,,,,42,0,2024
https://www.youtube.com/shorts/JFnGjZe0ynA,,@Firstpost,https://www.youtube.com/@Firstpost,,,1.0,,,,42,0,2024
https://www.youtube.com/watch?v=Sxx8OWCAvW8&pp=ygUkcHJlc2lkZW50aWFsIGVsZWN0aW9uIDIwMjQgc3JpIGxhbmth,,@newsfirstsrilanka,https://www.youtube.com/@newsfirstsrilanka,,,1.0,,,,99,0,2024
https://www.youtube.com/watch?v=HvSe7kK_A_U&pp=ygUkcHJlc2lkZW50aWFsIGVsZWN0aW9uIDIwMjQgc3JpIGxhbmth,,@TheEconomicTimes,https://www.youtube.com/@TheEconomicTimes,,,1.0,,,,99,0,2024
https://www.youtube.com/shorts/eIMgl7bUkQY,,@fmtamizha4969,https://www.youtube.com/@fmtamizha4969,,,1.0,,,,42,0,2024
https://www.youtube.com/watch?v=R4mJTmkzWp4&pp=ygUkcHJlc2lkZW50aWFsIGVsZWN0aW9uIDIwMjQgc3JpIGxhbmth,,@ainijvlog,https://www.youtube.com/@ainijvlog,,,1.0,,,,99,0,2024
https://www.youtube.com/watch?v=CiYis01XWAU&pp=ygUkcHJlc2lkZW50aWFsIGVsZWN0aW9uIDIwMjQgc3JpIGxhbmth,,@NewsoftheWorldtv,https://www.youtube.com/@NewsoftheWorldtv,,,1.0,,,,99,0,2024
https://www.youtube.com/shorts/ZSP-zT5lhuM,,@KLVlogs-n2v,https://www.youtube.com/@KLVlogs-n2v,,,1.0,,,,42,0,2024
https://www.youtube.com/shorts/1t5Qi2JHRWk,,@altair_1983,https://www.youtube.com/@altair_1983,,,1.0,,,,42,0,2024
https://www.youtube.com/shorts/7_Kba-M2jxY,,@Big-D17,https://www.youtube.com/@Big-D17,,,1.0,,,,42,0,2024
https://www.youtube.com/watch?v=c9EgVFuHBsU&pp=ygUkcHJlc2lkZW50aWFsIGVsZWN0aW9uIDIwMjQgc3JpIGxhbmth,,@serendibnews,https://www.youtube.com/@serendibnews,,,1.0,,,,99,0,2024
https://www.youtube.com/shorts/0MTz562Ms2k,,@beetgroot8959,https://www.youtube.com/@beetgroot8959,,,1.0,,,,42,0,2024
https://www.youtube.com/shorts/U4nYucN2Wzk,,@saumyavihanga9414,https://www.youtube.com/@saumyavihanga9414,,,1.0,,,,42,0,2024
https://www.youtube.com/shorts/nsWMR5vP1Ww,,@1993121408,https://www.youtube.com/@1993121408,,,1.0,,,,42,0,2024
https://www.youtube.com/shorts/JFnGjZe0ynA,,@Firstpost,https://www.youtube.com/@Firstpost,,,1.0,,,,42,0,2024
https://www.youtube.com/watch?v=6kbyO6FaiQg&pp=ygUkcHJlc2lkZW50aWFsIGVsZWN0aW9uIDIwMjQgc3JpIGxhbmth,,@ARIYAPALAMAHAGEDARA,https://www.youtube.com/@ARIYAPALAMAHAGEDARA,,,1.0,,,,99,0,2024
https://www.youtube.com/shorts/eGlAmy0xhVU,,@LankaTurn,https://www.youtube.com/@LankaTurn,,,1.0,,,,42,0,2024
https://www.youtube.com/watch?v=ty2SSQnh7o0&pp=ygUkcHJlc2lkZW50aWFsIGVsZWN0aW9uIDIwMjQgc3JpIGxhbmth,,@ARIYAPALAMAHAGEDARA,https://www.youtube.com/@ARIYAPALAMAHAGEDARA,,,1.0,,,,99,0,2024
https://www.youtube.com/shorts/_HCM2SRCDrI,,@ykdpro,https://www.youtube.com/@ykdpro,,,1.0,,,,42,0,2024
https://www.youtube.com/watch?v=FxkgjOVd8eQ&pp=ygUkcHJlc2lkZW50aWFsIGVsZWN0aW9uIDIwMjQgc3JpIGxhbmth,,@ISASNUS1,https://www.youtube.com/@ISASNUS1,,,1.0,,,,99,0,2024
https://www.youtube.com/watch?v=F9HuKVM-xkc&pp=ygUkcHJlc2lkZW50aWFsIGVsZWN0aW9uIDIwMjQgc3JpIGxhbmth,,@ARIYAPALAMAHAGEDARA,https://www.youtube.com/@ARIYAPALAMAHAGEDARA,,,1.0,,,,99,0,2024
https://www.youtube.com/watch?v=-zfpDErGOsA&pp=ygUkcHJlc2lkZW50aWFsIGVsZWN0aW9uIDIwMjQgc3JpIGxhbmth,,@serendibnews,https://www.youtube.com/@serendibnews,,,1.0,,,,99,0,2024
https://www.youtube.com/watch?v=qA72yYuvx1I&pp=ygUkcHJlc2lkZW50aWFsIGVsZWN0aW9uIDIwMjQgc3JpIGxhbmth,,@BBCNews,https://www.youtube.com/@BBCNews,,,1.0,,,,99,0,2024
https://www.youtube.com/watch?v=BHvY0-DVsQg&pp=ygUkcHJlc2lkZW50aWFsIGVsZWN0aW9uIDIwMjQgc3JpIGxhbmth,,@irshardjemzeed5092,https://www.youtube.com/@irshardjemzeed5092,,,1.0,,,,99,0,2024
https://www.youtube.com/shorts/zNzjcEFEuH0,,@FINGERPRINT-h3h,https://www.youtube.com/@FINGERPRINT-h3h,,,1.0,,,,42,0,2024
https://www.youtube.com/watch?v=gyRKqChWWEQ&pp=ygUkcHJlc2lkZW50aWFsIGVsZWN0aW9uIDIwMjQgc3JpIGxhbmth,,@WION,https://www.youtube.com/@WION,,,1.0,,,,99,0,2024
https://www.youtube.com/shorts/TZVUrEDYV6w,,@GlobalStandardNews-GSN,https://www.youtube.com/@GlobalStandardNews-GSN,,,1.0,,,,42,0,2024
https://www.youtube.com/shorts/xJanxmNvYGY,,@Amazingsrilanka_96,https://www.youtube.com/@Amazingsrilanka_96,,,1.0,,,,42,0,2024
https://www.youtube.com/shorts/OKebSg_JASs,,@TalkwithLankans740,https://www.youtube.com/@TalkwithLankans740,,,1.0,,,,42,0,2024
https://www.youtube.com/shorts/3Sy6GBEUvew,,@Nature_Nest24,https://www.youtube.com/@Nature_Nest24,,,1.0,,,,42,0,2024
https://www.youtube.com/watch?v=lil2R_TsiJg&pp=ygUkcHJlc2lkZW50aWFsIGVsZWN0aW9uIDIwMjQgc3JpIGxhbmth,,@ARIYAPALAMAHAGEDARA,https://www.youtube.com/@ARIYAPALAMAHAGEDARA,,,1.0,,,,99,0,2024
https://www.youtube.com/shorts/3GlE7bu877Y,,@NDTV,https://www.youtube.com/@NDTV,,,1.0,,,,42,0,2024
https://www.youtube.com/shorts/qRcH8Xq5CJs,,@vrsam7611,https://www.youtube.com/@vrsam7611,,,1.0,,,,42,0,2024
https://www.youtube.com/shorts/AJquvy222iE,,@MinuteHeadlinesShorts,https://www.youtube.com/@MinuteHeadlinesShorts,,,1.0,,,,42,0,2024
https://www.youtube.com/shorts/z9kh1AWJLSw,,@vrsam7611,https://www.youtube.com/@vrsam7611,,,1.0,,,,42,0,2024
https://www.youtube.com/watch?v=XZPJ6O4rNO8&pp=ygUkcHJlc2lkZW50aWFsIGVsZWN0aW9uIDIwMjQgc3JpIGxhbmth,,@Jadetimes,https://www.youtube.com/@Jadetimes,,,1.0,,,,99,0,2024
https://www.youtube.com/watch?v=-zfpDErGOsA&pp=ygUkcHJlc2lkZW50aWFsIGVsZWN0aW9uIDIwMjQgc3JpIGxhbmth,,@serendibnews,https://www.youtube.com/@serendibnews,,,1.0,,,,99,0,2024
https://www.youtube.com/watch?v=qA72yYuvx1I&pp=ygUkcHJlc2lkZW50aWFsIGVsZWN0aW9uIDIwMjQgc3JpIGxhbmth,,@BBCNews,https://www.youtube.com/@BBCNews,,,1.0,,,,99,0,2024
https://www.youtube.com/watch?v=BHvY0-DVsQg&pp=ygUkcHJlc2lkZW50aWFsIGVsZWN0aW9uIDIwMjQgc3JpIGxhbmth,,@irshardjemzeed5092,https://www.youtube.com/@irshardjemzeed5092,,,1.0,,,,99,0,2024
https://www.youtube.com/shorts/zNzjcEFEuH0,,@FINGERPRINT-h3h,https://www.youtube.com/@FINGERPRINT-h3h,,,1.0,,,,42,0,2024
https://www.youtube.com/watch?v=gyRKqChWWEQ&pp=ygUkcHJlc2lkZW50aWFsIGVsZWN0aW9uIDIwMjQgc3JpIGxhbmth,,@WION,https://www.youtube.com/@WION,,,1.0,,,,99,0,2024
https://www.youtube.com/shorts/TZVUrEDYV6w,,@GlobalStandardNews-GSN,https://www.youtube.com/@GlobalStandardNews-GSN,,,1.0,,,,42,0,2024
https://www.youtube.com/shorts/xJanxmNvYGY,,@Amazingsrilanka_96,https://www.youtube.com/@Amazingsrilanka_96,,,1.0,,,,42,0,2024
https://www.youtube.com/shorts/OKebSg_JASs,,@TalkwithLankans740,https://www.youtube.com/@TalkwithLankans740,,,1.0,,,,42,0,2024
https://www.youtube.com/shorts/3Sy6GBEUvew,,@Nature_Nest24,https://www.youtube.com/@Nature_Nest24,,,1.0,,,,42,0,2024
https://www.youtube.com/watch?v=lil2R_TsiJg&pp=ygUkcHJlc2lkZW50aWFsIGVsZWN0aW9uIDIwMjQgc3JpIGxhbmth,,@ARIYAPALAMAHAGEDARA,https://www.youtube.com/@ARIYAPALAMAHAGEDARA,,,1.0,,,,99,0,2024
https://www.youtube.com/shorts/3GlE7bu877Y,,@NDTV,https://www.youtube.com/@NDTV,,,1.0,,,,42,0,2024
https://www.youtube.com/shorts/qRcH8Xq5CJs,,@vrsam7611,https://www.youtube.com/@vrsam7611,,,1.0,,,,42,0,2024
https://www.youtube.com/shorts/AJquvy222iE,,@MinuteHeadlinesShorts,https://www.youtube.com/@MinuteHeadlinesShorts,,,1.0,,,,42,0,2024
https://www.youtube.com/shorts/z9kh1AWJLSw,,@vrsam7611,https://www.youtube.com/@vrsam7611,,,1.0,,,,42,0,2024
https://www.youtube.com/watch?v=XZPJ6O4rNO8&pp=ygUkcHJlc2lkZW50aWFsIGVsZWN0aW9uIDIwMjQgc3JpIGxhbmth,,@Jadetimes,https://www.youtube.com/@Jadetimes,,,1.0,,,,99,0,2024
https://www.youtube.com/shorts/6myY5c7XfpA,,@LankaTurn,https://www.youtube.com/@LankaTurn,,,1.0,,,,42,0,2024
https://www.youtube.com/watch?v=q62Cp-DDrFA&pp=ygUkcHJlc2lkZW50aWFsIGVsZWN0aW9uIDIwMjQgc3JpIGxhbmth,,@Shaun1993ful,https://www.youtube.com/@Shaun1993ful,,,1.0,,,,99,0,2024
https://www.youtube.com/shorts/4LhARPsS3PM,,@SriLankaEconomy-g7l,https://www.youtube.com/@SriLankaEconomy-g7l,,,1.0,,,,42,0,2024
https://www.youtube.com/watch?v=AGRM3ret4K0&pp=ygUkcHJlc2lkZW50aWFsIGVsZWN0aW9uIDIwMjQgc3JpIGxhbmth,,@FaceTv-g9p,https://www.youtube.com/@FaceTv-g9p,,,1.0,,,,99,0,2024
https://www.youtube.com/shorts/8UKQIxRPOjw,,@EnigmaExploreDNM,https://www.youtube.com/@EnigmaExploreDNM,,,1.0,,,,42,0,2024
https://www.youtube.com/watch?v=Sxx8OWCAvW8&pp=ygUkcHJlc2lkZW50aWFsIGVsZWN0aW9uIDIwMjQgc3JpIGxhbmth,,@newsfirstsrilanka,https://www.youtube.com/@newsfirstsrilanka,,,1.0,,,,99,0,2024
https://www.youtube.com/shorts/1xCC_4Wcqbg,,@sltravelman-lk,https://www.youtube.com/@sltravelman-lk,,,1.0,,,,42,0,2024
https://www.youtube.com/shorts/qnOLGFwHVHE,,@ausikolla,https://www.youtube.com/@ausikolla,,,1.0,,,,42,0,2024
https://www.youtube.com/shorts/6mnDeSQCwiE,,@TheGreatHeisman,https://www.youtube.com/@TheGreatHeisman,,,1.0,,,,42,0,2024
https://www.youtube.com/shorts/U3XZipTgyhY,,@NimNavlogsinSriLanka,https://www.youtube.com/@NimNavlogsinSriLanka,,,1.0,,,,42,0,2024
https://www.youtube.com/watch?v=xn2hSFsMz5s&pp=ygUkcHJlc2lkZW50aWFsIGVsZWN0aW9uIDIwMjQgc3JpIGxhbmth,,@HarshadewaLifeandTech,https://www.youtube.com/@HarshadewaLifeandTech,,,1.0,,,,99,0,2024
https://www.youtube.com/watch?v=YOz4wJlLsTQ&pp=ygUkcHJlc2lkZW50aWFsIGVsZWN0aW9uIDIwMjQgc3JpIGxhbmth,,@ARIYAPALAMAHAGEDARA,https://www.youtube.com/@ARIYAPALAMAHAGEDARA,,,1.0,,,,99,0,2024
https://www.youtube.com/shorts/fGdty_kKwNA,,@Eduexpress-510,https://www.youtube.com/@Eduexpress-510,,,1.0,,,,42,0,2024
https://www.youtube.com/shorts/xR_e7eQbx7I,,@DDIndia,https://www.youtube.com/@DDIndia,,,1.0,,,,42,0,2024
https://www.youtube.com/watch?v=T2iFjbz8g1w&pp=ygUkcHJlc2lkZW50aWFsIGVsZWN0aW9uIDIwMjQgc3JpIGxhbmth,,@serendibnews,https://www.youtube.com/@serendibnews,,,1.0,,,,99,0,2024
https://www.youtube.com/shorts/LBJxE6J3C-o,,@USPR-os2do,https://www.youtube.com/@USPR-os2do,,,1.0,,,,42,0,2024
https://www.youtube.com/watch?v=cWr44iNV3tw&pp=ygUkcHJlc2lkZW50aWFsIGVsZWN0aW9uIDIwMjQgc3JpIGxhbmth,,@KTAstroOfficial,https://www.youtube.com/@KTAstroOfficial,,,1.0,,,,99,0,2024
https://www.youtube.com/shorts/rwbfZ0HRkI0,,@learnwithabiya7915,https://www.youtube.com/@learnwithabiya7915,,,1.0,,,,42,0,2024
https://www.youtube.com/watch?v=tNqUACvn2Jw&pp=ygUkcHJlc2lkZW50aWFsIGVsZWN0aW9uIDIwMjQgc3JpIGxhbmth,,@SanjanaHattotuwa,https://www.youtube.com/@SanjanaHattotuwa,,,1.0,,,,99,0,2024
https://www.youtube.com/shorts/iUJz-ORAEQA,,@WanderlustwithLakzan,https://www.youtube.com/@WanderlustwithLakzan,,,1.0,,,,42,0,2024
https://www.youtube.com/shorts/S-NAa5wqGRs,,@vrsam7611,https://www.youtube.com/@vrsam7611,,,1.0,,,,42,0,2024
https://www.youtube.com/shorts/8UKQIxRPOjw,,@EnigmaExploreDNM,https://www.youtube.com/@EnigmaExploreDNM,,,1.0,,,,42,0,2024
https://www.youtube.com/shorts/1xCC_4Wcqbg,,@sltravelman-lk,https://www.youtube.com/@sltravelman-lk,,,1.0,,,,42,0,2024
https://www.youtube.com/shorts/qnOLGFwHVHE,,@ausikolla,https://www.youtube.com/@ausikolla,,,1.0,,,,42,0,2024
https://www.youtube.com/shorts/6mnDeSQCwiE,,@TheGreatHeisman,https://www.youtube.com/@TheGreatHeisman,,,1.0,,,,42,0,2024
https://www.youtube.com/shorts/U3XZipTgyhY,,@NimNavlogsinSriLanka,https://www.youtube.com/@NimNavlogsinSriLanka,,,1.0,,,,42,0,2024
https://www.youtube.com/watch?v=xn2hSFsMz5s&pp=ygUkcHJlc2lkZW50aWFsIGVsZWN0aW9uIDIwMjQgc3JpIGxhbmth,,@HarshadewaLifeandTech,https://www.youtube.com/@HarshadewaLifeandTech,,,1.0,,,,99,0,2024
https://www.youtube.com/watch?v=YOz4wJlLsTQ&pp=ygUkcHJlc2lkZW50aWFsIGVsZWN0aW9uIDIwMjQgc3JpIGxhbmth,,@ARIYAPALAMAHAGEDARA,https://www.youtube.com/@ARIYAPALAMAHAGEDARA,,,1.0,,,,99,0,2024
https://www.youtube.com/shorts/fGdty_kKwNA,,@Eduexpress-510,https://www.youtube.com/@Eduexpress-510,,,1.0,,,,42,0,2024
https://www.youtube.com/shorts/xR_e7eQbx7I,,@DDIndia,https://www.youtube.com/@DDIndia,,,1.0,,,,42,0,2024
https://www.youtube.com/watch?v=T2iFjbz8g1w&pp=ygUkcHJlc2lkZW50aWFsIGVsZWN0aW9uIDIwMjQgc3JpIGxhbmth,,@serendibnews,https://www.youtube.com/@serendibnews,,,1.0,,,,99,0,2024
https://www.youtube.com/shorts/LBJxE6J3C-o,,@USPR-os2do,https://www.youtube.com/@USPR-os2do,,,1.0,,,,42,0,2024
https://www.youtube.com/watch?v=cWr44iNV3tw&pp=ygUkcHJlc2lkZW50aWFsIGVsZWN0aW9uIDIwMjQgc3JpIGxhbmth,,@KTAstroOfficial,https://www.youtube.com/@KTAstroOfficial,,,1.0,,,,99,0,2024
https://www.youtube.com/shorts/rwbfZ0HRkI0,,@learnwithabiya7915,https://www.youtube.com/@learnwithabiya7915,,,1.0,,,,42,0,2024
https://www.youtube.com/watch?v=tNqUACvn2Jw&pp=ygUkcHJlc2lkZW50aWFsIGVsZWN0aW9uIDIwMjQgc3JpIGxhbmth,,@SanjanaHattotuwa,https://www.youtube.com/@SanjanaHattotuwa,,,1.0,,,,99,0,2024
https://www.youtube.com/shorts/iUJz-ORAEQA,,@WanderlustwithLakzan,https://www.youtube.com/@WanderlustwithLakzan,,,1.0,,,,42,0,2024
https://www.youtube.com/shorts/S-NAa5wqGRs,,@vrsam7611,https://www.youtube.com/@vrsam7611,,,1.0,,,,42,0,2024
https://www.youtube.com/watch?v=fgbjONZBwO4&pp=ygUkcHJlc2lkZW50aWFsIGVsZWN0aW9uIDIwMjQgc3JpIGxhbmth,,@Sunshine-u2o,https://www.youtube.com/@Sunshine-u2o,,,1.0,,,,99,0,2024
https://www.youtube.com/watch?v=lbjMQTaBbeg&pp=ygUkcHJlc2lkZW50aWFsIGVsZWN0aW9uIDIwMjQgc3JpIGxhbmth,,@LankaTurn,https://www.youtube.com/@LankaTurn,,,1.0,,,,99,0,2024
https://www.youtube.com/watch?v=bWlvkFbb-fY&pp=ygUkcHJlc2lkZW50aWFsIGVsZWN0aW9uIDIwMjQgc3JpIGxhbmth,,@ARIYAPALAMAHAGEDARA,https://www.youtube.com/@ARIYAPALAMAHAGEDARA,,,1.0,,,,99,0,2024
https://www.youtube.com/watch?v=qA72yYuvx1I&pp=ygUkcHJlc2lkZW50aWFsIGVsZWN0aW9uIDIwMjQgc3JpIGxhbmth,,@BBCNews,https://www.youtube.com/@BBCNews,,,1.0,,,,99,0,2024
