title,description,channel,video_id,published_at,duration_sec,engagement,month,dow,hour,title_len,desc_len,year
https://www.youtube.com/watch?v=6bKHLM6tuVk&pp=ygUkcHJlc2lkZW50aWFsIGVsZWN0aW9uIDIwMTkgc3JpIGxhbmth,,@Sigma_Politics_SL,https://www.youtube.com/@Sigma_Politics_SL,,,1.0,,,,99,0,2019
https://www.youtube.com/watch?v=i8SfogofKI8&pp=ygUkcHJlc2lkZW50aWFsIGVsZWN0aW9uIDIwMTkgc3JpIGxhbmth,,@AdaDeranaNews,https://www.youtube.com/@AdaDeranaNews,,,1.0,,,,99,0,2019
https://www.youtube.com/watch?v=HfHyTbA1AWU&pp=ygUkcHJlc2lkZW50aWFsIGVsZWN0aW9uIDIwMTkgc3JpIGxhbmth,,@HiruNewsIntl,https://www.youtube.com/@HiruNewsIntl,,,1.0,,,,99,0,2019
https://www.youtube.com/watch?v=Dqm2kjmfnvU&pp=ygUkcHJlc2lkZW50aWFsIGVsZWN0aW9uIDIwMTkgc3JpIGxhbmth,,@LiveatSriLanka,https://www.youtube.com/@LiveatSriLanka,,,1.0,,,,99,0,2019
https://www.youtube.com/watch?v=iANf3fpKY0U&pp=ygUkcHJlc2lkZW50aWFsIGVsZWN0aW9uIDIwMTkgc3JpIGxhbmth,,@newsfirstsrilanka,https://www.youtube.com/@newsfirstsrilanka,,,1.0,,,,99,0,2019
https://www.youtube.com/watch?v=ZxbXvBM90Bs&pp=ygUkcHJlc2lkZW50aWFsIGVsZWN0aW9uIDIwMTkgc3JpIGxhbmth,,@SLGeek,https://www.youtube.com/@SLGeek,,,1.0,,,,99,0,2019
https://www.youtube.com/watch?v=e6tXRE1gnFY&pp=ygUkcHJlc2lkZW50aWFsIGVsZWN0aW9uIDIwMTkgc3JpIGxhbmth,,@departmentofgovernmentinfo7148,https://www.youtube.com/@departmentofgovernmentinfo7148,,,1.0,,,,99,0,2019
https://www.youtube.com/watch?v=2iJMWCWO8Rc&pp=ygUkcHJlc2lkZW50aWFsIGVsZWN0aW9uIDIwMTkgc3JpIGxhbmth,,@TRTWorldNow,https://www.youtube.com/@TRTWorldNow,,,1.0,,,,99,0,2019
https://www.youtube.com/watch?v=6Z8EPNo6N2c&pp=ygUkcHJlc2lkZW50aWFsIGVsZWN0aW9uIDIwMTkgc3JpIGxhbmth,,@sltv9399,https://www.youtube.com/@sltv9399,,,1.0,,,,99,0,2019
https://www.youtube.com/watch?v=OyzNYyU64ik&pp=ygUkcHJlc2lkZW50aWFsIGVsZWN0aW9uIDIwMTkgc3JpIGxhbmth,,@newsfirstsrilanka,https://www.youtube.com/@newsfirstsrilanka,,,1.0,,,,99,0,2019
https://www.youtube.com/watch?v=ePJ01lZfKFo&pp=ygUkcHJlc2lkZW50aWFsIGVsZWN0aW9uIDIwMTkgc3JpIGxhbmth0gcJCfsJAYcqIYzv,,@massmedianews137,https://www.youtube.com/@massmedianews137,,,1.0,,,,115,0,2019
https://www.youtube.com/watch?v=x-2BwkbDm4U&pp=ygUkcHJlc2lkZW50aWFsIGVsZWN0aW9uIDIwMTkgc3JpIGxhbmth,,@AdaDeranaNews,https://www.youtube.com/@AdaDeranaNews,,,1.0,,,,99,0,2019
https://www.youtube.com/watch?v=_dQ5TXI50vA&pp=ygUkcHJlc2lkZW50aWFsIGVsZWN0aW9uIDIwMTkgc3JpIGxhbmth0gcJCfsJAYcqIYzv,,@AdaDeranaNews,https://www.youtube.com/@AdaDeranaNews,,,1.0,,,,115,0,2019
https://www.youtube.com/watch?v=6xoW9QEMHvY&pp=ygUkcHJlc2lkZW50aWFsIGVsZWN0aW9uIDIwMTkgc3JpIGxhbmth,,@nuuuwan,https://www.youtube.com/@nuuuwan,,,1.0,,,,99,0,2019
https://www.youtube.com/watch?v=pgKQ0yPTmhc&pp=ygUkcHJlc2lkZW50aWFsIGVsZWN0aW9uIDIwMTkgc3JpIGxhbmth,,@WION,https://www.youtube.com/@WION,,,1.0,,,,99,0,2019
https://www.youtube.com/watch?v=PNw7O-_htY0&pp=ygUkcHJlc2lkZW50aWFsIGVsZWN0aW9uIDIwMTkgc3JpIGxhbmth,,@newsfirstsrilanka,https://www.youtube.com/@newsfirstsrilanka,,,1.0,,,,99,0,2019
https://www.youtube.com/watch?v=C2UU1AVxT-Q&pp=ygUkcHJlc2lkZW50aWFsIGVsZWN0aW9uIDIwMTkgc3JpIGxhbmth,,@ErangaJanaka,https://www.youtube.com/@ErangaJanaka,,,1.0,,,,99,0,2019
https://www.youtube.com/watch?v=NbLfQYzTDeo&pp=ygUkcHJlc2lkZW50aWFsIGVsZWN0aW9uIDIwMTkgc3JpIGxhbmth,,@cgtnamerica,https://www.youtube.com/@cgtnamerica,,,1.0,,,,99,0,2019
https://www.youtube.com/watch?v=i0DA6Z9J4k8&pp=ygUkcHJlc2lkZW50aWFsIGVsZWN0aW9uIDIwMTkgc3JpIGxhbmth,,@WION,https://www.youtube.com/@WION,,,1.0,,,,99,0,2019
https://www.youtube.com/watch?v=ePJ01lZfKFo&pp=ygUkcHJlc2lkZW50aWFsIGVsZWN0aW9uIDIwMTkgc3JpIGxhbmth0gcJCfsJAYcqIYzv,,@massmedianews137,https://www.youtube.com/@massmedianews137,,,1.0,,,,115,0,2019
https://www.youtube.com/watch?v=x-2BwkbDm4U&pp=ygUkcHJlc2lkZW50aWFsIGVsZWN0aW9uIDIwMTkgc3JpIGxhbmth,,@AdaDeranaNews,https://www.youtube.com/@AdaDeranaNews,,,1.0,,,,99,0,2019
https://www.youtube.com/watch?v=_dQ5TXI50vA&pp=ygUkcHJlc2lkZW50aWFsIGVsZWN0aW9uIDIwMTkgc3JpIGxhbmth0gcJCfsJAYcqIYzv,,@AdaDeranaNews,https://www.youtube.com/@AdaDeranaNews,,,1.0,,,,115,0,2019
https://www.youtube.com/watch?v=6xoW9QEMHvY&pp=ygUkcHJlc2lkZW50aWFsIGVsZWN0aW9uIDIwMTkgc3JpIGxhbmth,,@nuuuwan,https://www.youtube.com/@nuuuwan,,,1.0,,,,99,0,2019
https://www.youtube.com/watch?v=pgKQ0yPTmhc&pp=ygUkcHJlc2lkZW50aWFsIGVsZWN0aW9uIDIwMTkgc3JpIGxhbmth,,@WION,https://www.youtube.com/@WION,,,1.0,,,,99,0,2019
https://www.youtube.com/watch?v=PNw7O-_htY0&pp=ygUkcHJlc2lkZW50aWFsIGVsZWN0aW9uIDIwMTkgc3JpIGxhbmth,,@newsfirstsrilanka,https://www.youtube.com/@newsfirstsrilanka,,,1.0,,,,99,0,2019
https://www.youtube.com/watch?v=C2UU1AVxT-Q&pp=ygUkcHJlc2lkZW50aWFsIGVsZWN0aW9uIDIwMTkgc3JpIGxhbmth,,@ErangaJanaka,https://www.youtube.com/@ErangaJanaka,,,1.0,,,,99,0,2019
https://www.youtube.com/watch?v=NbLfQYzTDeo&pp=ygUkcHJlc2lkZW50aWFsIGVsZWN0aW9uIDIwMTkgc3JpIGxhbmth,,@cgtnamerica,https://www.youtube.com/@cgtnamerica,,,1.0,,,,99,0,2019
https://www.youtube.com/watch?v=i0DA6Z9J4k8&pp=ygUkcHJlc2lkZW50aWFsIGVsZWN0aW9uIDIwMTkgc3JpIGxhbmth,,@WION,https://www.youtube.com/@WION,,,1.0,,,,99,0,2019
https://www.youtube.com/shorts/lOa1OoIxxfA,,@trtworld,https://www.youtube.com/@trtworld,,,1.0,,,,42,0,2019
https://www.youtube.com/shorts/66mA4TOPSMc,,@sheharavlog5090,https://www.youtube.com/@sheharavlog5090,,,1.0,,,,42,0,2019
https://www.youtube.com/watch?v=WFD-BiIT-RM&pp=ygUkcHJlc2lkZW50aWFsIGVsZWN0aW9uIDIwMTkgc3JpIGxhbmth,,@sltv9399,https://www.youtube.com/@sltv9399,,,1.0,,,,99,0,2019
https://www.youtube.com/watch?v=7ukp-Gr3Ols&pp=ygUkcHJlc2lkZW50aWFsIGVsZWN0aW9uIDIwMTkgc3JpIGxhbmth,,@ourplight,https://www.youtube.com/@ourplight,,,1.0,,,,99,0,2019
https://www.youtube.com/watch?v=CKOr3NqFNo0&pp=ygUkcHJlc2lkZW50aWFsIGVsZWN0aW9uIDIwMTkgc3JpIGxhbmth,,@redotlive9564,https://www.youtube.com/@redotlive9564,,,1.0,,,,99,0,2019
https://www.youtube.com/watch?v=8Aj6EyXSVNA&pp=ygUkcHJlc2lkZW50aWFsIGVsZWN0aW9uIDIwMTkgc3JpIGxhbmth,,@TRTWorldNow,https://www.youtube.com/@TRTWorldNow,,,1.0,,,,99,0,2019
https://www.youtube.com/watch?v=FpNSsEKXvpc&pp=ygUkcHJlc2lkZW50aWFsIGVsZWN0aW9uIDIwMTkgc3JpIGxhbmth,,@WION,https://www.youtube.com/@WION,,,1.0,,,,99,0,2019
https://www.youtube.com/shorts/lOa1OoIxxfA,,@trtworld,https://www.youtube.com/@trtworld,,,1.0,,,,42,0,2019
https://www.youtube.com/shorts/66mA4TOPSMc,,@sheharavlog5090,https://www.youtube.com/@sheharavlog5090,,,1.0,,,,42,0,2019
https://www.youtube.com/watch?v=WFD-BiIT-RM&pp=ygUkcHJlc2lkZW50aWFsIGVsZWN0aW9uIDIwMTkgc3JpIGxhbmth,,@sltv9399,https://www.youtube.com/@sltv9399,,,1.0,,,,99,0,2019
https://www.youtube.com/watch?v=7ukp-Gr3Ols&pp=ygUkcHJlc2lkZW50aWFsIGVsZWN0aW9uIDIwMTkgc3JpIGxhbmth,,@ourplight,https://www.youtube.com/@ourplight,,,1.0,,,,99,0,2019
https://www.youtube.com/watch?v=CKOr3NqFNo0&pp=ygUkcHJlc2lkZW50aWFsIGVsZWN0aW9uIDIwMTkgc3JpIGxhbmth,,@redotlive9564,https://www.youtube.com/@redotlive9564,,,1.0,,,,99,0,2019
https://www.youtube.com/watch?v=8Aj6EyXSVNA&pp=ygUkcHJlc2lkZW50aWFsIGVsZWN0aW9uIDIwMTkgc3JpIGxhbmth,,@TRTWorldNow,https://www.youtube.com/@TRTWorldNow,,,1.0,,,,99,0,2019
https://www.youtube.com/watch?v=FpNSsEKXvpc&pp=ygUkcHJlc2lkZW50aWFsIGVsZWN0aW9uIDIwMTkgc3JpIGxhbmth,,@WION,https://www.youtube.com/@WION,,,1.0,,,,99,0,2019
https://www.youtube.com/watch?v=O7BpBfpPwY4&pp=ygUkcHJlc2lkZW50aWFsIGVsZWN0aW9uIDIwMTkgc3JpIGxhbmth,,@VinothKumar-iz5hd,https://www.youtube.com/@VinothKumar-iz5hd,,,1.0,,,,99,0,2019
https://www.youtube.com/watch?v=6pSwkALU0vc&pp=ygUkcHJlc2lkZW50aWFsIGVsZWN0aW9uIDIwMTkgc3JpIGxhbmth,,@runningstats2112,https://www.youtube.com/@runningstats2112,,,1.0,,,,99,0,2019
https://www.youtube.com/watch?v=nLppCZEA6jg&pp=ygUkcHJlc2lkZW50aWFsIGVsZWN0aW9uIDIwMTkgc3JpIGxhbmth,,@sltv9399,https://www.youtube.com/@sltv9399,,,1.0,,,,99,0,2019
https://www.youtube.com/watch?v=5yMAd0079V4&pp=ygUkcHJlc2lkZW50aWFsIGVsZWN0aW9uIDIwMTkgc3JpIGxhbmth,,@WION,https://www.youtube.com/@WION,,,1.0,,,,99,0,2019
https://www.youtube.com/watch?v=ZOvBroXoj5Q&pp=ygUkcHJlc2lkZW50aWFsIGVsZWN0aW9uIDIwMTkgc3JpIGxhbmth,,@pihanrossa6275,https://www.youtube.com/@pihanrossa6275,,,1.0,,,,99,0,2019
https://www.youtube.com/watch?v=lxfPIBEdsGE&pp=ygUkcHJlc2lkZW50aWFsIGVsZWN0aW9uIDIwMTkgc3JpIGxhbmth,,@AdaDeranaNews,https://www.youtube.com/@AdaDeranaNews,,,1.0,,,,99,0,2019
https://www.youtube.com/watch?v=HxMq8kC_WPw&pp=ygUkcHJlc2lkZW50aWFsIGVsZWN0aW9uIDIwMTkgc3JpIGxhbmth,,@WION,https://www.youtube.com/@WION,,,1.0,,,,99,0,2019
https://www.youtube.com/watch?v=diIysf3xwJo&pp=ygUkcHJlc2lkZW50aWFsIGVsZWN0aW9uIDIwMTkgc3JpIGxhbmth0gcJCfsJAYcqIYzv,,@cgtn,https://www.youtube.com/@cgtn,,,1.0,,,,115,0,2019
https://www.youtube.com/watch?v=FGjDZzp6iEk&pp=ygUkcHJlc2lkZW50aWFsIGVsZWN0aW9uIDIwMTkgc3JpIGxhbmth,,@SURIYAVLOGS,https://www.youtube.com/@SURIYAVLOGS,,,1.0,,,,99,0,2019
https://www.youtube.com/watch?v=TjF9pH9OhQU&pp=ygUkcHJlc2lkZW50aWFsIGVsZWN0aW9uIDIwMTkgc3JpIGxhbmth0gcJCfsJAYcqIYzv,,@worldingraphs5589,https://www.youtube.com/@worldingraphs5589,,,1.0,,,,115,0,2019
https://www.youtube.com/watch?v=RFBumL-mQZ8&pp=ygUkcHJlc2lkZW50aWFsIGVsZWN0aW9uIDIwMTkgc3JpIGxhbmth,,@TheWeekMagazineIndia,https://www.youtube.com/@TheWeekMagazineIndia,,,1.0,,,,99,0,2019
https://www.youtube.com/watch?v=1RPelx7F-No&pp=ygUkcHJlc2lkZW50aWFsIGVsZWN0aW9uIDIwMTkgc3JpIGxhbmth,,@polganmuang,https://www.youtube.com/@polganmuang,,,1.0,,,,99,0,2019
https://www.youtube.com/watch?v=NvfmGVv5kRY&pp=ygUkcHJlc2lkZW50aWFsIGVsZWN0aW9uIDIwMTkgc3JpIGxhbmth,,@voiceofilankai6671,https://www.youtube.com/@voiceofilankai6671,,,1.0,,,,99,0,2019
