party,vote_share,total_members,year,district,subdivision,candidate,votes,source_type,total_votes,party_abbr
Ape Janabala Pakshaya,,,2024,Colombo,Postal,Votes,24,postal,35502,APEJAN
Arunalu Peoples Alliance,,,2024,Colombo,Postal,Votes,8,postal,35502,ARUNAL
Eelam People's Democratic Party,,,2024,Colombo,Postal,Votes,16,postal,35502,EELAMP
United National Freedom Front,,,2024,Colombo,Postal,Votes,16,postal,35502,UNITED
United National Alliance,,,2024,Colombo,Postal,Votes,11,postal,35502,UNITED
United Democratic Voice,,,2024,Colombo,Postal,Votes,82,postal,35502,UNITED
Eksath Lanka Podujana Pakshaya,,,2024,Colombo,Postal,Votes,10,postal,35502,EKSATH
United Socialist Party,,,2024,Colombo,Postal,Votes,2,postal,35502,UNITED
People's Struggle Alliance,,,2024,Colombo,Postal,Votes,81,postal,35502,PEOPLE
Jana Setha Peramuna,,,2024,Colombo,Postal,Votes,15,postal,35502,JANASE
Jathika Jana Balawegaya,,,2024,Colombo,Postal,Votes,28475,postal,35502,JATHIK
National Peoples Party,,,2024,Colombo,Postal,Votes,27,postal,35502,NATION
National Democratic Front,,,2024,Colombo,Postal,Votes,15,postal,35502,NATION
Devana Parapura,,,2024,Colombo,Postal,Votes,83,postal,35502,DEVANA
Patriotic People's Power,,,2024,Colombo,Postal,Votes,2,postal,35502,PATRIO
New Democratic Front,,,2024,Colombo,Postal,Votes,1814,postal,35502,NEWDEM
Nawa Sama Samaja Party,,,2024,Colombo,Postal,Votes,2,postal,35502,NAWASA
Freedom Peoples Front,,,2024,Colombo,Postal,Votes,9,postal,35502,FREEDO
Democratic United National Front,,,2024,Colombo,Postal,Votes,10,postal,35502,DEMOCR
Democratic National Alliance,,,2024,Colombo,Postal,Votes,10,postal,35502,DEMOCR
Democratic Left Front,,,2024,Colombo,Postal,Votes,30,postal,35502,DEMOCR
Lanka Janatha Party,,,2024,Colombo,Postal,Votes,5,postal,35502,LANKAJ
Sri Lanka Podujana Peramuna,,,2024,Colombo,Postal,Votes,934,postal,35502,SRILAN
Samagi Jana Balawegaya,,,2024,Colombo,Postal,Votes,2985,postal,35502,SAMAGI
Samabima Party,,,2024,Colombo,Postal,Votes,5,postal,35502,SAMABI
Socialist Equality Party,,,2024,Colombo,Postal,Votes,4,postal,35502,SOCIAL
Sarvajana Balaya,,,2024,Colombo,Postal,Votes,728,postal,35502,SARVAJ
Independent Group 1,,,2024,Colombo,Postal,Votes,3,postal,35502,INDEPE
Independent Group 2,,,2024,Colombo,Postal,Votes,5,postal,35502,INDEPE
Independent Group 3,,,2024,Colombo,Postal,Votes,9,postal,35502,INDEPE
Independent Group 4,,,2024,Colombo,Postal,Votes,5,postal,35502,INDEPE
Independent Group 5,,,2024,Colombo,Postal,Votes,6,postal,35502,INDEPE
Independent Group 6,,,2024,Colombo,Postal,Votes,11,postal,35502,INDEPE
Independent Group 7,,,2024,Colombo,Postal,Votes,9,postal,35502,INDEPE
Independent Group 8,,,2024,Colombo,Postal,Votes,11,postal,35502,INDEPE
Independent Group 9,,,2024,Colombo,Postal,Votes,6,postal,35502,INDEPE
Independent Group 10,,,2024,Colombo,Postal,Votes,2,postal,35502,INDEPE
Independent Group 11,,,2024,Colombo,Postal,Votes,3,postal,35502,INDEPE
Independent Group 12,,,2024,Colombo,Postal,Votes,6,postal,35502,INDEPE
Independent Group 13,,,2024,Colombo,Postal,Votes,5,postal,35502,INDEPE
Independent Group 14,,,2024,Colombo,Postal,Votes,0,postal,35502,INDEPE
Independent Group 15,,,2024,Colombo,Postal,Votes,8,postal,35502,INDEPE
Independent Group 16,,,2024,Colombo,Postal,Votes,2,postal,35502,INDEPE
Independent Group 17,,,2024,Colombo,Postal,Votes,0,postal,35502,INDEPE
Independent Group 18,,,2024,Colombo,Postal,Votes,0,postal,35502,INDEPE
Independent Group 19,,,2024,Colombo,Postal,Votes,8,postal,35502,INDEPE
