video_id,title,creator,created_at,likes,duration_sec,engagement
skytamilnews,"யாழ்ப்பாண மாவட்டம் மொத்த வாக்குகளின் அடிப்படையில் சஜித் முன்னிலையில்! யாழ்ப்பாண மாவட்டத்தில் சஜித் பிரேமதாஸ 121,177 வாக்குகளைப் பெற்று முன்னிலையில் உள்ளார்.  பா.அரியநேத்திரன் 116,688 வாக்குகளைப் பெற்று இரண்டாவது இடத்திலும் 84,558 வாக்குளைப் பெற்று ரணில் விக்கிரமசிங்க 3ஆவது இடத்திலும் உள்ளார்.  அநுரகுமார திஸாநாயக்க 27,086 வாக்குகளைப் பெற்று நான்காம் இடத்திலுள்ளார். ##srilankanewstamil #srilankannews #srilankatamilnews #srilankanews #srilankalatestnews #srilankanewstoday #news  #srilankanewstoday #breakingnewssrilanka #srilankanews #srilankanewslive #srilankalatestnews #srilankanewstamil #srilankatamilnewstoday",https://www.tiktok.com/@skytamilnews,,8653.0,,8653.0
tmgseychelles,Voter turnout 4pm-5pm Awaiting next update  #Seychelles #eleksyon2025 #turnout #voters #percentage,https://www.tiktok.com/@tmgseychelles,,7975.0,,7975.0
irsaththahir,nan,https://www.tiktok.com/@irsaththahir,,7783.0,,7783.0
nlb_srilanka,"මහජන සම්පත 5660 දිනුම් වාරයේ රු.42,929,204.00 අති දැවැන්ත සුපිරි ත්‍යාගයේ වාසනාවන්තයා ! මීළඟ වාසනාවන්තයා ඔබ ද ? #NLB #srilanka #srilankatiktok #fyp",https://www.tiktok.com/@nlb_srilanka,,7203.0,,7203.0
adaderanasinhala,මොණරාගල දිස්ත්‍රික් සමස්ත නිල ඡන්ද ප්‍රතිඵල #ParliamentElection2024 #SriLankaElections2024 #Election2024 #SriLankaElection #generalelection #srilankaelection #parliamentelection2024 #SriLankaElections #election #srilanka #nppsrilanka #sltiktok #GeneralElection2024,https://www.tiktok.com/@adaderanasinhala,,6353.0,,6353.0
adaderanasinhala,මොණරාගල දිස්ත්‍රික් සමස්ත නිල ඡන්ද ප්‍රතිඵල #ParliamentElection2024 #SriLankaElections2024 #Election2024 #SriLankaElection #generalelection #srilankaelection #parliamentelection2024 #SriLankaElections #election #srilanka #nppsrilanka #sltiktok #GeneralElection2024,https://www.tiktok.com/@adaderanasinhala,,6353.0,,6353.0
voleed.aha,#gampaha #election #results #anurakumaradissanayaka #nppsupport #akd #election2024 #nppelections #prasident #poltics #srilanka,https://www.tiktok.com/@voleed.aha,,5142.0,,5142.0
skytamilnews,"அம்பாறை மாவட்டம் திகாமடுல்ல தேர்தல் தொகுதி மொத்த வாக்குகளின் அடிப்படையில் சஜித் முன்னிலையில்! அம்பாறை மாவட்டத்தில் சஜித் பிரேமதாஸ 200,384 வாக்குகளைப் பெற்று முன்னிலையில் உள்ளார்.  அநுரகுமார திஸாநாயக்க 108,971 வாக்குகளைப் பெற்று இரண்டாவது இடத்திலும் 86,589 வாக்குளைப் பெற்று ரணில் விக்கிரமசிங்க 3ஆவது இடத்திலும் உள்ளார்.  பா.அரியநேத்திரன் 9,985 வாக்குகளைப் பெற்று நான்காம் இடத்திலுள்ளார். #srilankanewstamil #srilankannews #srilankatamilnews #srilankanews #srilankalatestnews #srilankanewstoday #news  #srilankanewstoday #breakingnewssrilanka #srilankanews #srilankanewslive #srilankalatestnews #srilankanewstamil #srilankatamilnewstoday",https://www.tiktok.com/@skytamilnews,,5120.0,,5120.0
madushanka_96,බස්නාහිර පළාත | ගම්පහ දිස්ත්‍රික්කය   #tvderana #Election2024 #GeneralElection2024 #Electionresult2024 #ElectionresultGampaha2024 #Gampaha,https://www.tiktok.com/@madushanka_96,,4631.0,,4631.0
veriteresearch,"🟣‼️The National People’s Power (NPP) wins Hambantota and Polonnaruwa Districts‼️ 📣District Final Results #SLGE2024 #SLElection2024 #SriLanka NPP Wins Hambantota and Polonnaruwa Districts!. Discover the final results of NPP's victory in Hambantota and Polonnaruwa. Stay updated on #SLGE2024 and #SLElection2024!. NPP victory in Hambantota, Polonnaruwa district election results, Sri Lanka 2024 elections, National People's Power successes, SLGE 2024 final results, Sri Lanka political updates, Hambantota election news, Polonnaruwa district results, NPP growth Sri Lanka",https://www.tiktok.com/@veriteresearch,,4545.0,,4545.0
joymusichd,Sri Lanka Election Result | சஜித் வெற்றி பெறலாம் - Kolagala Srinivasan | Anura | Ranil | Sajith I இலங்கை அதிபர் தேர்தலில் அனுரகுமாரதான் வெற்றி பெறுவார்- என்பிபி கட்சி எம்பி விஜிதா - தற்போது சஜித்தை விட 6 லட்சம் வாக்குகள் முன்னிலையில் உள்ளார் அனுர குமர | Sri Lanka Election Results | Anura | Ranil | Sajith | SriLanka Election Results 2024 I Srilanka Results I SriLanka President Election Results I SriLanka Election 2024 I Anura Kumara Dissanayak  I AKD I சஜித் பிரேமதாச I Srilanka news I sajith premadasa I srilanka tamil news I joymusichd #joymusichd,https://www.tiktok.com/@joymusichd,,4439.0,,4439.0
arsath007,"Sri Lankan  President election 2024 final result congratulation #A#AKD Sri Lankan Presidential Election 2024 Results Announced. Discover the final results of the Sri Lankan presidential election 2024 and celebrate the victory. #A #AKD. Sri Lanka election results 2024, presidential election Sri Lanka, congratulations Sri Lankan president, election results analysis, AKD presidential victory, Sri Lanka political updates, 2024 political landscape, Sri Lanka news and updates, vote counting Sri Lanka, election night highlights",https://www.tiktok.com/@arsath007,,4210.0,,4210.0
isanka_pramuditha,Congratulations Winner Mrs.Sri Lanka,https://www.tiktok.com/@isanka_pramuditha,,3954.0,,3954.0
eshyajayasingha,සතුටට අඩපු ඒ දවස....💗අන්තිම වෙනකන් බලන්න..🔴හීන වෙනුවෙන් වැඩ හැමෝටම මේ වගේ දවස් උදා වෙන්න ඕනි අනිවාරෙන්ම...❤️‍🔥💪 #olresults2023 #2024 #exam #best #results #srilanka #success #wheneverwherever #fypシ #onemilionviews #doctor #Al #trending #dreamers #dreamers #education #lifesuccess #motivation #viral #2026 #girls,https://www.tiktok.com/@eshyajayasingha,,3717.0,,3717.0
catalistmedia,"They said an academic couldn’t win votes. Dr. Harini Amarasuriya proved them wrong with 655,289 reasons why they were wrong—earning the highest vote count in Sri Lankan history to become PM. 🔥🇱🇰 #SriLanka #PrimeMinister #HariniAmarasuriya #MakingHistory",https://www.tiktok.com/@catalistmedia,,3681.0,,3681.0
prabath.delgoda,Parliament Election 2024 Gampaha results  #NPP #akd #AKD #nppsrilanka #nppghana #gampaha #gampahaඅපි🌺 #whatsapp,https://www.tiktok.com/@prabath.delgoda,,3606.0,,3606.0
adaderanasinhala,කොළඹ දිස්ත්‍රික්කය | කොළඹ මහනගර සභාව #lka #AdaDerana #AdaDerana24 #adaderananews #srilanka #SriLankaNews #ElectionDay #election2025 #election #LGPolls2025 #localgovernmentelection2025,https://www.tiktok.com/@adaderanasinhala,,3555.0,,3555.0
study_abroad_with_raeez,How to get OLs and ALs Resuts Sheet from the Foreign Ministry. #cololmbo #srilanka #fyp #tiktoksrilanka #tiktokcolombo #ol #al #studyaborad,https://www.tiktok.com/@study_abroad_with_raeez,,3097.0,,3097.0
_hiru_nk_,#fyp #sagalarathnayake #genaralelection2024 #sr #gascylinder #politicssrilanka🇱🇰 #2024 #colombo #maharagama #viral #voteforsagala #vote #_hiru_nk🤫 @Vimukthi @Supun A Marasinghe @Sagala Ratnayaka,https://www.tiktok.com/@_hiru_nk_,,3083.0,,3083.0
itz_senura,"මේ results එක ගන්න වචනෙකි හරි උදව් කරපු හැමකෙනෙක්ටම ගොඩක් ස්තූතියි😇🫶🏼❤️#OL #Study #results #StudyWithMeSinhala #studyvlog #education #future #studywithme #business #CapCut  අධ්‍යයනයේ ප්‍රතිඵලය සහිතව අනාගතය ඉදිරියට. ආදර්ශ පාසල් ප්‍රතිඵලය සහ අධ්‍යයනයේ යහපත ගැන අදහස්! #OL #Study #results #StudyWithMeSinhala #studyvlog #education. අධ්‍යයන ප්‍රතිඵලය, අනාගතය සම්බන්ධ අධ්‍යයනය, සිසුන්ගේ අධ්‍යයන උදව්, ශාස්ත‍්‍රීය කුසලතා අර්ථකථනය, අධ්‍යයන සහාය සඳහා පියවර, අධ්‍යයන වීඩියෝ ලකුණු, පාසල් කණ්ඩායම්, විශ්වවිද්‍යාලය සිසුන්, අධ්‍යයන වාර්තා, වෘත්තීය අධ්‍යයනය",https://www.tiktok.com/@itz_senura,,2756.0,,2756.0
