video_id,title,channel,published_at,duration_sec,engagement
https://www.youtube.com/@Sigma_Politics_SL,https://www.youtube.com/watch?v=6bKHLM6tuVk&pp=ygUkcHJlc2lkZW50aWFsIGVsZWN0aW9uIDIwMTkgc3JpIGxhbmth,@Sigma_Politics_SL,,,1.0
https://www.youtube.com/@AdaDeranaNews,https://www.youtube.com/watch?v=i8SfogofKI8&pp=ygUkcHJlc2lkZW50aWFsIGVsZWN0aW9uIDIwMTkgc3JpIGxhbmth,@AdaDeranaNews,,,1.0
https://www.youtube.com/@HiruNewsIntl,https://www.youtube.com/watch?v=HfHyTbA1AWU&pp=ygUkcHJlc2lkZW50aWFsIGVsZWN0aW9uIDIwMTkgc3JpIGxhbmth,@HiruNewsIntl,,,1.0
https://www.youtube.com/@LiveatSriLanka,https://www.youtube.com/watch?v=Dqm2kjmfnvU&pp=ygUkcHJlc2lkZW50aWFsIGVsZWN0aW9uIDIwMTkgc3JpIGxhbmth,@LiveatSriLanka,,,1.0
https://www.youtube.com/@newsfirstsrilanka,https://www.youtube.com/watch?v=iANf3fpKY0U&pp=ygUkcHJlc2lkZW50aWFsIGVsZWN0aW9uIDIwMTkgc3JpIGxhbmth,@newsfirstsrilanka,,,1.0
https://www.youtube.com/@SLGeek,https://www.youtube.com/watch?v=ZxbXvBM90Bs&pp=ygUkcHJlc2lkZW50aWFsIGVsZWN0aW9uIDIwMTkgc3JpIGxhbmth,@SLGeek,,,1.0
https://www.youtube.com/@departmentofgovernmentinfo7148,https://www.youtube.com/watch?v=e6tXRE1gnFY&pp=ygUkcHJlc2lkZW50aWFsIGVsZWN0aW9uIDIwMTkgc3JpIGxhbmth,@departmentofgovernmentinfo7148,,,1.0
https://www.youtube.com/@TRTWorldNow,https://www.youtube.com/watch?v=2iJMWCWO8Rc&pp=ygUkcHJlc2lkZW50aWFsIGVsZWN0aW9uIDIwMTkgc3JpIGxhbmth,@TRTWorldNow,,,1.0
https://www.youtube.com/@sltv9399,https://www.youtube.com/watch?v=6Z8EPNo6N2c&pp=ygUkcHJlc2lkZW50aWFsIGVsZWN0aW9uIDIwMTkgc3JpIGxhbmth,@sltv9399,,,1.0
https://www.youtube.com/@newsfirstsrilanka,https://www.youtube.com/watch?v=OyzNYyU64ik&pp=ygUkcHJlc2lkZW50aWFsIGVsZWN0aW9uIDIwMTkgc3JpIGxhbmth,@newsfirstsrilanka,,,1.0
https://www.youtube.com/@massmedianews137,https://www.youtube.com/watch?v=ePJ01lZfKFo&pp=ygUkcHJlc2lkZW50aWFsIGVsZWN0aW9uIDIwMTkgc3JpIGxhbmth0gcJCfsJAYcqIYzv,@massmedianews137,,,1.0
https://www.youtube.com/@AdaDeranaNews,https://www.youtube.com/watch?v=x-2BwkbDm4U&pp=ygUkcHJlc2lkZW50aWFsIGVsZWN0aW9uIDIwMTkgc3JpIGxhbmth,@AdaDeranaNews,,,1.0
https://www.youtube.com/@AdaDeranaNews,https://www.youtube.com/watch?v=_dQ5TXI50vA&pp=ygUkcHJlc2lkZW50aWFsIGVsZWN0aW9uIDIwMTkgc3JpIGxhbmth0gcJCfsJAYcqIYzv,@AdaDeranaNews,,,1.0
https://www.youtube.com/@nuuuwan,https://www.youtube.com/watch?v=6xoW9QEMHvY&pp=ygUkcHJlc2lkZW50aWFsIGVsZWN0aW9uIDIwMTkgc3JpIGxhbmth,@nuuuwan,,,1.0
https://www.youtube.com/@WION,https://www.youtube.com/watch?v=pgKQ0yPTmhc&pp=ygUkcHJlc2lkZW50aWFsIGVsZWN0aW9uIDIwMTkgc3JpIGxhbmth,@WION,,,1.0
https://www.youtube.com/@newsfirstsrilanka,https://www.youtube.com/watch?v=PNw7O-_htY0&pp=ygUkcHJlc2lkZW50aWFsIGVsZWN0aW9uIDIwMTkgc3JpIGxhbmth,@newsfirstsrilanka,,,1.0
https://www.youtube.com/@ErangaJanaka,https://www.youtube.com/watch?v=C2UU1AVxT-Q&pp=ygUkcHJlc2lkZW50aWFsIGVsZWN0aW9uIDIwMTkgc3JpIGxhbmth,@ErangaJanaka,,,1.0
https://www.youtube.com/@cgtnamerica,https://www.youtube.com/watch?v=NbLfQYzTDeo&pp=ygUkcHJlc2lkZW50aWFsIGVsZWN0aW9uIDIwMTkgc3JpIGxhbmth,@cgtnamerica,,,1.0
https://www.youtube.com/@WION,https://www.youtube.com/watch?v=i0DA6Z9J4k8&pp=ygUkcHJlc2lkZW50aWFsIGVsZWN0aW9uIDIwMTkgc3JpIGxhbmth,@WION,,,1.0
https://www.youtube.com/@massmedianews137,https://www.youtube.com/watch?v=ePJ01lZfKFo&pp=ygUkcHJlc2lkZW50aWFsIGVsZWN0aW9uIDIwMTkgc3JpIGxhbmth0gcJCfsJAYcqIYzv,@massmedianews137,,,1.0
