party,party_abbr,vote_share,national_list_members,total_members,year,votes,candidate,total_votes
Jathika Jana Balawegaya,NPP,,18,141.0,2024,6863186,Obtained,11148006
Samagi Jana Balawegaya,SJB,,5,35.0,2024,1968716,Obtained,11148006
Ilankai Tamil Arasu Kadchi,ITAK,,1,7.0,2024,257813,Obtained,11148006
New Democratic Front,NDF,,2,3.0,2024,500835,Obtained,11148006
Sri Lanka Podujana Peramuna,SLPP,,1,2.0,2024,350429,Obtained,11148006
Sri Lanka Muslim Congress,SLMC,,1,2.0,2024,87038,Obtained,11148006
Sarvajana Balaya,SB,,1,0.0,2024,178006,Obtained,11148006
United National Party,UNP,,0,1.0,2024,66234,Obtained,11148006
Democratic Tamil National Alliance,DTNA,,0,1.0,2024,65382,Obtained,11148006
All Ceylon Tamil Congress,ACTC,,0,1.0,2024,39894,Obtained,11148006
All Ceylon Makkal Congress,ACMC,,0,1.0,2024,33911,Obtained,11148006
Jaffna - Independent Group 17,IND17-10,,0,1.0,2024,27855,Obtained,11148006
Sri Lanka Labour Party,SLLP,,0,1.0,2024,17710,Obtained,11148006
United Democratic Voice,UDV,,0,0.0,2024,83488,Obtained,11148006
Democratic Left Front,DLF,,0,0.0,2024,50836,Obtained,11148006
Democratic National Alliance,DNA,,0,0.0,2024,45419,Obtained,11148006
Thamil Makkal Viduthalai Pulikal,TMVP,,0,0.0,2024,34440,Obtained,11148006
People's Struggle Alliance,PSA,,0,0.0,2024,29611,Obtained,11148006
Eelam People's Democratic Party,EPDP,,0,0.0,2024,28985,Obtained,11148006
National Democratic Front,JPF,,0,0.0,2024,25444,Obtained,11148006
United National Alliance,UNA,,0,0.0,2024,22548,Obtained,11148006
Devana Parapura,DP,,0,0.0,2024,16950,Obtained,11148006
Mahanuwara - Independent Group 11,IND11-04,,0,0.0,2024,13378,Obtained,11148006
Thamizh Makkal Koottani,TMK,,0,0.0,2024,13295,Obtained,11148006
Jana Setha Peramuna,JSP,,0,0.0,2024,12743,Obtained,11148006
National Front for Good Governance,NFGG,,0,0.0,2024,8447,Obtained,11148006
United National Freedom Front,UNFF,,0,0.0,2024,7796,Obtained,11148006
Arunalu Peoples Alliance,APP,,0,0.0,2024,7666,Obtained,11148006
Jaffna - Independent Group 14,IND14-10,,0,0.0,2024,7496,Obtained,11148006
Vanni - Independent Group 7,IND07-11,,0,0.0,2024,7484,Obtained,11148006
New Independent Front,NIF,,0,0.0,2024,7182,Obtained,11148006
Nuwaraeliya - Independent Group 6,IND06-06,,0,0.0,2024,6895,Obtained,11148006
Badulla - Independent Group 3,IND03-19,,0,0.0,2024,6886,Obtained,11148006
National Peoples Party,NPPT,,0,0.0,2024,6307,Obtained,11148006
Ape Janabala Pakshaya,AJP,,0,0.0,2024,6043,Obtained,11148006
Gampaha - Independent Group 1,IND01-02,,0,0.0,2024,5205,Obtained,11148006
Tamil United Liberation Front,TULF,,0,0.0,2024,5061,Obtained,11148006
Polonnaruwa - Independent Group 2,IND02-18,,0,0.0,2024,4555,Obtained,11148006
Democratic United National Front,DUNF,,0,0.0,2024,4480,Obtained,11148006
Samabima Party,SBP,,0,0.0,2024,4449,Obtained,11148006
Ratnapura - Independent Group 2,IND02-21,,0,0.0,2024,4200,Obtained,11148006
Batticaloa - Independent Group 13,IND13-12,,0,0.0,2024,4145,Obtained,11148006
Hambantota - Independent Group 8,IND08-09,,0,0.0,2024,4024,Obtained,11148006
Patriotic People's Power,PPP,,0,0.0,2024,3985,Obtained,11148006
Vanni - Independent Group 23,IND23-11,,0,0.0,2024,3683,Obtained,11148006
Nuwaraeliya - Independent Group 1,IND01-06,,0,0.0,2024,3641,Obtained,11148006
Nuwaraeliya - Independent Group 11,IND11-06,,0,0.0,2024,3233,Obtained,11148006
Mahanuwara - Independent Group 8,IND08-04,,0,0.0,2024,3174,Obtained,11148006
Ratnapura - Independent Group 4,IND04-21,,0,0.0,2024,3102,Obtained,11148006
Jaffna - Independent Group 3,IND03-10,,0,0.0,2024,3045,Obtained,11148006
Monaragala - Independent Group 2,IND02-20,,0,0.0,2024,3043,Obtained,11148006
Kegalle - Independent Group 2,IND02-22,,0,0.0,2024,3031,Obtained,11148006
Kalutara - Independent Group 6,IND06-03,,0,0.0,2024,2897,Obtained,11148006
Eros Democratic Front,ERDF,,0,0.0,2024,2865,Obtained,11148006
Jaffna - Independent Group 2,IND02-10,,0,0.0,2024,2840,Obtained,11148006
Galle - Independent Group 4,IND04-07,,0,0.0,2024,2782,Obtained,11148006
Matara - Independent Group 2,IND02-08,,0,0.0,2024,2750,Obtained,11148006
Gampaha - Independent Group 6,IND06-02,,0,0.0,2024,2702,Obtained,11148006
Puttalam - Independent Group 6,IND06-16,,0,0.0,2024,2592,Obtained,11148006
Kalutara - Independent Group 10,IND10-03,,0,0.0,2024,2536,Obtained,11148006
Gampaha - Independent Group 2,IND02-02,,0,0.0,2024,2377,Obtained,11148006
Mahanuwara - Independent Group 1,IND01-04,,0,0.0,2024,2255,Obtained,11148006
Kurunegala - Independent Group 4,IND04-15,,0,0.0,2024,2206,Obtained,11148006
Democratic Unity Alliance,DUA,,0,0.0,2024,2198,Obtained,11148006
Ratnapura - Independent Group 7,IND07-21,,0,0.0,2024,2153,Obtained,11148006
Kurunegala - Independent Group 6,IND06-15,,0,0.0,2024,2148,Obtained,11148006
Matale - Independent Group 2,IND02-05,,0,0.0,2024,2099,Obtained,11148006
Jaffna - Independent Group 13,IND13-10,,0,0.0,2024,2089,Obtained,11148006
Socialist Party of Sri Lanka,SLSP,,0,0.0,2024,2087,Obtained,11148006
Jaffna - Independent Group 5,IND05-10,,0,0.0,2024,2050,Obtained,11148006
Hambantota - Independent Group 1,IND01-09,,0,0.0,2024,2038,Obtained,11148006
Jaffna - Independent Group 11,IND11-10,,0,0.0,2024,1926,Obtained,11148006
Jathika Sangwardhena Peramuna,JSWP,,0,0.0,2024,1920,Obtained,11148006
Kegalle - Independent Group 1,IND01-22,,0,0.0,2024,1871,Obtained,11148006
United Socialist Party,USP,,0,0.0,2024,1838,Obtained,11148006
Colombo - Independent Group 7,IND07-01,,0,0.0,2024,1799,Obtained,11148006
Jaffna - Independent Group 16,IND16-10,,0,0.0,2024,1793,Obtained,11148006
Colombo - Independent Group 15,IND15-01,,0,0.0,2024,1792,Obtained,11148006
Mahanuwara - Independent Group 4,IND04-04,,0,0.0,2024,1754,Obtained,11148006
Kalutara - Independent Group 7,IND07-03,,0,0.0,2024,1743,Obtained,11148006
Digamadulla - Independent Group 3,IND03-13,,0,0.0,2024,1701,Obtained,11148006
Matale - Independent Group 1,IND01-05,,0,0.0,2024,1657,Obtained,11148006
Batticaloa - Independent Group 18,IND18-12,,0,0.0,2024,1466,Obtained,11148006
Nuwaraeliya - Independent Group 10,IND10-06,,0,0.0,2024,1423,Obtained,11148006
Puttalam - Independent Group 1,IND01-16,,0,0.0,2024,1356,Obtained,11148006
Ratnapura - Independent Group 5,IND05-21,,0,0.0,2024,1350,Obtained,11148006
Mahanuwara - Independent Group 3,IND03-04,,0,0.0,2024,1313,Obtained,11148006
Jaffna - Independent Group 7,IND07-10,,0,0.0,2024,1280,Obtained,11148006
Batticaloa - Independent Group 5,IND05-12,,0,0.0,2024,1280,Obtained,11148006
Vanni - Independent Group 22,IND22-11,,0,0.0,2024,1264,Obtained,11148006
Jaffna - Independent Group 18,IND18-10,,0,0.0,2024,1262,Obtained,11148006
Badulla - Independent Group 1,IND01-19,,0,0.0,2024,1241,Obtained,11148006
Puttalam - Independent Group 5,IND05-16,,0,0.0,2024,1231,Obtained,11148006
Nuwaraeliya - Independent Group 2,IND02-06,,0,0.0,2024,1213,Obtained,11148006
Hambantota - Independent Group 2,IND02-09,,0,0.0,2024,1196,Obtained,11148006
Nuwaraeliya - Independent Group 7,IND07-06,,0,0.0,2024,1180,Obtained,11148006
Nuwaraeliya - Independent Group 3,IND03-06,,0,0.0,2024,1165,Obtained,11148006
Galle - Independent Group 1,IND01-07,,0,0.0,2024,1165,Obtained,11148006
Ratnapura - Independent Group 3,IND03-21,,0,0.0,2024,1164,Obtained,11148006
Nuwaraeliya - Independent Group 4,IND04-06,,0,0.0,2024,1133,Obtained,11148006
Batticaloa - Independent Group 10,IND10-12,,0,0.0,2024,1117,Obtained,11148006
Anuradhapura - Independent Group 4,IND04-17,,0,0.0,2024,1100,Obtained,11148006
Colombo - Independent Group 3,IND03-01,,0,0.0,2024,1096,Obtained,11148006
Gampaha - Independent Group 8,IND08-02,,0,0.0,2024,1060,Obtained,11148006
Digamadulla - Independent Group 20,IND20-13,,0,0.0,2024,1046,Obtained,11148006
Gampaha - Independent Group 17,IND17-02,,0,0.0,2024,1038,Obtained,11148006
Digamadulla - Independent Group 14,IND14-13,,0,0.0,2024,1026,Obtained,11148006
Vanni - Independent Group 19,IND19-11,,0,0.0,2024,1014,Obtained,11148006
Trincomalee - Independent Group 9,IND09-14,,0,0.0,2024,1012,Obtained,11148006
Kalutara - Independent Group 4,IND04-03,,0,0.0,2024,986,Obtained,11148006
Trincomalee - Independent Group 6,IND06-14,,0,0.0,2024,976,Obtained,11148006
Trincomalee - Independent Group 2,IND02-14,,0,0.0,2024,957,Obtained,11148006
Anuradhapura - Independent Group 7,IND07-17,,0,0.0,2024,926,Obtained,11148006
Jaffna - Independent Group 20,IND20-10,,0,0.0,2024,875,Obtained,11148006
Socialist Equality Party,SEP,,0,0.0,2024,864,Obtained,11148006
Kalutara - Independent Group 11,IND11-03,,0,0.0,2024,861,Obtained,11148006
Colombo - Independent Group 17,IND17-01,,0,0.0,2024,857,Obtained,11148006
Freedom Peoples Front,FPF,,0,0.0,2024,841,Obtained,11148006
Monaragala - Independent Group 1,IND01-20,,0,0.0,2024,835,Obtained,11148006
Vanni - Independent Group 24,IND24-11,,0,0.0,2024,823,Obtained,11148006
United Peace Alliance,UPA,,0,0.0,2024,822,Obtained,11148006
Vanni - Independent Group 3,IND03-11,,0,0.0,2024,811,Obtained,11148006
Batticaloa - Independent Group 2,IND02-12,,0,0.0,2024,807,Obtained,11148006
Vanni - Independent Group 12,IND12-11,,0,0.0,2024,802,Obtained,11148006
Colombo - Independent Group 9,IND09-01,,0,0.0,2024,777,Obtained,11148006
Lanka Janatha Party,LJP,,0,0.0,2024,759,Obtained,11148006
Matale - Independent Group 3,IND03-05,,0,0.0,2024,754,Obtained,11148006
Colombo - Independent Group 8,IND08-01,,0,0.0,2024,708,Obtained,11148006
Ratnapura - Independent Group 6,IND06-21,,0,0.0,2024,701,Obtained,11148006
Jaffna - Independent Group 6,IND06-10,,0,0.0,2024,686,Obtained,11148006
Jaffna - Independent Group 1,IND01-10,,0,0.0,2024,681,Obtained,11148006
Matara - Independent Group 5,IND05-08,,0,0.0,2024,673,Obtained,11148006
Vanni - Independent Group 20,IND20-11,,0,0.0,2024,661,Obtained,11148006
Eksath Lanka Podujana Pakshaya,ELPP,,0,0.0,2024,659,Obtained,11148006
Trincomalee - Independent Group 14,IND14-14,,0,0.0,2024,659,Obtained,11148006
Badulla - Independent Group 5,IND05-19,,0,0.0,2024,645,Obtained,11148006
Liberal Democratic Party,LDP,,0,0.0,2024,635,Obtained,11148006
Badulla - Independent Group 2,IND02-19,,0,0.0,2024,625,Obtained,11148006
Batticaloa - Independent Group 12,IND12-12,,0,0.0,2024,616,Obtained,11148006
Mahanuwara - Independent Group 2,IND02-04,,0,0.0,2024,612,Obtained,11148006
Colombo - Independent Group 16,IND16-01,,0,0.0,2024,607,Obtained,11148006
Matara - Independent Group 6,IND06-08,,0,0.0,2024,606,Obtained,11148006
Nawa Lanka Nidahas Pakshaya,NLNP,,0,0.0,2024,601,Obtained,11148006
Batticaloa - Independent Group 15,IND15-12,,0,0.0,2024,599,Obtained,11148006
Galle - Independent Group 2,IND02-07,,0,0.0,2024,592,Obtained,11148006
Trincomalee - Independent Group 12,IND12-14,,0,0.0,2024,592,Obtained,11148006
Monaragala - Independent Group 3,IND03-20,,0,0.0,2024,590,Obtained,11148006
Jaffna - Independent Group 19,IND19-10,,0,0.0,2024,589,Obtained,11148006
Nuwaraeliya - Independent Group 8,IND08-06,,0,0.0,2024,588,Obtained,11148006
Digamadulla - Independent Group 13,IND13-13,,0,0.0,2024,579,Obtained,11148006
Batticaloa - Independent Group 4,IND04-12,,0,0.0,2024,556,Obtained,11148006
Kegalle - Independent Group 4,IND04-22,,0,0.0,2024,553,Obtained,11148006
Colombo - Independent Group 19,IND19-01,,0,0.0,2024,552,Obtained,11148006
Digamadulla - Independent Group 31,IND31-13,,0,0.0,2024,527,Obtained,11148006
Galle - Independent Group 5,IND05-07,,0,0.0,2024,515,Obtained,11148006
Nuwaraeliya - Independent Group 9,IND09-06,,0,0.0,2024,509,Obtained,11148006
Batticaloa - Independent Group 24,IND24-12,,0,0.0,2024,509,Obtained,11148006
Colombo - Independent Group 12,IND12-01,,0,0.0,2024,508,Obtained,11148006
Anuradhapura - Independent Group 8,IND08-17,,0,0.0,2024,497,Obtained,11148006
Mahanuwara - Independent Group 10,IND10-04,,0,0.0,2024,496,Obtained,11148006
Colombo - Independent Group 14,IND14-01,,0,0.0,2024,492,Obtained,11148006
Nawa Sama Samaja Party,NSSP,,0,0.0,2024,491,Obtained,11148006
Gampaha - Independent Group 15,IND15-02,,0,0.0,2024,488,Obtained,11148006
Ratnapura - Independent Group 1,IND01-21,,0,0.0,2024,487,Obtained,11148006
Hambantota - Independent Group 3,IND03-09,,0,0.0,2024,483,Obtained,11148006
Kalutara - Independent Group 8,IND08-03,,0,0.0,2024,482,Obtained,11148006
Matara - Independent Group 7,IND07-08,,0,0.0,2024,477,Obtained,11148006
Digamadulla - Independent Group 16,IND16-13,,0,0.0,2024,472,Obtained,11148006
Trincomalee - Independent Group 13,IND13-14,,0,0.0,2024,472,Obtained,11148006
Vanni - Independent Group 4,IND04-11,,0,0.0,2024,470,Obtained,11148006
Digamadulla - Independent Group 2,IND02-13,,0,0.0,2024,468,Obtained,11148006
Digamadulla - Independent Group 30,IND30-13,,0,0.0,2024,468,Obtained,11148006
Vanni - Independent Group 9,IND09-11,,0,0.0,2024,464,Obtained,11148006
Vanni - Independent Group 14,IND14-11,,0,0.0,2024,463,Obtained,11148006
Kalutara - Independent Group 9,IND09-03,,0,0.0,2024,462,Obtained,11148006
Vanni - Independent Group 10,IND10-11,,0,0.0,2024,454,Obtained,11148006
Akhila Ilankai Tamil Mahasabha,AITM,,0,0.0,2024,450,Obtained,11148006
Gampaha - Independent Group 3,IND03-02,,0,0.0,2024,449,Obtained,11148006
Badulla - Independent Group 4,IND04-19,,0,0.0,2024,446,Obtained,11148006
Gampaha - Independent Group 9,IND09-02,,0,0.0,2024,445,Obtained,11148006
Kurunegala - Independent Group 1,IND01-15,,0,0.0,2024,443,Obtained,11148006
Mahanuwara - Independent Group 5,IND05-04,,0,0.0,2024,440,Obtained,11148006
Gampaha - Independent Group 4,IND04-02,,0,0.0,2024,438,Obtained,11148006
Kurunegala - Independent Group 2,IND02-15,,0,0.0,2024,436,Obtained,11148006
Kurunegala - Independent Group 5,IND05-15,,0,0.0,2024,436,Obtained,11148006
Jaffna - Independent Group 9,IND09-10,,0,0.0,2024,435,Obtained,11148006
Kurunegala - Independent Group 7,IND07-15,,0,0.0,2024,433,Obtained,11148006
Mahanuwara - Independent Group 7,IND07-04,,0,0.0,2024,432,Obtained,11148006
Batticaloa - Independent Group 11,IND11-12,,0,0.0,2024,430,Obtained,11148006
Kurunegala - Independent Group 8,IND08-15,,0,0.0,2024,428,Obtained,11148006
Mahanuwara - Independent Group 6,IND06-04,,0,0.0,2024,415,Obtained,11148006
Vanni - Independent Group 17,IND17-11,,0,0.0,2024,415,Obtained,11148006
Kalutara - Independent Group 2,IND02-03,,0,0.0,2024,412,Obtained,11148006
Jaffna - Independent Group 10,IND10-10,,0,0.0,2024,406,Obtained,11148006
Vanni - Independent Group 18,IND18-11,,0,0.0,2024,402,Obtained,11148006
Digamadulla - Independent Group 24,IND24-13,,0,0.0,2024,401,Obtained,11148006
Vanni - Independent Group 25,IND25-11,,0,0.0,2024,393,Obtained,11148006
Gampaha - Independent Group 12,IND12-02,,0,0.0,2024,390,Obtained,11148006
Batticaloa - Independent Group 14,IND14-12,,0,0.0,2024,379,Obtained,11148006
Colombo - Independent Group 1,IND01-01,,0,0.0,2024,378,Obtained,11148006
Gampaha - Independent Group 10,IND10-02,,0,0.0,2024,376,Obtained,11148006
Puttalam - Independent Group 7,IND07-16,,0,0.0,2024,370,Obtained,11148006
Mahanuwara - Independent Group 12,IND12-04,,0,0.0,2024,367,Obtained,11148006
Jaffna - Independent Group 4,IND04-10,,0,0.0,2024,365,Obtained,11148006
Puttalam - Independent Group 3,IND03-16,,0,0.0,2024,362,Obtained,11148006
Anuradhapura - Independent Group 2,IND02-17,,0,0.0,2024,357,Obtained,11148006
Vanni - Independent Group 2,IND02-11,,0,0.0,2024,354,Obtained,11148006
Jaffna - Independent Group 8,IND08-10,,0,0.0,2024,351,Obtained,11148006
Mahanuwara - Independent Group 9,IND09-04,,0,0.0,2024,349,Obtained,11148006
Jaffna - Independent Group 12,IND12-10,,0,0.0,2024,348,Obtained,11148006
Vanni - Independent Group 5,IND05-11,,0,0.0,2024,339,Obtained,11148006
Colombo - Independent Group 6,IND06-01,,0,0.0,2024,335,Obtained,11148006
Batticaloa - Independent Group 20,IND20-12,,0,0.0,2024,334,Obtained,11148006
Jaffna - Independent Group 21,IND21-10,,0,0.0,2024,333,Obtained,11148006
Trincomalee - Independent Group 11,IND11-14,,0,0.0,2024,332,Obtained,11148006
Hambantota - Independent Group 4,IND04-09,,0,0.0,2024,330,Obtained,11148006
Gampaha - Independent Group 7,IND07-02,,0,0.0,2024,324,Obtained,11148006
Hambantota - Independent Group 5,IND05-09,,0,0.0,2024,322,Obtained,11148006
Kalutara - Independent Group 3,IND03-03,,0,0.0,2024,319,Obtained,11148006
Kegalle - Independent Group 3,IND03-22,,0,0.0,2024,313,Obtained,11148006
Puttalam - Independent Group 14,IND14-16,,0,0.0,2024,308,Obtained,11148006
Kalutara - Independent Group 1,IND01-03,,0,0.0,2024,307,Obtained,11148006
Batticaloa - Independent Group 27,IND27-12,,0,0.0,2024,299,Obtained,11148006
Trincomalee - Independent Group 1,IND01-14,,0,0.0,2024,299,Obtained,11148006
Digamadulla - Independent Group 8,IND08-13,,0,0.0,2024,293,Obtained,11148006
Gampaha - Independent Group 5,IND05-02,,0,0.0,2024,291,Obtained,11148006
Digamadulla - Independent Group 15,IND15-13,,0,0.0,2024,289,Obtained,11148006
Digamadulla - Independent Group 39,IND39-13,,0,0.0,2024,287,Obtained,11148006
Nuwaraeliya - Independent Group 5,IND05-06,,0,0.0,2024,285,Obtained,11148006
Democratic Party,PP,,0,0.0,2024,283,Obtained,11148006
Hambantota - Independent Group 9,IND09-09,,0,0.0,2024,282,Obtained,11148006
Anuradhapura - Independent Group 6,IND06-17,,0,0.0,2024,280,Obtained,11148006
Matale - Independent Group 7,IND07-05,,0,0.0,2024,277,Obtained,11148006
Kalutara - Independent Group 5,IND05-03,,0,0.0,2024,276,Obtained,11148006
Batticaloa - Independent Group 9,IND09-12,,0,0.0,2024,275,Obtained,11148006
Sri Lanka Mahajana Pakshaya,SLMP,,0,0.0,2024,269,Obtained,11148006
Gampaha - Independent Group 11,IND11-02,,0,0.0,2024,269,Obtained,11148006
Gampaha - Independent Group 13,IND13-02,,0,0.0,2024,264,Obtained,11148006
Matale - Independent Group 6,IND06-05,,0,0.0,2024,263,Obtained,11148006
Vanni - Independent Group 1,IND01-11,,0,0.0,2024,260,Obtained,11148006
Digamadulla - Independent Group 17,IND17-13,,0,0.0,2024,258,Obtained,11148006
Colombo - Independent Group 4,IND04-01,,0,0.0,2024,253,Obtained,11148006
Colombo - Independent Group 11,IND11-01,,0,0.0,2024,251,Obtained,11148006
Colombo - Independent Group 13,IND13-01,,0,0.0,2024,248,Obtained,11148006
Gampaha - Independent Group 14,IND14-02,,0,0.0,2024,243,Obtained,11148006
Kurunegala - Independent Group 9,IND09-15,,0,0.0,2024,238,Obtained,11148006
Trincomalee - Independent Group 3,IND03-14,,0,0.0,2024,237,Obtained,11148006
Batticaloa - Independent Group 3,IND03-12,,0,0.0,2024,229,Obtained,11148006
Batticaloa - Independent Group 23,IND23-12,,0,0.0,2024,221,Obtained,11148006
Colombo - Independent Group 5,IND05-01,,0,0.0,2024,218,Obtained,11148006
Vanni - Independent Group 6,IND06-11,,0,0.0,2024,216,Obtained,11148006
Batticaloa - Independent Group 17,IND17-12,,0,0.0,2024,214,Obtained,11148006
Puttalam - Independent Group 2,IND02-16,,0,0.0,2024,214,Obtained,11148006
Colombo - Independent Group 2,IND02-01,,0,0.0,2024,208,Obtained,11148006
Hambantota - Independent Group 6,IND06-09,,0,0.0,2024,207,Obtained,11148006
Anuradhapura - Independent Group 3,IND03-17,,0,0.0,2024,207,Obtained,11148006
Batticaloa - Independent Group 8,IND08-12,,0,0.0,2024,205,Obtained,11148006
Vanni - Independent Group 13,IND13-11,,0,0.0,2024,204,Obtained,11148006
Matale - Independent Group 5,IND05-05,,0,0.0,2024,202,Obtained,11148006
Anuradhapura - Independent Group 1,IND01-17,,0,0.0,2024,201,Obtained,11148006
Colombo - Independent Group 18,IND18-01,,0,0.0,2024,197,Obtained,11148006
Vanni - Independent Group 8,IND08-11,,0,0.0,2024,190,Obtained,11148006
Jaffna - Independent Group 15,IND15-10,,0,0.0,2024,188,Obtained,11148006
Batticaloa - Independent Group 21,IND21-12,,0,0.0,2024,186,Obtained,11148006
Puttalam - Independent Group 11,IND11-16,,0,0.0,2024,180,Obtained,11148006
Trincomalee - Independent Group 7,IND07-14,,0,0.0,2024,179,Obtained,11148006
Hambantota - Independent Group 7,IND07-09,,0,0.0,2024,178,Obtained,11148006
Galle - Independent Group 3,IND03-07,,0,0.0,2024,176,Obtained,11148006
Digamadulla - Independent Group 35,IND35-13,,0,0.0,2024,172,Obtained,11148006
Matara - Independent Group 4,IND04-08,,0,0.0,2024,170,Obtained,11148006
Polonnaruwa - Independent Group 1,IND01-18,,0,0.0,2024,170,Obtained,11148006
Vanni - Independent Group 11,IND11-11,,0,0.0,2024,166,Obtained,11148006
Digamadulla - Independent Group 43,IND43-13,,0,0.0,2024,166,Obtained,11148006
Matara - Independent Group 1,IND01-08,,0,0.0,2024,163,Obtained,11148006
Trincomalee - Independent Group 4,IND04-14,,0,0.0,2024,163,Obtained,11148006
Matara - Independent Group 3,IND03-08,,0,0.0,2024,162,Obtained,11148006
Digamadulla - Independent Group 23,IND23-13,,0,0.0,2024,162,Obtained,11148006
Digamadulla - Independent Group 4,IND04-13,,0,0.0,2024,160,Obtained,11148006
Matale - Independent Group 4,IND04-05,,0,0.0,2024,159,Obtained,11148006
Gampaha - Independent Group 16,IND16-02,,0,0.0,2024,158,Obtained,11148006
Anuradhapura - Independent Group 9,IND09-17,,0,0.0,2024,157,Obtained,11148006
Digamadulla - Independent Group 11,IND11-13,,0,0.0,2024,149,Obtained,11148006
Batticaloa - Independent Group 19,IND19-12,,0,0.0,2024,148,Obtained,11148006
Puttalam - Independent Group 15,IND15-16,,0,0.0,2024,147,Obtained,11148006
Kurunegala - Independent Group 3,IND03-15,,0,0.0,2024,143,Obtained,11148006
Puttalam - Independent Group 10,IND10-16,,0,0.0,2024,138,Obtained,11148006
Batticaloa - Independent Group 6,IND06-12,,0,0.0,2024,137,Obtained,11148006
Anuradhapura - Independent Group 5,IND05-17,,0,0.0,2024,134,Obtained,11148006
Colombo - Independent Group 10,IND10-01,,0,0.0,2024,132,Obtained,11148006
Digamadulla - Independent Group 12,IND12-13,,0,0.0,2024,129,Obtained,11148006
Digamadulla - Independent Group 18,IND18-13,,0,0.0,2024,127,Obtained,11148006
Vanni - Independent Group 15,IND15-11,,0,0.0,2024,123,Obtained,11148006
Trincomalee - Independent Group 10,IND10-14,,0,0.0,2024,123,Obtained,11148006
Puttalam - Independent Group 9,IND09-16,,0,0.0,2024,121,Obtained,11148006
Digamadulla - Independent Group 19,IND19-13,,0,0.0,2024,111,Obtained,11148006
Puttalam - Independent Group 13,IND13-16,,0,0.0,2024,111,Obtained,11148006
Trincomalee - Independent Group 5,IND05-14,,0,0.0,2024,109,Obtained,11148006
Digamadulla - Independent Group 21,IND21-13,,0,0.0,2024,107,Obtained,11148006
Batticaloa - Independent Group 22,IND22-12,,0,0.0,2024,103,Obtained,11148006
Digamadulla - Independent Group 1,IND01-13,,0,0.0,2024,101,Obtained,11148006
Digamadulla - Independent Group 22,IND22-13,,0,0.0,2024,99,Obtained,11148006
Digamadulla - Independent Group 27,IND27-13,,0,0.0,2024,99,Obtained,11148006
Digamadulla - Independent Group 41,IND41-13,,0,0.0,2024,95,Obtained,11148006
Digamadulla - Independent Group 26,IND26-13,,0,0.0,2024,92,Obtained,11148006
Batticaloa - Independent Group 16,IND16-12,,0,0.0,2024,91,Obtained,11148006
Batticaloa - Independent Group 7,IND07-12,,0,0.0,2024,89,Obtained,11148006
Digamadulla - Independent Group 10,IND10-13,,0,0.0,2024,89,Obtained,11148006
Digamadulla - Independent Group 6,IND06-13,,0,0.0,2024,85,Obtained,11148006
Puttalam - Independent Group 8,IND08-16,,0,0.0,2024,85,Obtained,11148006
Puttalam - Independent Group 4,IND04-16,,0,0.0,2024,84,Obtained,11148006
Digamadulla - Independent Group 29,IND29-13,,0,0.0,2024,81,Obtained,11148006
Digamadulla - Independent Group 25,IND25-13,,0,0.0,2024,80,Obtained,11148006
Digamadulla - Independent Group 38,IND38-13,,0,0.0,2024,78,Obtained,11148006
Puttalam - Independent Group 12,IND12-16,,0,0.0,2024,77,Obtained,11148006
Digamadulla - Independent Group 9,IND09-13,,0,0.0,2024,76,Obtained,11148006
Vanni - Independent Group 21,IND21-11,,0,0.0,2024,71,Obtained,11148006
Batticaloa - Independent Group 1,IND01-12,,0,0.0,2024,70,Obtained,11148006
Vanni - Independent Group 16,IND16-11,,0,0.0,2024,67,Obtained,11148006
Batticaloa - Independent Group 25,IND25-12,,0,0.0,2024,65,Obtained,11148006
Digamadulla - Independent Group 28,IND28-13,,0,0.0,2024,64,Obtained,11148006
Digamadulla - Independent Group 36,IND36-13,,0,0.0,2024,63,Obtained,11148006
Digamadulla - Independent Group 34,IND34-13,,0,0.0,2024,62,Obtained,11148006
Digamadulla - Independent Group 42,IND42-13,,0,0.0,2024,62,Obtained,11148006
Batticaloa - Independent Group 26,IND26-12,,0,0.0,2024,56,Obtained,11148006
Digamadulla - Independent Group 5,IND05-13,,0,0.0,2024,54,Obtained,11148006
Digamadulla - Independent Group 7,IND07-13,,0,0.0,2024,50,Obtained,11148006
Trincomalee - Independent Group 8,IND08-14,,0,0.0,2024,50,Obtained,11148006
Digamadulla - Independent Group 32,IND32-13,,0,0.0,2024,43,Obtained,11148006
Digamadulla - Independent Group 37,IND37-13,,0,0.0,2024,32,Obtained,11148006
Digamadulla - Independent Group 40,IND40-13,,0,0.0,2024,32,Obtained,11148006
Digamadulla - Independent Group 33,IND33-13,,0,0.0,2024,23,Obtained,11148006
