party,vote_share,total_members,year,district,subdivision,candidate,votes,source_type,total_votes,party_abbr
Ape Janabala Pakshaya,,,2024,Colombo,Central,Votes,85,ordinary,76085,APEJAN
Arunalu Peoples Alliance,,,2024,Colombo,Central,Votes,50,ordinary,76085,ARUNAL
Eelam People's Democratic Party,,,2024,Colombo,Central,Votes,120,ordinary,76085,EELAMP
United National Freedom Front,,,2024,Colombo,Central,Votes,225,ordinary,76085,UNITED
United National Alliance,,,2024,Colombo,Central,Votes,132,ordinary,76085,UNITED
United Democratic Voice,,,2024,Colombo,Central,Votes,490,ordinary,76085,UNITED
Eksath Lanka Podujana Pakshaya,,,2024,Colombo,Central,Votes,3,ordinary,76085,EKSATH
United Socialist Party,,,2024,Colombo,Central,Votes,39,ordinary,76085,UNITED
People's Struggle Alliance,,,2024,Colombo,Central,Votes,180,ordinary,76085,PEOPLE
Jana Setha Peramuna,,,2024,Colombo,Central,Votes,57,ordinary,76085,JANASE
Jathika Jana Balawegaya,,,2024,Colombo,Central,Votes,39160,ordinary,76085,JATHIK
National Peoples Party,,,2024,Colombo,Central,Votes,96,ordinary,76085,NATION
National Democratic Front,,,2024,Colombo,Central,Votes,67,ordinary,76085,NATION
Devana Parapura,,,2024,Colombo,Central,Votes,77,ordinary,76085,DEVANA
Patriotic People's Power,,,2024,Colombo,Central,Votes,65,ordinary,76085,PATRIO
New Democratic Front,,,2024,Colombo,Central,Votes,3612,ordinary,76085,NEWDEM
Nawa Sama Samaja Party,,,2024,Colombo,Central,Votes,34,ordinary,76085,NAWASA
Freedom Peoples Front,,,2024,Colombo,Central,Votes,37,ordinary,76085,FREEDO
Democratic United National Front,,,2024,Colombo,Central,Votes,22,ordinary,76085,DEMOCR
Democratic National Alliance,,,2024,Colombo,Central,Votes,230,ordinary,76085,DEMOCR
Democratic Left Front,,,2024,Colombo,Central,Votes,626,ordinary,76085,DEMOCR
Lanka Janatha Party,,,2024,Colombo,Central,Votes,74,ordinary,76085,LANKAJ
Sri Lanka Podujana Peramuna,,,2024,Colombo,Central,Votes,923,ordinary,76085,SRILAN
Samagi Jana Balawegaya,,,2024,Colombo,Central,Votes,27347,ordinary,76085,SAMAGI
Samabima Party,,,2024,Colombo,Central,Votes,52,ordinary,76085,SAMABI
Socialist Equality Party,,,2024,Colombo,Central,Votes,24,ordinary,76085,SOCIAL
Sarvajana Balaya,,,2024,Colombo,Central,Votes,464,ordinary,76085,SARVAJ
Independent Group 1,,,2024,Colombo,Central,Votes,30,ordinary,76085,INDEPE
Independent Group 2,,,2024,Colombo,Central,Votes,11,ordinary,76085,INDEPE
Independent Group 3,,,2024,Colombo,Central,Votes,160,ordinary,76085,INDEPE
Independent Group 4,,,2024,Colombo,Central,Votes,24,ordinary,76085,INDEPE
Independent Group 5,,,2024,Colombo,Central,Votes,19,ordinary,76085,INDEPE
Independent Group 6,,,2024,Colombo,Central,Votes,27,ordinary,76085,INDEPE
Independent Group 7,,,2024,Colombo,Central,Votes,158,ordinary,76085,INDEPE
Independent Group 8,,,2024,Colombo,Central,Votes,62,ordinary,76085,INDEPE
Independent Group 9,,,2024,Colombo,Central,Votes,207,ordinary,76085,INDEPE
Independent Group 10,,,2024,Colombo,Central,Votes,18,ordinary,76085,INDEPE
Independent Group 11,,,2024,Colombo,Central,Votes,25,ordinary,76085,INDEPE
Independent Group 12,,,2024,Colombo,Central,Votes,91,ordinary,76085,INDEPE
Independent Group 13,,,2024,Colombo,Central,Votes,31,ordinary,76085,INDEPE
Independent Group 14,,,2024,Colombo,Central,Votes,66,ordinary,76085,INDEPE
Independent Group 15,,,2024,Colombo,Central,Votes,390,ordinary,76085,INDEPE
Independent Group 16,,,2024,Colombo,Central,Votes,107,ordinary,76085,INDEPE
Independent Group 17,,,2024,Colombo,Central,Votes,311,ordinary,76085,INDEPE
Independent Group 18,,,2024,Colombo,Central,Votes,22,ordinary,76085,INDEPE
Independent Group 19,,,2024,Colombo,Central,Votes,35,ordinary,76085,INDEPE
