party,vote_share,total_members,year,district,subdivision,candidate,votes,source_type,total_votes,party_abbr
Ape Janabala Pakshaya,,,2024,Colombo,East,Votes,59,ordinary,40819,APEJAN
Arunalu Peoples Alliance,,,2024,Colombo,East,Votes,35,ordinary,40819,ARUNAL
Eelam People's Democratic Party,,,2024,Colombo,East,Votes,70,ordinary,40819,EELAMP
United National Freedom Front,,,2024,Colombo,East,Votes,132,ordinary,40819,UNITED
United National Alliance,,,2024,Colombo,East,Votes,55,ordinary,40819,UNITED
United Democratic Voice,,,2024,Colombo,East,Votes,273,ordinary,40819,UNITED
Eksath Lanka Podujana Pakshaya,,,2024,Colombo,East,Votes,6,ordinary,40819,EKSATH
United Socialist Party,,,2024,Colombo,East,Votes,25,ordinary,40819,UNITED
People's Struggle Alliance,,,2024,Colombo,East,Votes,157,ordinary,40819,PEOPLE
Jana Setha Peramuna,,,2024,Colombo,East,Votes,24,ordinary,40819,JANASE
Jathika Jana Balawegaya,,,2024,Colombo,East,Votes,26072,ordinary,40819,JATHIK
National Peoples Party,,,2024,Colombo,East,Votes,174,ordinary,40819,NATION
National Democratic Front,,,2024,Colombo,East,Votes,20,ordinary,40819,NATION
Devana Parapura,,,2024,Colombo,East,Votes,77,ordinary,40819,DEVANA
Patriotic People's Power,,,2024,Colombo,East,Votes,11,ordinary,40819,PATRIO
New Democratic Front,,,2024,Colombo,East,Votes,2090,ordinary,40819,NEWDEM
Nawa Sama Samaja Party,,,2024,Colombo,East,Votes,8,ordinary,40819,NAWASA
Freedom Peoples Front,,,2024,Colombo,East,Votes,23,ordinary,40819,FREEDO
Democratic United National Front,,,2024,Colombo,East,Votes,23,ordinary,40819,DEMOCR
Democratic National Alliance,,,2024,Colombo,East,Votes,63,ordinary,40819,DEMOCR
Democratic Left Front,,,2024,Colombo,East,Votes,211,ordinary,40819,DEMOCR
Lanka Janatha Party,,,2024,Colombo,East,Votes,17,ordinary,40819,LANKAJ
Sri Lanka Podujana Peramuna,,,2024,Colombo,East,Votes,950,ordinary,40819,SRILAN
Samagi Jana Balawegaya,,,2024,Colombo,East,Votes,9034,ordinary,40819,SAMAGI
Samabima Party,,,2024,Colombo,East,Votes,23,ordinary,40819,SAMABI
Socialist Equality Party,,,2024,Colombo,East,Votes,13,ordinary,40819,SOCIAL
Sarvajana Balaya,,,2024,Colombo,East,Votes,733,ordinary,40819,SARVAJ
Independent Group 1,,,2024,Colombo,East,Votes,8,ordinary,40819,INDEPE
Independent Group 2,,,2024,Colombo,East,Votes,12,ordinary,40819,INDEPE
Independent Group 3,,,2024,Colombo,East,Votes,44,ordinary,40819,INDEPE
Independent Group 4,,,2024,Colombo,East,Votes,10,ordinary,40819,INDEPE
Independent Group 5,,,2024,Colombo,East,Votes,10,ordinary,40819,INDEPE
Independent Group 6,,,2024,Colombo,East,Votes,7,ordinary,40819,INDEPE
Independent Group 7,,,2024,Colombo,East,Votes,65,ordinary,40819,INDEPE
Independent Group 8,,,2024,Colombo,East,Votes,36,ordinary,40819,INDEPE
Independent Group 9,,,2024,Colombo,East,Votes,31,ordinary,40819,INDEPE
Independent Group 10,,,2024,Colombo,East,Votes,7,ordinary,40819,INDEPE
Independent Group 11,,,2024,Colombo,East,Votes,14,ordinary,40819,INDEPE
Independent Group 12,,,2024,Colombo,East,Votes,32,ordinary,40819,INDEPE
Independent Group 13,,,2024,Colombo,East,Votes,3,ordinary,40819,INDEPE
Independent Group 14,,,2024,Colombo,East,Votes,26,ordinary,40819,INDEPE
Independent Group 15,,,2024,Colombo,East,Votes,62,ordinary,40819,INDEPE
Independent Group 16,,,2024,Colombo,East,Votes,31,ordinary,40819,INDEPE
Independent Group 17,,,2024,Colombo,East,Votes,16,ordinary,40819,INDEPE
Independent Group 18,,,2024,Colombo,East,Votes,6,ordinary,40819,INDEPE
Independent Group 19,,,2024,Colombo,East,Votes,21,ordinary,40819,INDEPE
