party,vote_share,total_members,year,district,subdivision,candidate,votes,source_type,total_votes,party_abbr
Ape Janabala Pakshaya,,,2024,Colombo,West,Votes,32,ordinary,23716,APEJAN
Arunalu Peoples Alliance,,,2024,Colombo,West,Votes,8,ordinary,23716,ARUNAL
Eelam People's Democratic Party,,,2024,Colombo,West,Votes,76,ordinary,23716,EELAMP
United National Freedom Front,,,2024,Colombo,West,Votes,38,ordinary,23716,UNITED
United National Alliance,,,2024,Colombo,West,Votes,43,ordinary,23716,UNITED
United Democratic Voice,,,2024,Colombo,West,Votes,239,ordinary,23716,UNITED
Eksath Lanka Podujana Pakshaya,,,2024,Colombo,West,Votes,2,ordinary,23716,EKSATH
United Socialist Party,,,2024,Colombo,West,Votes,6,ordinary,23716,UNITED
People's Struggle Alliance,,,2024,Colombo,West,Votes,226,ordinary,23716,PEOPLE
Jana Setha Peramuna,,,2024,Colombo,West,Votes,11,ordinary,23716,JANASE
Jathika Jana Balawegaya,,,2024,Colombo,West,Votes,13456,ordinary,23716,JATHIK
National Peoples Party,,,2024,Colombo,West,Votes,131,ordinary,23716,NATION
National Democratic Front,,,2024,Colombo,West,Votes,13,ordinary,23716,NATION
Devana Parapura,,,2024,Colombo,West,Votes,24,ordinary,23716,DEVANA
Patriotic People's Power,,,2024,Colombo,West,Votes,8,ordinary,23716,PATRIO
New Democratic Front,,,2024,Colombo,West,Votes,977,ordinary,23716,NEWDEM
Nawa Sama Samaja Party,,,2024,Colombo,West,Votes,13,ordinary,23716,NAWASA
Freedom Peoples Front,,,2024,Colombo,West,Votes,7,ordinary,23716,FREEDO
Democratic United National Front,,,2024,Colombo,West,Votes,3,ordinary,23716,DEMOCR
Democratic National Alliance,,,2024,Colombo,West,Votes,33,ordinary,23716,DEMOCR
Democratic Left Front,,,2024,Colombo,West,Votes,74,ordinary,23716,DEMOCR
Lanka Janatha Party,,,2024,Colombo,West,Votes,11,ordinary,23716,LANKAJ
Sri Lanka Podujana Peramuna,,,2024,Colombo,West,Votes,556,ordinary,23716,SRILAN
Samagi Jana Balawegaya,,,2024,Colombo,West,Votes,7212,ordinary,23716,SAMAGI
Samabima Party,,,2024,Colombo,West,Votes,13,ordinary,23716,SAMABI
Socialist Equality Party,,,2024,Colombo,West,Votes,7,ordinary,23716,SOCIAL
Sarvajana Balaya,,,2024,Colombo,West,Votes,268,ordinary,23716,SARVAJ
Independent Group 1,,,2024,Colombo,West,Votes,0,ordinary,23716,INDEPE
Independent Group 2,,,2024,Colombo,West,Votes,3,ordinary,23716,INDEPE
Independent Group 3,,,2024,Colombo,West,Votes,21,ordinary,23716,INDEPE
Independent Group 4,,,2024,Colombo,West,Votes,7,ordinary,23716,INDEPE
Independent Group 5,,,2024,Colombo,West,Votes,5,ordinary,23716,INDEPE
Independent Group 6,,,2024,Colombo,West,Votes,5,ordinary,23716,INDEPE
Independent Group 7,,,2024,Colombo,West,Votes,14,ordinary,23716,INDEPE
Independent Group 8,,,2024,Colombo,West,Votes,12,ordinary,23716,INDEPE
Independent Group 9,,,2024,Colombo,West,Votes,48,ordinary,23716,INDEPE
Independent Group 10,,,2024,Colombo,West,Votes,4,ordinary,23716,INDEPE
Independent Group 11,,,2024,Colombo,West,Votes,5,ordinary,23716,INDEPE
Independent Group 12,,,2024,Colombo,West,Votes,15,ordinary,23716,INDEPE
Independent Group 13,,,2024,Colombo,West,Votes,8,ordinary,23716,INDEPE
Independent Group 14,,,2024,Colombo,West,Votes,12,ordinary,23716,INDEPE
Independent Group 15,,,2024,Colombo,West,Votes,19,ordinary,23716,INDEPE
Independent Group 16,,,2024,Colombo,West,Votes,23,ordinary,23716,INDEPE
Independent Group 17,,,2024,Colombo,West,Votes,9,ordinary,23716,INDEPE
Independent Group 18,,,2024,Colombo,West,Votes,9,ordinary,23716,INDEPE
Independent Group 19,,,2024,Colombo,West,Votes,10,ordinary,23716,INDEPE
