party,vote_share,total_members,year,district,subdivision,candidate,votes,source_type,total_votes,party_abbr
Jathika Jana Balawegaya,,14.0,2024,Colombo,District,Votes,788636,ordinary,1149125,JATHIK
Samagi Jana Balawegaya,,4.0,2024,Colombo,District,Votes,208249,ordinary,1149125,SAMAGI
New Democratic Front,,0.0,2024,Colombo,District,Votes,51020,ordinary,1149125,NEWDEM
Sri Lanka Podujana Peramuna,,0.0,2024,Colombo,District,Votes,34880,ordinary,1149125,SRILAN
Sarvajana Balaya,,0.0,2024,Colombo,District,Votes,24746,ordinary,1149125,SARVAJ
United Democratic Voice,,0.0,2024,Colombo,District,Votes,6381,ordinary,1149125,UNITED
Democratic Left Front,,0.0,2024,Colombo,District,Votes,4900,ordinary,1149125,DEMOCR
People's Struggle Alliance,,0.0,2024,Colombo,District,Votes,2907,ordinary,1149125,PEOPLE
Devana Parapura,,0.0,2024,Colombo,District,Votes,2133,ordinary,1149125,DEVANA
Democratic National Alliance,,0.0,2024,Colombo,District,Votes,1922,ordinary,1149125,DEMOCR
Independent Group 7,,0.0,2024,Colombo,District,Votes,1799,ordinary,1149125,INDEPE
Independent Group 15,,0.0,2024,Colombo,District,Votes,1792,ordinary,1149125,INDEPE
National Peoples Party,,0.0,2024,Colombo,District,Votes,1713,ordinary,1149125,NATION
United National Freedom Front,,0.0,2024,Colombo,District,Votes,1541,ordinary,1149125,UNITED
Ape Janabala Pakshaya,,0.0,2024,Colombo,District,Votes,1258,ordinary,1149125,APEJAN
Independent Group 3,,0.0,2024,Colombo,District,Votes,1096,ordinary,1149125,INDEPE
Eelam People's Democratic Party,,0.0,2024,Colombo,District,Votes,1038,ordinary,1149125,EELAMP
Jana Setha Peramuna,,0.0,2024,Colombo,District,Votes,970,ordinary,1149125,JANASE
United National Alliance,,0.0,2024,Colombo,District,Votes,867,ordinary,1149125,UNITED
Independent Group 17,,0.0,2024,Colombo,District,Votes,857,ordinary,1149125,INDEPE
Independent Group 9,,0.0,2024,Colombo,District,Votes,777,ordinary,1149125,INDEPE
Lanka Janatha Party,,0.0,2024,Colombo,District,Votes,759,ordinary,1149125,LANKAJ
Independent Group 8,,0.0,2024,Colombo,District,Votes,708,ordinary,1149125,INDEPE
National Democratic Front,,0.0,2024,Colombo,District,Votes,627,ordinary,1149125,NATION
Independent Group 16,,0.0,2024,Colombo,District,Votes,607,ordinary,1149125,INDEPE
Independent Group 19,,0.0,2024,Colombo,District,Votes,552,ordinary,1149125,INDEPE
Arunalu Peoples Alliance,,0.0,2024,Colombo,District,Votes,552,ordinary,1149125,ARUNAL
Samabima Party,,0.0,2024,Colombo,District,Votes,525,ordinary,1149125,SAMABI
Independent Group 12,,0.0,2024,Colombo,District,Votes,508,ordinary,1149125,INDEPE
Independent Group 14,,0.0,2024,Colombo,District,Votes,492,ordinary,1149125,INDEPE
Freedom Peoples Front,,0.0,2024,Colombo,District,Votes,414,ordinary,1149125,FREEDO
Independent Group 1,,0.0,2024,Colombo,District,Votes,378,ordinary,1149125,INDEPE
Patriotic People's Power,,0.0,2024,Colombo,District,Votes,363,ordinary,1149125,PATRIO
Democratic United National Front,,0.0,2024,Colombo,District,Votes,337,ordinary,1149125,DEMOCR
Independent Group 6,,0.0,2024,Colombo,District,Votes,335,ordinary,1149125,INDEPE
United Socialist Party,,0.0,2024,Colombo,District,Votes,289,ordinary,1149125,UNITED
Independent Group 4,,0.0,2024,Colombo,District,Votes,253,ordinary,1149125,INDEPE
Independent Group 11,,0.0,2024,Colombo,District,Votes,251,ordinary,1149125,INDEPE
Independent Group 13,,0.0,2024,Colombo,District,Votes,248,ordinary,1149125,INDEPE
Socialist Equality Party,,0.0,2024,Colombo,District,Votes,244,ordinary,1149125,SOCIAL
Nawa Sama Samaja Party,,0.0,2024,Colombo,District,Votes,224,ordinary,1149125,NAWASA
Eksath Lanka Podujana Pakshaya,,0.0,2024,Colombo,District,Votes,222,ordinary,1149125,EKSATH
Independent Group 5,,0.0,2024,Colombo,District,Votes,218,ordinary,1149125,INDEPE
Independent Group 2,,0.0,2024,Colombo,District,Votes,208,ordinary,1149125,INDEPE
Independent Group 18,,0.0,2024,Colombo,District,Votes,197,ordinary,1149125,INDEPE
Independent Group 10,,0.0,2024,Colombo,District,Votes,132,ordinary,1149125,INDEPE
