party,vote_share,total_members,year,district,subdivision,candidate,votes,source_type,total_votes,party_abbr
Ape Janabala Pakshaya,,,2024,Colombo,North,Votes,79,ordinary,58862,APEJAN
Arunalu Peoples Alliance,,,2024,Colombo,North,Votes,48,ordinary,58862,ARUNAL
Eelam People's Democratic Party,,,2024,Colombo,North,Votes,243,ordinary,58862,EELAMP
United National Freedom Front,,,2024,Colombo,North,Votes,171,ordinary,58862,UNITED
United National Alliance,,,2024,Colombo,North,Votes,116,ordinary,58862,UNITED
United Democratic Voice,,,2024,Colombo,North,Votes,738,ordinary,58862,UNITED
Eksath Lanka Podujana Pakshaya,,,2024,Colombo,North,Votes,15,ordinary,58862,EKSATH
United Socialist Party,,,2024,Colombo,North,Votes,33,ordinary,58862,UNITED
People's Struggle Alliance,,,2024,Colombo,North,Votes,118,ordinary,58862,PEOPLE
Jana Setha Peramuna,,,2024,Colombo,North,Votes,57,ordinary,58862,JANASE
Jathika Jana Balawegaya,,,2024,Colombo,North,Votes,33285,ordinary,58862,JATHIK
National Peoples Party,,,2024,Colombo,North,Votes,81,ordinary,58862,NATION
National Democratic Front,,,2024,Colombo,North,Votes,62,ordinary,58862,NATION
Devana Parapura,,,2024,Colombo,North,Votes,39,ordinary,58862,DEVANA
Patriotic People's Power,,,2024,Colombo,North,Votes,45,ordinary,58862,PATRIO
New Democratic Front,,,2024,Colombo,North,Votes,1606,ordinary,58862,NEWDEM
Nawa Sama Samaja Party,,,2024,Colombo,North,Votes,34,ordinary,58862,NAWASA
Freedom Peoples Front,,,2024,Colombo,North,Votes,45,ordinary,58862,FREEDO
Democratic United National Front,,,2024,Colombo,North,Votes,20,ordinary,58862,DEMOCR
Democratic National Alliance,,,2024,Colombo,North,Votes,211,ordinary,58862,DEMOCR
Democratic Left Front,,,2024,Colombo,North,Votes,690,ordinary,58862,DEMOCR
Lanka Janatha Party,,,2024,Colombo,North,Votes,35,ordinary,58862,LANKAJ
Sri Lanka Podujana Peramuna,,,2024,Colombo,North,Votes,707,ordinary,58862,SRILAN
Samagi Jana Balawegaya,,,2024,Colombo,North,Votes,18883,ordinary,58862,SAMAGI
Samabima Party,,,2024,Colombo,North,Votes,58,ordinary,58862,SAMABI
Socialist Equality Party,,,2024,Colombo,North,Votes,28,ordinary,58862,SOCIAL
Sarvajana Balaya,,,2024,Colombo,North,Votes,387,ordinary,58862,SARVAJ
Independent Group 1,,,2024,Colombo,North,Votes,22,ordinary,58862,INDEPE
Independent Group 2,,,2024,Colombo,North,Votes,12,ordinary,58862,INDEPE
Independent Group 3,,,2024,Colombo,North,Votes,100,ordinary,58862,INDEPE
Independent Group 4,,,2024,Colombo,North,Votes,15,ordinary,58862,INDEPE
Independent Group 5,,,2024,Colombo,North,Votes,23,ordinary,58862,INDEPE
Independent Group 6,,,2024,Colombo,North,Votes,20,ordinary,58862,INDEPE
Independent Group 7,,,2024,Colombo,North,Votes,160,ordinary,58862,INDEPE
Independent Group 8,,,2024,Colombo,North,Votes,30,ordinary,58862,INDEPE
Independent Group 9,,,2024,Colombo,North,Votes,84,ordinary,58862,INDEPE
Independent Group 10,,,2024,Colombo,North,Votes,6,ordinary,58862,INDEPE
Independent Group 11,,,2024,Colombo,North,Votes,14,ordinary,58862,INDEPE
Independent Group 12,,,2024,Colombo,North,Votes,48,ordinary,58862,INDEPE
Independent Group 13,,,2024,Colombo,North,Votes,23,ordinary,58862,INDEPE
Independent Group 14,,,2024,Colombo,North,Votes,69,ordinary,58862,INDEPE
Independent Group 15,,,2024,Colombo,North,Votes,227,ordinary,58862,INDEPE
Independent Group 16,,,2024,Colombo,North,Votes,34,ordinary,58862,INDEPE
Independent Group 17,,,2024,Colombo,North,Votes,72,ordinary,58862,INDEPE
Independent Group 18,,,2024,Colombo,North,Votes,19,ordinary,58862,INDEPE
Independent Group 19,,,2024,Colombo,North,Votes,50,ordinary,58862,INDEPE
