party,vote_share,total_members,year,district,subdivision,candidate,votes,source_type,total_votes,party_abbr
Jathika Jana Balawegaya,,14.0,2024,Colombo,District,Votes,788636,ordinary,1149125,JATHIK
Samagi Jana Balawegaya,,4.0,2024,Colombo,District,Votes,208249,ordinary,1149125,SAMAGI
New Democratic Front,,0.0,2024,Colombo,District,Votes,51020,ordinary,1149125,NEWDEM
Sri Lanka Podujana Peramuna,,0.0,2024,Colombo,District,Votes,34880,ordinary,1149125,SRILAN
Sarvajana Balaya,,0.0,2024,Colombo,District,Votes,24746,ordinary,1149125,SARVAJ
United Democratic Voice,,0.0,2024,Colombo,District,Votes,6381,ordinary,1149125,UNITED
Democratic Left Front,,0.0,2024,Colombo,District,Votes,4900,ordinary,1149125,DEMOCR
People's Struggle Alliance,,0.0,2024,Colombo,District,Votes,2907,ordinary,1149125,PEOPLE
Devana Parapura,,0.0,2024,Colombo,District,Votes,2133,ordinary,1149125,DEVANA
Democratic National Alliance,,0.0,2024,Colombo,District,Votes,1922,ordinary,1149125,DEMOCR
Independent Group 7,,0.0,2024,Colombo,District,Votes,1799,ordinary,1149125,INDEPE
Independent Group 15,,0.0,2024,Colombo,District,Votes,1792,ordinary,1149125,INDEPE
National Peoples Party,,0.0,2024,Colombo,District,Votes,1713,ordinary,1149125,NATION
United National Freedom Front,,0.0,2024,Colombo,District,Votes,1541,ordinary,1149125,UNITED
Ape Janabala Pakshaya,,0.0,2024,Colombo,District,Votes,1258,ordinary,1149125,APEJAN
Independent Group 3,,0.0,2024,Colombo,District,Votes,1096,ordinary,1149125,INDEPE
Eelam People's Democratic Party,,0.0,2024,Colombo,District,Votes,1038,ordinary,1149125,EELAMP
Jana Setha Peramuna,,0.0,2024,Colombo,District,Votes,970,ordinary,1149125,JANASE
United National Alliance,,0.0,2024,Colombo,District,Votes,867,ordinary,1149125,UNITED
Independent Group 17,,0.0,2024,Colombo,District,Votes,857,ordinary,1149125,INDEPE
Independent Group 9,,0.0,2024,Colombo,District,Votes,777,ordinary,1149125,INDEPE
Lanka Janatha Party,,0.0,2024,Colombo,District,Votes,759,ordinary,1149125,LANKAJ
Independent Group 8,,0.0,2024,Colombo,District,Votes,708,ordinary,1149125,INDEPE
National Democratic Front,,0.0,2024,Colombo,District,Votes,627,ordinary,1149125,NATION
Independent Group 16,,0.0,2024,Colombo,District,Votes,607,ordinary,1149125,INDEPE
Independent Group 19,,0.0,2024,Colombo,District,Votes,552,ordinary,1149125,INDEPE
Arunalu Peoples Alliance,,0.0,2024,Colombo,District,Votes,552,ordinary,1149125,ARUNAL
Samabima Party,,0.0,2024,Colombo,District,Votes,525,ordinary,1149125,SAMABI
Independent Group 12,,0.0,2024,Colombo,District,Votes,508,ordinary,1149125,INDEPE
Independent Group 14,,0.0,2024,Colombo,District,Votes,492,ordinary,1149125,INDEPE
Freedom Peoples Front,,0.0,2024,Colombo,District,Votes,414,ordinary,1149125,FREEDO
Independent Group 1,,0.0,2024,Colombo,District,Votes,378,ordinary,1149125,INDEPE
Patriotic People's Power,,0.0,2024,Colombo,District,Votes,363,ordinary,1149125,PATRIO
Democratic United National Front,,0.0,2024,Colombo,District,Votes,337,ordinary,1149125,DEMOCR
Independent Group 6,,0.0,2024,Colombo,District,Votes,335,ordinary,1149125,INDEPE
United Socialist Party,,0.0,2024,Colombo,District,Votes,289,ordinary,1149125,UNITED
Independent Group 4,,0.0,2024,Colombo,District,Votes,253,ordinary,1149125,INDEPE
Independent Group 11,,0.0,2024,Colombo,District,Votes,251,ordinary,1149125,INDEPE
Independent Group 13,,0.0,2024,Colombo,District,Votes,248,ordinary,1149125,INDEPE
Socialist Equality Party,,0.0,2024,Colombo,District,Votes,244,ordinary,1149125,SOCIAL
Nawa Sama Samaja Party,,0.0,2024,Colombo,District,Votes,224,ordinary,1149125,NAWASA
Eksath Lanka Podujana Pakshaya,,0.0,2024,Colombo,District,Votes,222,ordinary,1149125,EKSATH
Independent Group 5,,0.0,2024,Colombo,District,Votes,218,ordinary,1149125,INDEPE
Independent Group 2,,0.0,2024,Colombo,District,Votes,208,ordinary,1149125,INDEPE
Independent Group 18,,0.0,2024,Colombo,District,Votes,197,ordinary,1149125,INDEPE
Independent Group 10,,0.0,2024,Colombo,District,Votes,132,ordinary,1149125,INDEPE
Ape Janabala Pakshaya,,,2024,Colombo,Postal,Votes,24,postal,35502,APEJAN
Arunalu Peoples Alliance,,,2024,Colombo,Postal,Votes,8,postal,35502,ARUNAL
Eelam People's Democratic Party,,,2024,Colombo,Postal,Votes,16,postal,35502,EELAMP
United National Freedom Front,,,2024,Colombo,Postal,Votes,16,postal,35502,UNITED
United National Alliance,,,2024,Colombo,Postal,Votes,11,postal,35502,UNITED
United Democratic Voice,,,2024,Colombo,Postal,Votes,82,postal,35502,UNITED
Eksath Lanka Podujana Pakshaya,,,2024,Colombo,Postal,Votes,10,postal,35502,EKSATH
United Socialist Party,,,2024,Colombo,Postal,Votes,2,postal,35502,UNITED
People's Struggle Alliance,,,2024,Colombo,Postal,Votes,81,postal,35502,PEOPLE
Jana Setha Peramuna,,,2024,Colombo,Postal,Votes,15,postal,35502,JANASE
Jathika Jana Balawegaya,,,2024,Colombo,Postal,Votes,28475,postal,35502,JATHIK
National Peoples Party,,,2024,Colombo,Postal,Votes,27,postal,35502,NATION
National Democratic Front,,,2024,Colombo,Postal,Votes,15,postal,35502,NATION
Devana Parapura,,,2024,Colombo,Postal,Votes,83,postal,35502,DEVANA
Patriotic People's Power,,,2024,Colombo,Postal,Votes,2,postal,35502,PATRIO
New Democratic Front,,,2024,Colombo,Postal,Votes,1814,postal,35502,NEWDEM
Nawa Sama Samaja Party,,,2024,Colombo,Postal,Votes,2,postal,35502,NAWASA
Freedom Peoples Front,,,2024,Colombo,Postal,Votes,9,postal,35502,FREEDO
Democratic United National Front,,,2024,Colombo,Postal,Votes,10,postal,35502,DEMOCR
Democratic National Alliance,,,2024,Colombo,Postal,Votes,10,postal,35502,DEMOCR
Democratic Left Front,,,2024,Colombo,Postal,Votes,30,postal,35502,DEMOCR
Lanka Janatha Party,,,2024,Colombo,Postal,Votes,5,postal,35502,LANKAJ
Sri Lanka Podujana Peramuna,,,2024,Colombo,Postal,Votes,934,postal,35502,SRILAN
Samagi Jana Balawegaya,,,2024,Colombo,Postal,Votes,2985,postal,35502,SAMAGI
Samabima Party,,,2024,Colombo,Postal,Votes,5,postal,35502,SAMABI
Socialist Equality Party,,,2024,Colombo,Postal,Votes,4,postal,35502,SOCIAL
Sarvajana Balaya,,,2024,Colombo,Postal,Votes,728,postal,35502,SARVAJ
Independent Group 1,,,2024,Colombo,Postal,Votes,3,postal,35502,INDEPE
Independent Group 2,,,2024,Colombo,Postal,Votes,5,postal,35502,INDEPE
Independent Group 3,,,2024,Colombo,Postal,Votes,9,postal,35502,INDEPE
Independent Group 4,,,2024,Colombo,Postal,Votes,5,postal,35502,INDEPE
Independent Group 5,,,2024,Colombo,Postal,Votes,6,postal,35502,INDEPE
Independent Group 6,,,2024,Colombo,Postal,Votes,11,postal,35502,INDEPE
Independent Group 7,,,2024,Colombo,Postal,Votes,9,postal,35502,INDEPE
Independent Group 8,,,2024,Colombo,Postal,Votes,11,postal,35502,INDEPE
Independent Group 9,,,2024,Colombo,Postal,Votes,6,postal,35502,INDEPE
Independent Group 10,,,2024,Colombo,Postal,Votes,2,postal,35502,INDEPE
Independent Group 11,,,2024,Colombo,Postal,Votes,3,postal,35502,INDEPE
Independent Group 12,,,2024,Colombo,Postal,Votes,6,postal,35502,INDEPE
Independent Group 13,,,2024,Colombo,Postal,Votes,5,postal,35502,INDEPE
Independent Group 14,,,2024,Colombo,Postal,Votes,0,postal,35502,INDEPE
Independent Group 15,,,2024,Colombo,Postal,Votes,8,postal,35502,INDEPE
Independent Group 16,,,2024,Colombo,Postal,Votes,2,postal,35502,INDEPE
Independent Group 17,,,2024,Colombo,Postal,Votes,0,postal,35502,INDEPE
Independent Group 18,,,2024,Colombo,Postal,Votes,0,postal,35502,INDEPE
Independent Group 19,,,2024,Colombo,Postal,Votes,8,postal,35502,INDEPE
Ape Janabala Pakshaya,,,2024,Colombo,Central,Votes,85,ordinary,76085,APEJAN
Arunalu Peoples Alliance,,,2024,Colombo,Central,Votes,50,ordinary,76085,ARUNAL
Eelam People's Democratic Party,,,2024,Colombo,Central,Votes,120,ordinary,76085,EELAMP
United National Freedom Front,,,2024,Colombo,Central,Votes,225,ordinary,76085,UNITED
United National Alliance,,,2024,Colombo,Central,Votes,132,ordinary,76085,UNITED
United Democratic Voice,,,2024,Colombo,Central,Votes,490,ordinary,76085,UNITED
Eksath Lanka Podujana Pakshaya,,,2024,Colombo,Central,Votes,3,ordinary,76085,EKSATH
United Socialist Party,,,2024,Colombo,Central,Votes,39,ordinary,76085,UNITED
People's Struggle Alliance,,,2024,Colombo,Central,Votes,180,ordinary,76085,PEOPLE
Jana Setha Peramuna,,,2024,Colombo,Central,Votes,57,ordinary,76085,JANASE
Jathika Jana Balawegaya,,,2024,Colombo,Central,Votes,39160,ordinary,76085,JATHIK
National Peoples Party,,,2024,Colombo,Central,Votes,96,ordinary,76085,NATION
National Democratic Front,,,2024,Colombo,Central,Votes,67,ordinary,76085,NATION
Devana Parapura,,,2024,Colombo,Central,Votes,77,ordinary,76085,DEVANA
Patriotic People's Power,,,2024,Colombo,Central,Votes,65,ordinary,76085,PATRIO
New Democratic Front,,,2024,Colombo,Central,Votes,3612,ordinary,76085,NEWDEM
Nawa Sama Samaja Party,,,2024,Colombo,Central,Votes,34,ordinary,76085,NAWASA
Freedom Peoples Front,,,2024,Colombo,Central,Votes,37,ordinary,76085,FREEDO
Democratic United National Front,,,2024,Colombo,Central,Votes,22,ordinary,76085,DEMOCR
Democratic National Alliance,,,2024,Colombo,Central,Votes,230,ordinary,76085,DEMOCR
Democratic Left Front,,,2024,Colombo,Central,Votes,626,ordinary,76085,DEMOCR
Lanka Janatha Party,,,2024,Colombo,Central,Votes,74,ordinary,76085,LANKAJ
Sri Lanka Podujana Peramuna,,,2024,Colombo,Central,Votes,923,ordinary,76085,SRILAN
Samagi Jana Balawegaya,,,2024,Colombo,Central,Votes,27347,ordinary,76085,SAMAGI
Samabima Party,,,2024,Colombo,Central,Votes,52,ordinary,76085,SAMABI
Socialist Equality Party,,,2024,Colombo,Central,Votes,24,ordinary,76085,SOCIAL
Sarvajana Balaya,,,2024,Colombo,Central,Votes,464,ordinary,76085,SARVAJ
Independent Group 1,,,2024,Colombo,Central,Votes,30,ordinary,76085,INDEPE
Independent Group 2,,,2024,Colombo,Central,Votes,11,ordinary,76085,INDEPE
Independent Group 3,,,2024,Colombo,Central,Votes,160,ordinary,76085,INDEPE
Independent Group 4,,,2024,Colombo,Central,Votes,24,ordinary,76085,INDEPE
Independent Group 5,,,2024,Colombo,Central,Votes,19,ordinary,76085,INDEPE
Independent Group 6,,,2024,Colombo,Central,Votes,27,ordinary,76085,INDEPE
Independent Group 7,,,2024,Colombo,Central,Votes,158,ordinary,76085,INDEPE
Independent Group 8,,,2024,Colombo,Central,Votes,62,ordinary,76085,INDEPE
Independent Group 9,,,2024,Colombo,Central,Votes,207,ordinary,76085,INDEPE
Independent Group 10,,,2024,Colombo,Central,Votes,18,ordinary,76085,INDEPE
Independent Group 11,,,2024,Colombo,Central,Votes,25,ordinary,76085,INDEPE
Independent Group 12,,,2024,Colombo,Central,Votes,91,ordinary,76085,INDEPE
Independent Group 13,,,2024,Colombo,Central,Votes,31,ordinary,76085,INDEPE
Independent Group 14,,,2024,Colombo,Central,Votes,66,ordinary,76085,INDEPE
Independent Group 15,,,2024,Colombo,Central,Votes,390,ordinary,76085,INDEPE
Independent Group 16,,,2024,Colombo,Central,Votes,107,ordinary,76085,INDEPE
Independent Group 17,,,2024,Colombo,Central,Votes,311,ordinary,76085,INDEPE
Independent Group 18,,,2024,Colombo,Central,Votes,22,ordinary,76085,INDEPE
Independent Group 19,,,2024,Colombo,Central,Votes,35,ordinary,76085,INDEPE
Ape Janabala Pakshaya,,,2024,Colombo,East,Votes,59,ordinary,40819,APEJAN
Arunalu Peoples Alliance,,,2024,Colombo,East,Votes,35,ordinary,40819,ARUNAL
Eelam People's Democratic Party,,,2024,Colombo,East,Votes,70,ordinary,40819,EELAMP
United National Freedom Front,,,2024,Colombo,East,Votes,132,ordinary,40819,UNITED
United National Alliance,,,2024,Colombo,East,Votes,55,ordinary,40819,UNITED
United Democratic Voice,,,2024,Colombo,East,Votes,273,ordinary,40819,UNITED
Eksath Lanka Podujana Pakshaya,,,2024,Colombo,East,Votes,6,ordinary,40819,EKSATH
United Socialist Party,,,2024,Colombo,East,Votes,25,ordinary,40819,UNITED
People's Struggle Alliance,,,2024,Colombo,East,Votes,157,ordinary,40819,PEOPLE
Jana Setha Peramuna,,,2024,Colombo,East,Votes,24,ordinary,40819,JANASE
Jathika Jana Balawegaya,,,2024,Colombo,East,Votes,26072,ordinary,40819,JATHIK
National Peoples Party,,,2024,Colombo,East,Votes,174,ordinary,40819,NATION
National Democratic Front,,,2024,Colombo,East,Votes,20,ordinary,40819,NATION
Devana Parapura,,,2024,Colombo,East,Votes,77,ordinary,40819,DEVANA
Patriotic People's Power,,,2024,Colombo,East,Votes,11,ordinary,40819,PATRIO
New Democratic Front,,,2024,Colombo,East,Votes,2090,ordinary,40819,NEWDEM
Nawa Sama Samaja Party,,,2024,Colombo,East,Votes,8,ordinary,40819,NAWASA
Freedom Peoples Front,,,2024,Colombo,East,Votes,23,ordinary,40819,FREEDO
Democratic United National Front,,,2024,Colombo,East,Votes,23,ordinary,40819,DEMOCR
Democratic National Alliance,,,2024,Colombo,East,Votes,63,ordinary,40819,DEMOCR
Democratic Left Front,,,2024,Colombo,East,Votes,211,ordinary,40819,DEMOCR
Lanka Janatha Party,,,2024,Colombo,East,Votes,17,ordinary,40819,LANKAJ
Sri Lanka Podujana Peramuna,,,2024,Colombo,East,Votes,950,ordinary,40819,SRILAN
Samagi Jana Balawegaya,,,2024,Colombo,East,Votes,9034,ordinary,40819,SAMAGI
Samabima Party,,,2024,Colombo,East,Votes,23,ordinary,40819,SAMABI
Socialist Equality Party,,,2024,Colombo,East,Votes,13,ordinary,40819,SOCIAL
Sarvajana Balaya,,,2024,Colombo,East,Votes,733,ordinary,40819,SARVAJ
Independent Group 1,,,2024,Colombo,East,Votes,8,ordinary,40819,INDEPE
Independent Group 2,,,2024,Colombo,East,Votes,12,ordinary,40819,INDEPE
Independent Group 3,,,2024,Colombo,East,Votes,44,ordinary,40819,INDEPE
Independent Group 4,,,2024,Colombo,East,Votes,10,ordinary,40819,INDEPE
Independent Group 5,,,2024,Colombo,East,Votes,10,ordinary,40819,INDEPE
Independent Group 6,,,2024,Colombo,East,Votes,7,ordinary,40819,INDEPE
Independent Group 7,,,2024,Colombo,East,Votes,65,ordinary,40819,INDEPE
Independent Group 8,,,2024,Colombo,East,Votes,36,ordinary,40819,INDEPE
Independent Group 9,,,2024,Colombo,East,Votes,31,ordinary,40819,INDEPE
Independent Group 10,,,2024,Colombo,East,Votes,7,ordinary,40819,INDEPE
Independent Group 11,,,2024,Colombo,East,Votes,14,ordinary,40819,INDEPE
Independent Group 12,,,2024,Colombo,East,Votes,32,ordinary,40819,INDEPE
Independent Group 13,,,2024,Colombo,East,Votes,3,ordinary,40819,INDEPE
Independent Group 14,,,2024,Colombo,East,Votes,26,ordinary,40819,INDEPE
Independent Group 15,,,2024,Colombo,East,Votes,62,ordinary,40819,INDEPE
Independent Group 16,,,2024,Colombo,East,Votes,31,ordinary,40819,INDEPE
Independent Group 17,,,2024,Colombo,East,Votes,16,ordinary,40819,INDEPE
Independent Group 18,,,2024,Colombo,East,Votes,6,ordinary,40819,INDEPE
Independent Group 19,,,2024,Colombo,East,Votes,21,ordinary,40819,INDEPE
Ape Janabala Pakshaya,,,2024,Colombo,North,Votes,79,ordinary,58862,APEJAN
Arunalu Peoples Alliance,,,2024,Colombo,North,Votes,48,ordinary,58862,ARUNAL
Eelam People's Democratic Party,,,2024,Colombo,North,Votes,243,ordinary,58862,EELAMP
United National Freedom Front,,,2024,Colombo,North,Votes,171,ordinary,58862,UNITED
United National Alliance,,,2024,Colombo,North,Votes,116,ordinary,58862,UNITED
United Democratic Voice,,,2024,Colombo,North,Votes,738,ordinary,58862,UNITED
Eksath Lanka Podujana Pakshaya,,,2024,Colombo,North,Votes,15,ordinary,58862,EKSATH
United Socialist Party,,,2024,Colombo,North,Votes,33,ordinary,58862,UNITED
People's Struggle Alliance,,,2024,Colombo,North,Votes,118,ordinary,58862,PEOPLE
Jana Setha Peramuna,,,2024,Colombo,North,Votes,57,ordinary,58862,JANASE
Jathika Jana Balawegaya,,,2024,Colombo,North,Votes,33285,ordinary,58862,JATHIK
National Peoples Party,,,2024,Colombo,North,Votes,81,ordinary,58862,NATION
National Democratic Front,,,2024,Colombo,North,Votes,62,ordinary,58862,NATION
Devana Parapura,,,2024,Colombo,North,Votes,39,ordinary,58862,DEVANA
Patriotic People's Power,,,2024,Colombo,North,Votes,45,ordinary,58862,PATRIO
New Democratic Front,,,2024,Colombo,North,Votes,1606,ordinary,58862,NEWDEM
Nawa Sama Samaja Party,,,2024,Colombo,North,Votes,34,ordinary,58862,NAWASA
Freedom Peoples Front,,,2024,Colombo,North,Votes,45,ordinary,58862,FREEDO
Democratic United National Front,,,2024,Colombo,North,Votes,20,ordinary,58862,DEMOCR
Democratic National Alliance,,,2024,Colombo,North,Votes,211,ordinary,58862,DEMOCR
Democratic Left Front,,,2024,Colombo,North,Votes,690,ordinary,58862,DEMOCR
Lanka Janatha Party,,,2024,Colombo,North,Votes,35,ordinary,58862,LANKAJ
Sri Lanka Podujana Peramuna,,,2024,Colombo,North,Votes,707,ordinary,58862,SRILAN
Samagi Jana Balawegaya,,,2024,Colombo,North,Votes,18883,ordinary,58862,SAMAGI
Samabima Party,,,2024,Colombo,North,Votes,58,ordinary,58862,SAMABI
Socialist Equality Party,,,2024,Colombo,North,Votes,28,ordinary,58862,SOCIAL
Sarvajana Balaya,,,2024,Colombo,North,Votes,387,ordinary,58862,SARVAJ
Independent Group 1,,,2024,Colombo,North,Votes,22,ordinary,58862,INDEPE
Independent Group 2,,,2024,Colombo,North,Votes,12,ordinary,58862,INDEPE
Independent Group 3,,,2024,Colombo,North,Votes,100,ordinary,58862,INDEPE
Independent Group 4,,,2024,Colombo,North,Votes,15,ordinary,58862,INDEPE
Independent Group 5,,,2024,Colombo,North,Votes,23,ordinary,58862,INDEPE
Independent Group 6,,,2024,Colombo,North,Votes,20,ordinary,58862,INDEPE
Independent Group 7,,,2024,Colombo,North,Votes,160,ordinary,58862,INDEPE
Independent Group 8,,,2024,Colombo,North,Votes,30,ordinary,58862,INDEPE
Independent Group 9,,,2024,Colombo,North,Votes,84,ordinary,58862,INDEPE
Independent Group 10,,,2024,Colombo,North,Votes,6,ordinary,58862,INDEPE
Independent Group 11,,,2024,Colombo,North,Votes,14,ordinary,58862,INDEPE
Independent Group 12,,,2024,Colombo,North,Votes,48,ordinary,58862,INDEPE
Independent Group 13,,,2024,Colombo,North,Votes,23,ordinary,58862,INDEPE
Independent Group 14,,,2024,Colombo,North,Votes,69,ordinary,58862,INDEPE
Independent Group 15,,,2024,Colombo,North,Votes,227,ordinary,58862,INDEPE
Independent Group 16,,,2024,Colombo,North,Votes,34,ordinary,58862,INDEPE
Independent Group 17,,,2024,Colombo,North,Votes,72,ordinary,58862,INDEPE
Independent Group 18,,,2024,Colombo,North,Votes,19,ordinary,58862,INDEPE
Independent Group 19,,,2024,Colombo,North,Votes,50,ordinary,58862,INDEPE
Ape Janabala Pakshaya,,,2024,Colombo,West,Votes,32,ordinary,23716,APEJAN
Arunalu Peoples Alliance,,,2024,Colombo,West,Votes,8,ordinary,23716,ARUNAL
Eelam People's Democratic Party,,,2024,Colombo,West,Votes,76,ordinary,23716,EELAMP
United National Freedom Front,,,2024,Colombo,West,Votes,38,ordinary,23716,UNITED
United National Alliance,,,2024,Colombo,West,Votes,43,ordinary,23716,UNITED
United Democratic Voice,,,2024,Colombo,West,Votes,239,ordinary,23716,UNITED
Eksath Lanka Podujana Pakshaya,,,2024,Colombo,West,Votes,2,ordinary,23716,EKSATH
United Socialist Party,,,2024,Colombo,West,Votes,6,ordinary,23716,UNITED
People's Struggle Alliance,,,2024,Colombo,West,Votes,226,ordinary,23716,PEOPLE
Jana Setha Peramuna,,,2024,Colombo,West,Votes,11,ordinary,23716,JANASE
Jathika Jana Balawegaya,,,2024,Colombo,West,Votes,13456,ordinary,23716,JATHIK
National Peoples Party,,,2024,Colombo,West,Votes,131,ordinary,23716,NATION
National Democratic Front,,,2024,Colombo,West,Votes,13,ordinary,23716,NATION
Devana Parapura,,,2024,Colombo,West,Votes,24,ordinary,23716,DEVANA
Patriotic People's Power,,,2024,Colombo,West,Votes,8,ordinary,23716,PATRIO
New Democratic Front,,,2024,Colombo,West,Votes,977,ordinary,23716,NEWDEM
Nawa Sama Samaja Party,,,2024,Colombo,West,Votes,13,ordinary,23716,NAWASA
Freedom Peoples Front,,,2024,Colombo,West,Votes,7,ordinary,23716,FREEDO
Democratic United National Front,,,2024,Colombo,West,Votes,3,ordinary,23716,DEMOCR
Democratic National Alliance,,,2024,Colombo,West,Votes,33,ordinary,23716,DEMOCR
Democratic Left Front,,,2024,Colombo,West,Votes,74,ordinary,23716,DEMOCR
Lanka Janatha Party,,,2024,Colombo,West,Votes,11,ordinary,23716,LANKAJ
Sri Lanka Podujana Peramuna,,,2024,Colombo,West,Votes,556,ordinary,23716,SRILAN
Samagi Jana Balawegaya,,,2024,Colombo,West,Votes,7212,ordinary,23716,SAMAGI
Samabima Party,,,2024,Colombo,West,Votes,13,ordinary,23716,SAMABI
Socialist Equality Party,,,2024,Colombo,West,Votes,7,ordinary,23716,SOCIAL
Sarvajana Balaya,,,2024,Colombo,West,Votes,268,ordinary,23716,SARVAJ
Independent Group 1,,,2024,Colombo,West,Votes,0,ordinary,23716,INDEPE
Independent Group 2,,,2024,Colombo,West,Votes,3,ordinary,23716,INDEPE
Independent Group 3,,,2024,Colombo,West,Votes,21,ordinary,23716,INDEPE
Independent Group 4,,,2024,Colombo,West,Votes,7,ordinary,23716,INDEPE
Independent Group 5,,,2024,Colombo,West,Votes,5,ordinary,23716,INDEPE
Independent Group 6,,,2024,Colombo,West,Votes,5,ordinary,23716,INDEPE
Independent Group 7,,,2024,Colombo,West,Votes,14,ordinary,23716,INDEPE
Independent Group 8,,,2024,Colombo,West,Votes,12,ordinary,23716,INDEPE
Independent Group 9,,,2024,Colombo,West,Votes,48,ordinary,23716,INDEPE
Independent Group 10,,,2024,Colombo,West,Votes,4,ordinary,23716,INDEPE
Independent Group 11,,,2024,Colombo,West,Votes,5,ordinary,23716,INDEPE
Independent Group 12,,,2024,Colombo,West,Votes,15,ordinary,23716,INDEPE
Independent Group 13,,,2024,Colombo,West,Votes,8,ordinary,23716,INDEPE
Independent Group 14,,,2024,Colombo,West,Votes,12,ordinary,23716,INDEPE
Independent Group 15,,,2024,Colombo,West,Votes,19,ordinary,23716,INDEPE
Independent Group 16,,,2024,Colombo,West,Votes,23,ordinary,23716,INDEPE
Independent Group 17,,,2024,Colombo,West,Votes,9,ordinary,23716,INDEPE
Independent Group 18,,,2024,Colombo,West,Votes,9,ordinary,23716,INDEPE
Independent Group 19,,,2024,Colombo,West,Votes,10,ordinary,23716,INDEPE
