Party,Votes,Percentage
Ape Janabala Pakshaya,24,0.07%
Arunalu Peoples Alliance,8,0.02%
Eelam People's Democratic Party,16,0.05%
United National Freedom Front,16,0.05%
United National Alliance,11,0.03%
United Democratic Voice,82,0.23%
Eksath Lanka Podujana Pakshaya,10,0.03%
United Socialist Party,2,0.01%
People's Struggle Alliance,81,0.23%
Jana Setha Peramuna,15,0.04%
Jathika Jana Balawegaya,"28,475",80.21%
National Peoples Party,27,0.08%
National Democratic Front,15,0.04%
Devana Parapura,83,0.23%
Patriotic People's Power,2,0.01%
New Democratic Front,"1,814",5.11%
Nawa Sama Samaja Party,2,0.01%
Freedom Peoples Front,9,0.03%
Democratic United National Front,10,0.03%
Democratic National Alliance,10,0.03%
Democratic Left Front,30,0.08%
Lanka Janatha Party,5,0.01%
Sri Lanka Podujana Peramuna,934,2.63%
Samagi Jana Balawegaya,"2,985",8.41%
Samabima Party,5,0.01%
Socialist Equality Party,4,0.01%
Sarvajana Balaya,728,2.05%
Independent Group 1,3,0.01%
Independent Group 2,5,0.01%
Independent Group 3,9,0.03%
Independent Group 4,5,0.01%
Independent Group 5,6,0.02%
Independent Group 6,11,0.03%
Independent Group 7,9,0.03%
Independent Group 8,11,0.03%
Independent Group 9,6,0.02%
Independent Group 10,2,0.01%
Independent Group 11,3,0.01%
Independent Group 12,6,0.02%
Independent Group 13,5,0.01%
Independent Group 14,0,0%
Independent Group 15,8,0.02%
Independent Group 16,2,0.01%
Independent Group 17,0,0%
Independent Group 18,0,0%
Independent Group 19,8,0.02%
