Party,Votes,Percentage,Seats
Jathika Jana Balawegaya,"788,636",68.63%,14
Samagi Jana Balawegaya,"208,249",18.12%,4
New Democratic Front,"51,020",4.44%,0
Sri Lanka Podujana Peramuna,"34,880",3.04%,0
Sarvajana Balaya,"24,746",2.15%,0
United Democratic Voice,"6,381",0.56%,0
Democratic Left Front,"4,900",0.43%,0
People's Struggle Alliance,"2,907",0.25%,0
Devana Parapura,"2,133",0.19%,0
Democratic National Alliance,"1,922",0.17%,0
Independent Group 7,"1,799",0.16%,0
Independent Group 15,"1,792",0.16%,0
National Peoples Party,"1,713",0.15%,0
United National Freedom Front,"1,541",0.13%,0
Ape Janabala Pakshaya,"1,258",0.11%,0
Independent Group 3,"1,096",0.1%,0
Eelam People's Democratic Party,"1,038",0.09%,0
Jana Setha Peramuna,970,0.08%,0
United National Alliance,867,0.08%,0
Independent Group 17,857,0.07%,0
Independent Group 9,777,0.07%,0
Lanka Janatha Party,759,0.07%,0
Independent Group 8,708,0.06%,0
National Democratic Front,627,0.05%,0
Independent Group 16,607,0.05%,0
Independent Group 19,552,0.05%,0
Arunalu Peoples Alliance,552,0.05%,0
Samabima Party,525,0.05%,0
Independent Group 12,508,0.04%,0
Independent Group 14,492,0.04%,0
Freedom Peoples Front,414,0.04%,0
Independent Group 1,378,0.03%,0
Patriotic People's Power,363,0.03%,0
Democratic United National Front,337,0.03%,0
Independent Group 6,335,0.03%,0
United Socialist Party,289,0.03%,0
Independent Group 4,253,0.02%,0
Independent Group 11,251,0.02%,0
Independent Group 13,248,0.02%,0
Socialist Equality Party,244,0.02%,0
Nawa Sama Samaja Party,224,0.02%,0
Eksath Lanka Podujana Pakshaya,222,0.02%,0
Independent Group 5,218,0.02%,0
Independent Group 2,208,0.02%,0
Independent Group 18,197,0.02%,0
Independent Group 10,132,0.01%,0
