"district_name","district_name href","ele_logo src","ele_party","ele_party 2","ele_value","ele_value 2","ele_logo src 2","ele_party 3","ele_party 4","ele_value 3","ele_value 4","ele_logo src 3","ele_party 5","ele_party 6","ele_value 5","ele_value 6","ele_logo src 4","ele_party 7","ele_party 8","ele_value 7","ele_value 8","ele_logo src 5","ele_party 9","ele_party 10","ele_value 9","ele_value 10","ele_value 11","ele_value 12"
"Kalutara District","https://election.adaderana.lk/presidential-election-2024/district_result.php?dist_id=Kalutara","https://election.adaderana.lk/presidential-election-2024/elec_images/anura.png","ANURA KUMARA DISSANAYAKE","NPP","47.43%","387,764","https://election.adaderana.lk/presidential-election-2024/elec_images/sajith.png","SAJITH PREMADASA","SJB","28.91%","236,307","https://election.adaderana.lk/presidential-election-2024/elec_images/ranil.png","RANIL WICKREMESINGHE","IND16","17.53%","143,285","https://election.adaderana.lk/presidential-election-2024/elec_images/namal.png","NAMAL RAJAPAKSA","SLPP","2.78%","22,727","https://election.adaderana.lk/presidential-election-2024/elec_images/dilith.png","DILITH JAYAWEERA","SLCP","1.26%","10,261","2.10%","17,174"
"Galle District","https://election.adaderana.lk/presidential-election-2024/district_result.php?dist_id=Galle","https://election.adaderana.lk/presidential-election-2024/elec_images/anura.png","ANURA KUMARA DISSANAYAKE","NPP","51.45%","366,721","https://election.adaderana.lk/presidential-election-2024/elec_images/sajith.png","SAJITH PREMADASA","SJB","26.59%","189,555","https://election.adaderana.lk/presidential-election-2024/elec_images/ranil.png","RANIL WICKREMESINGHE","IND16","15.06%","107,336","https://election.adaderana.lk/presidential-election-2024/elec_images/namal.png","NAMAL RAJAPAKSA","SLPP","3.42%","24,382","https://election.adaderana.lk/presidential-election-2024/elec_images/dilith.png","DILITH JAYAWEERA","SLCP","1.16%","8,263","2.32%","16,563"
"Matara District","https://election.adaderana.lk/presidential-election-2024/district_result.php?dist_id=Matara","https://election.adaderana.lk/presidential-election-2024/elec_images/anura.png","ANURA KUMARA DISSANAYAKE","NPP","52.46%","287,662","https://election.adaderana.lk/presidential-election-2024/elec_images/sajith.png","SAJITH PREMADASA","SJB","26.89%","147,462","https://election.adaderana.lk/presidential-election-2024/elec_images/ranil.png","RANIL WICKREMESINGHE","IND16","14.45%","79,249","https://election.adaderana.lk/presidential-election-2024/elec_images/namal.png","NAMAL RAJAPAKSA","SLPP","2.73%","14,962","https://election.adaderana.lk/presidential-election-2024/elec_images/dilith.png","DILITH JAYAWEERA","SLCP","1.33%","7,316","2.13%","11,678"
"Digamadulla District","https://election.adaderana.lk/presidential-election-2024/district_result.php?dist_id=Digamadulla","https://election.adaderana.lk/presidential-election-2024/elec_images/sajith.png","SAJITH PREMADASA","SJB","47.33%","200,384","https://election.adaderana.lk/presidential-election-2024/elec_images/anura.png","ANURA KUMARA DISSANAYAKE","NPP","25.74%","108,971","https://election.adaderana.lk/presidential-election-2024/elec_images/ranil.png","RANIL WICKREMESINGHE","IND16","20.45%","86,589","https://election.adaderana.lk/presidential-election-2024/elec_images/shell.png","ARIYANETHIRAN PAKKIYASELVAM","IND9","2.36%","9,985","https://election.adaderana.lk/presidential-election-2024/elec_images/namal.png","NAMAL RAJAPAKSA","SLPP","1.79%","7,570","4.51%","19,083"
"Puttalam District","https://election.adaderana.lk/presidential-election-2024/district_result.php?dist_id=Puttalam","https://election.adaderana.lk/presidential-election-2024/elec_images/anura.png","ANURA KUMARA DISSANAYAKE","NPP","44.06%","207,134","https://election.adaderana.lk/presidential-election-2024/elec_images/sajith.png","SAJITH PREMADASA","SJB","36.88%","173,382","https://election.adaderana.lk/presidential-election-2024/elec_images/ranil.png","RANIL WICKREMESINGHE","IND16","12.92%","60,719","https://election.adaderana.lk/presidential-election-2024/elec_images/namal.png","NAMAL RAJAPAKSA","SLPP","2.83%","13,285","https://election.adaderana.lk/presidential-election-2024/elec_images/dilith.png","DILITH JAYAWEERA","SLCP","0.64%","3,003","2.67%","12,572"
"Anuradhapura District","https://election.adaderana.lk/presidential-election-2024/district_result.php?dist_id=Anuradhapura","https://election.adaderana.lk/presidential-election-2024/elec_images/anura.png","ANURA KUMARA DISSANAYAKE","NPP","47.37%","285,944","https://election.adaderana.lk/presidential-election-2024/elec_images/sajith.png","SAJITH PREMADASA","SJB","33.51%","202,289","https://election.adaderana.lk/presidential-election-2024/elec_images/ranil.png","RANIL WICKREMESINGHE","IND16","13.61%","82,152","https://election.adaderana.lk/presidential-election-2024/elec_images/namal.png","NAMAL RAJAPAKSA","SLPP","2.49%","15,029","https://election.adaderana.lk/presidential-election-2024/elec_images/dilith.png","DILITH JAYAWEERA","SLCP","0.61%","3,696","2.41%","14,576"
"Kegalle District","https://election.adaderana.lk/presidential-election-2024/district_result.php?dist_id=Kegalle","https://election.adaderana.lk/presidential-election-2024/elec_images/anura.png","ANURA KUMARA DISSANAYAKE","NPP","43.39%","247,179","https://election.adaderana.lk/presidential-election-2024/elec_images/sajith.png","SAJITH PREMADASA","SJB","32.64%","185,930","https://election.adaderana.lk/presidential-election-2024/elec_images/ranil.png","RANIL WICKREMESINGHE","IND16","18.70%","106,510","https://election.adaderana.lk/presidential-election-2024/elec_images/namal.png","NAMAL RAJAPAKSA","SLPP","2.06%","11,722","https://election.adaderana.lk/presidential-election-2024/elec_images/dilith.png","DILITH JAYAWEERA","SLCP","0.81%","4,619","2.41%","13,719"
"Gampaha District","https://election.adaderana.lk/presidential-election-2024/district_result.php?dist_id=Gampaha","https://election.adaderana.lk/presidential-election-2024/elec_images/anura.png","ANURA KUMARA DISSANAYAKE","NPP","55.50%","809,410","https://election.adaderana.lk/presidential-election-2024/elec_images/sajith.png","SAJITH PREMADASA","SJB","23.97%","349,550","https://election.adaderana.lk/presidential-election-2024/elec_images/ranil.png","RANIL WICKREMESINGHE","IND16","14.81%","216,028","https://election.adaderana.lk/presidential-election-2024/elec_images/namal.png","NAMAL RAJAPAKSA","SLPP","2.82%","41,193","https://election.adaderana.lk/presidential-election-2024/elec_images/dilith.png","DILITH JAYAWEERA","SLCP","1.18%","17,143","1.72%","25,065"
"Colombo District","https://election.adaderana.lk/presidential-election-2024/district_result.php?dist_id=Colombo","https://election.adaderana.lk/presidential-election-2024/elec_images/anura.png","ANURA KUMARA DISSANAYAKE","NPP","47.21%","629,963","https://election.adaderana.lk/presidential-election-2024/elec_images/sajith.png","SAJITH PREMADASA","SJB","25.64%","342,108","https://election.adaderana.lk/presidential-election-2024/elec_images/ranil.png","RANIL WICKREMESINGHE","IND16","21.09%","281,436","https://election.adaderana.lk/presidential-election-2024/elec_images/namal.png","NAMAL RAJAPAKSA","SLPP","2.28%","30,432","https://election.adaderana.lk/presidential-election-2024/elec_images/dilith.png","DILITH JAYAWEERA","SLCP","1.98%","26,356","1.81%","24,095"
"Badulla District","https://election.adaderana.lk/presidential-election-2024/district_result.php?dist_id=Badulla","https://election.adaderana.lk/presidential-election-2024/elec_images/sajith.png","SAJITH PREMADASA","SJB","38.61%","219,674","https://election.adaderana.lk/presidential-election-2024/elec_images/anura.png","ANURA KUMARA DISSANAYAKE","NPP","34.68%","197,283","https://election.adaderana.lk/presidential-election-2024/elec_images/ranil.png","RANIL WICKREMESINGHE","IND16","20.24%","115,138","https://election.adaderana.lk/presidential-election-2024/elec_images/namal.png","NAMAL RAJAPAKSA","SLPP","2.44%","13,869","https://election.adaderana.lk/presidential-election-2024/elec_images/calculator.png","K.K. PIYADASA","IND4","0.59%","3,377","3.50%","19,918"
"Ratnapura District","https://election.adaderana.lk/presidential-election-2024/district_result.php?dist_id=Ratnapura","https://election.adaderana.lk/presidential-election-2024/elec_images/anura.png","ANURA KUMARA DISSANAYAKE","NPP","39.32%","291,708","https://election.adaderana.lk/presidential-election-2024/elec_images/sajith.png","SAJITH PREMADASA","SJB","34.74%","257,721","https://election.adaderana.lk/presidential-election-2024/elec_images/ranil.png","RANIL WICKREMESINGHE","IND16","19.55%","145,038","https://election.adaderana.lk/presidential-election-2024/elec_images/namal.png","NAMAL RAJAPAKSA","SLPP","2.77%","20,575","https://election.adaderana.lk/presidential-election-2024/elec_images/dilith.png","DILITH JAYAWEERA","SLCP","1.03%","7,629","2.59%","19,229"
"Batticaloa District","https://election.adaderana.lk/presidential-election-2024/district_result.php?dist_id=Batticaloa","https://election.adaderana.lk/presidential-election-2024/elec_images/sajith.png","SAJITH PREMADASA","SJB","43.66%","139,110","https://election.adaderana.lk/presidential-election-2024/elec_images/ranil.png","RANIL WICKREMESINGHE","IND16","28.60%","91,132","https://election.adaderana.lk/presidential-election-2024/elec_images/anura.png","ANURA KUMARA DISSANAYAKE","NPP","12.19%","38,832","https://election.adaderana.lk/presidential-election-2024/elec_images/shell.png","ARIYANETHIRAN PAKKIYASELVAM","IND9","11.58%","36,905","https://election.adaderana.lk/presidential-election-2024/elec_images/calculator.png","K.K. PIYADASA","IND4","0.96%","3,057","15.32%","48,804"
"Hambantota District","https://election.adaderana.lk/presidential-election-2024/district_result.php?dist_id=Hambantota","https://election.adaderana.lk/presidential-election-2024/elec_images/anura.png","ANURA KUMARA DISSANAYAKE","NPP","51.96%","221,913","https://election.adaderana.lk/presidential-election-2024/elec_images/sajith.png","SAJITH PREMADASA","SJB","30.79%","131,503","https://election.adaderana.lk/presidential-election-2024/elec_images/ranil.png","RANIL WICKREMESINGHE","IND16","7.78%","33,217","https://election.adaderana.lk/presidential-election-2024/elec_images/namal.png","NAMAL RAJAPAKSA","SLPP","6.25%","26,707","https://election.adaderana.lk/presidential-election-2024/elec_images/dilith.png","DILITH JAYAWEERA","SLCP","0.70%","2,978","2.52%","10,744"
"Moneragala District","https://election.adaderana.lk/presidential-election-2024/district_result.php?dist_id=Moneragala","https://election.adaderana.lk/presidential-election-2024/elec_images/anura.png","ANURA KUMARA DISSANAYAKE","NPP","41.86%","140,269","https://election.adaderana.lk/presidential-election-2024/elec_images/sajith.png","SAJITH PREMADASA","SJB","40.06%","134,238","https://election.adaderana.lk/presidential-election-2024/elec_images/ranil.png","RANIL WICKREMESINGHE","IND16","10.66%","35,728","https://election.adaderana.lk/presidential-election-2024/elec_images/namal.png","NAMAL RAJAPAKSA","SLPP","3.83%","12,832","https://election.adaderana.lk/presidential-election-2024/elec_images/dilith.png","DILITH JAYAWEERA","SLCP","0.68%","2,286","2.90%","9,729"
"Kurunegala District","https://election.adaderana.lk/presidential-election-2024/district_result.php?dist_id=Kurunegala","https://election.adaderana.lk/presidential-election-2024/elec_images/anura.png","ANURA KUMARA DISSANAYAKE","NPP","48.20%","544,763","https://election.adaderana.lk/presidential-election-2024/elec_images/sajith.png","SAJITH PREMADASA","SJB","32.58%","368,290","https://election.adaderana.lk/presidential-election-2024/elec_images/ranil.png","RANIL WICKREMESINGHE","IND16","12.96%","146,520","https://election.adaderana.lk/presidential-election-2024/elec_images/namal.png","NAMAL RAJAPAKSA","SLPP","3.43%","38,730","https://election.adaderana.lk/presidential-election-2024/elec_images/dilith.png","DILITH JAYAWEERA","SLCP","0.67%","7,532","2.16%","24,458"
"Jaffna District","https://election.adaderana.lk/presidential-election-2024/district_result.php?dist_id=Jaffna","https://election.adaderana.lk/presidential-election-2024/elec_images/sajith.png","SAJITH PREMADASA","SJB","32.60%","121,177","https://election.adaderana.lk/presidential-election-2024/elec_images/shell.png","ARIYANETHIRAN PAKKIYASELVAM","IND9","31.39%","116,688","https://election.adaderana.lk/presidential-election-2024/elec_images/ranil.png","RANIL WICKREMESINGHE","IND16","22.75%","84,558","https://election.adaderana.lk/presidential-election-2024/elec_images/anura.png","ANURA KUMARA DISSANAYAKE","NPP","7.29%","27,086","https://election.adaderana.lk/presidential-election-2024/elec_images/calculator.png","K.K. PIYADASA","IND4","1.63%","6,074","37.01%","137,572"
"Matale District","https://election.adaderana.lk/presidential-election-2024/district_result.php?dist_id=Matale","https://election.adaderana.lk/presidential-election-2024/elec_images/anura.png","ANURA KUMARA DISSANAYAKE","NPP","41.37%","140,544","https://election.adaderana.lk/presidential-election-2024/elec_images/sajith.png","SAJITH PREMADASA","SJB","35.85%","121,803","https://election.adaderana.lk/presidential-election-2024/elec_images/ranil.png","RANIL WICKREMESINGHE","IND16","15.84%","53,829","https://election.adaderana.lk/presidential-election-2024/elec_images/namal.png","NAMAL RAJAPAKSA","SLPP","3.04%","10,327","https://election.adaderana.lk/presidential-election-2024/elec_images/dilith.png","DILITH JAYAWEERA","SLCP","0.83%","2,835","3.06%","10,396"
"Mahanuwara District","https://election.adaderana.lk/presidential-election-2024/district_result.php?dist_id=Mahanuwara","https://election.adaderana.lk/presidential-election-2024/elec_images/anura.png","ANURA KUMARA DISSANAYAKE","NPP","42.26%","394,534","https://election.adaderana.lk/presidential-election-2024/elec_images/sajith.png","SAJITH PREMADASA","SJB","34.71%","323,998","https://election.adaderana.lk/presidential-election-2024/elec_images/ranil.png","RANIL WICKREMESINGHE","IND16","17.43%","162,707","https://election.adaderana.lk/presidential-election-2024/elec_images/namal.png","NAMAL RAJAPAKSA","SLPP","2.08%","19,403","https://election.adaderana.lk/presidential-election-2024/elec_images/dilith.png","DILITH JAYAWEERA","SLCP","0.97%","9,098","2.55%","23,776"
"NuwaraEliya District","https://election.adaderana.lk/presidential-election-2024/district_result.php?dist_id=NuwaraEliya","https://election.adaderana.lk/presidential-election-2024/elec_images/sajith.png","SAJITH PREMADASA","SJB","42.58%","201,814","https://election.adaderana.lk/presidential-election-2024/elec_images/ranil.png","RANIL WICKREMESINGHE","IND16","29.25%","138,619","https://election.adaderana.lk/presidential-election-2024/elec_images/anura.png","ANURA KUMARA DISSANAYAKE","NPP","22.17%","105,057","https://election.adaderana.lk/presidential-election-2024/elec_images/namal.png","NAMAL RAJAPAKSA","SLPP","1.86%","8,821","https://election.adaderana.lk/presidential-election-2024/elec_images/calculator.png","K.K. PIYADASA","IND4","0.76%","3,614","3.72%","17,621"
"Vanni District","https://election.adaderana.lk/presidential-election-2024/district_result.php?dist_id=Vanni","https://election.adaderana.lk/presidential-election-2024/elec_images/sajith.png","SAJITH PREMADASA","SJB","43.92%","95,422","https://election.adaderana.lk/presidential-election-2024/elec_images/ranil.png","RANIL WICKREMESINGHE","IND16","24.20%","52,573","https://election.adaderana.lk/presidential-election-2024/elec_images/shell.png","ARIYANETHIRAN PAKKIYASELVAM","IND9","16.74%","36,377","https://election.adaderana.lk/presidential-election-2024/elec_images/anura.png","ANURA KUMARA DISSANAYAKE","NPP","9.86%","21,412","https://election.adaderana.lk/presidential-election-2024/elec_images/calculator.png","K.K. PIYADASA","IND4","1.49%","3,240","21.43%","46,554"
"Polonnaruwa District","https://election.adaderana.lk/presidential-election-2024/district_result.php?dist_id=Polonnaruwa","https://election.adaderana.lk/presidential-election-2024/elec_images/anura.png","ANURA KUMARA DISSANAYAKE","NPP","46.12%","130,880","https://election.adaderana.lk/presidential-election-2024/elec_images/sajith.png","SAJITH PREMADASA","SJB","35.49%","100,730","https://election.adaderana.lk/presidential-election-2024/elec_images/ranil.png","RANIL WICKREMESINGHE","IND16","13.00%","36,908","https://election.adaderana.lk/presidential-election-2024/elec_images/namal.png","NAMAL RAJAPAKSA","SLPP","1.97%","5,594","https://election.adaderana.lk/presidential-election-2024/elec_images/dilith.png","DILITH JAYAWEERA","SLCP","0.61%","1,727","2.81%","7,962"
"Trincomalee District","https://election.adaderana.lk/presidential-election-2024/district_result.php?dist_id=Trincomalee","https://election.adaderana.lk/presidential-election-2024/elec_images/sajith.png","SAJITH PREMADASA","SJB","50.36%","120,588","https://election.adaderana.lk/presidential-election-2024/elec_images/anura.png","ANURA KUMARA DISSANAYAKE","NPP","20.83%","49,886","https://election.adaderana.lk/presidential-election-2024/elec_images/ranil.png","RANIL WICKREMESINGHE","IND16","16.91%","40,496","https://election.adaderana.lk/presidential-election-2024/elec_images/shell.png","ARIYANETHIRAN PAKKIYASELVAM","IND9","7.74%","18,524","https://election.adaderana.lk/presidential-election-2024/elec_images/namal.png","NAMAL RAJAPAKSA","SLPP","0.91%","2,183","10.62%","25,434"