"yt-simple-endpoint href","ytCoreImageHost src","yt-badge-shape__text","style-scope","style-scope 2","style-scope 3","yt-simple-endpoint","yt-simple-endpoint href 3","hidden","style-scope 4","style-scope 5","inline-metadata-item","inline-metadata-item 2","style-scope src","yt-simple-endpoint href 4","hidden 2","bold","style-scope 6","style-scope 7","hidden 3","hidden 4","hidden 5","style-scope 8","style-scope 9","style-scope 10","style-scope 11","style-scope 12","style-scope 13","bold 3"
"https://www.youtube.com/watch?v=6bKHLM6tuVk&pp=ygUkcHJlc2lkZW50aWFsIGVsZWN0aW9uIDIwMTkgc3JpIGxhbmth","https://i.ytimg.com/vi/6bKHLM6tuVk/hq720.jpg?sqp=-oaymwEnCNAFEJQDSFryq4qpAxkIARUAAIhCGAHYAQHiAQoIGBACGAY4AUAB&rs=AOn4CLC9keiG-F2KdzCMq8qmOG1GqhigiA","6:34","6:34","Now playing","History of Presidential Elections - Sri Lanka (1982-2024)","Sigma Politics","https://www.youtube.com/@Sigma_Politics_SL","Sigma Politics","•","•","190K views","6 months ago","https://yt3.ggpht.com/ewUNkJfs4DjXDpfQPutFEqcknVx8OkInNVSg37rStjf8JneYzVXjzKRtXdFp2sm2KrdgXOdThg=s68-c-k-c0x00ffffff-no-rj","https://www.youtube.com/@Sigma_Politics_SL","Sigma Politics","Sri Lanka's presidential","history reflects its political evolution from a constitutional monarchy to a republic with an executive ...","history reflects its political evolution from a constitutional monarchy to a republic with an executive ...","From the video description","","","","","","","","",""
"https://www.youtube.com/watch?v=i8SfogofKI8&pp=ygUkcHJlc2lkZW50aWFsIGVsZWN0aW9uIDIwMTkgc3JpIGxhbmth","https://i.ytimg.com/vi/i8SfogofKI8/hq720.jpg?sqp=-oaymwEnCNAFEJQDSFryq4qpAxkIARUAAIhCGAHYAQHiAQoIGBACGAY4AUAB&rs=AOn4CLBpGaEDGyUcgsF_Wk2nTkjLUQ0SMg","29:03","29:03","Now playing","අද දෙරණ රාත්‍රී 10.00 පුවත් විකාශය -  2019.11.17","Ada Derana","https://www.youtube.com/@AdaDeranaNews","Ada Derana","•","•","144K views","5 years ago","https://yt3.ggpht.com/QFHfsU81ZBWy4O4Yzc4NW9ftimuHEZ655z-OYbriNiDlaD5LON0OrHIXOC_7hM1YL-DIJPnB=s68-c-k-c0x00ffffff-no-rj","https://www.youtube.com/@AdaDeranaNews","Ada Derana","","","","From the video description","Verified","Verified","","","","","","",""
"https://www.youtube.com/watch?v=HfHyTbA1AWU&pp=ygUkcHJlc2lkZW50aWFsIGVsZWN0aW9uIDIwMTkgc3JpIGxhbmth","https://i.ytimg.com/vi/HfHyTbA1AWU/hqdefault.jpg?sqp=-oaymwFBCOADEI4CSFryq4qpAzMIARUAAIhCGAHYAQHiAQoIGBACGAY4AUAB8AEB-AH-BIAC4AOKAgwIABABGGUgTihJMA8=&rs=AOn4CLBlvGNWm2w2rKAS2m2Ex2co8VYlNw","11:52","11:52","Now playing","Hiru News 7.00 PM January 09, 2015 | Part 1","Hiru News International","https://www.youtube.com/@HiruNewsIntl","Hiru News International","•","•","124K views","10 years ago","https://yt3.ggpht.com/PUbjLJ2kHlwZpKzX1O8NnCkUvfb-3mlDrHN4WQM0dTTw-QPhx7lFaq3xbQqUk1gVjpJ8TnnUkOE=s68-c-k-c0x00ffffff-no-rj","https://www.youtube.com/@HiruNewsIntl","Hiru News International","","","","","Verified","Verified","","","","","","",""
"https://www.youtube.com/watch?v=Dqm2kjmfnvU&pp=ygUkcHJlc2lkZW50aWFsIGVsZWN0aW9uIDIwMTkgc3JpIGxhbmth","https://i.ytimg.com/vi/Dqm2kjmfnvU/hq720.jpg?sqp=-oaymwEnCOgCEMoBSFryq4qpAxkIARUAAIhCGAHYAQHiAQoIGBACGAY4AUAB&rs=AOn4CLAl-5bV7jwy7HBE_3DNgLEGqQbSsw","1:27","Related to your search","1:27","Now playing","මහින්ද ජනපති වූ 2005 ජනාධිපතිවරණය - ජනපතිවරණ පුරාණය","https://www.youtube.com/@LiveatSriLanka","Live at Sri Lanka","30K views","1 year ago","","","https://yt3.ggpht.com/97nc2H0bYYyNd1vQYoOZYFpoW2Qvl4R2FISfd-lnJAsNbj8J372g5W9_uIUEIP8xSWvcrj7_=s68-c-k-c0x00ffffff-no-rj","https://www.youtube.com/watch?v=anizrHTKeKE&pp=ygUkcHJlc2lkZW50aWFsIGVsZWN0aW9uIDIwMTkgc3JpIGxhbmth0gcJCfsJAYcqIYzv","Hiru News","","8:24","Now playing","Verified","Ada Derana","Verified","207K views","5 years ago","2:35","Now playing","52K views","10 years ago",""
"https://www.youtube.com/watch?v=iANf3fpKY0U&pp=ygUkcHJlc2lkZW50aWFsIGVsZWN0aW9uIDIwMTkgc3JpIGxhbmth","https://i.ytimg.com/vi/iANf3fpKY0U/hqdefault.jpg?sqp=-oaymwEnCOADEI4CSFryq4qpAxkIARUAAIhCGAHYAQHiAQoIGBACGAY4AUAB&rs=AOn4CLDNOwcYn35sWbCNUOyPPqM_mxb59A","5:29","5:29","Now playing","35 candidates on the final ballot for the Presidential Election","Newsfirst Sri Lanka","https://www.youtube.com/@newsfirstsrilanka","Newsfirst Sri Lanka","•","•","2.9K views","5 years ago","https://yt3.ggpht.com/ytc/AIdro_lVzNRH4X0kfjM5lSq5RcmvJUkATL6pwebr756xMmSP7jI=s68-c-k-c0x00ffffff-no-rj","https://www.youtube.com/@newsfirstsrilanka","Newsfirst Sri Lanka","us","Subscribe",": https://www.youtube.com/user/NewsFirstSrilanka?sub_confirmation=1 Watch more videos: ...","From the video description","Verified","Verified","Subscribe",": https://www.youtube.com/user/NewsFirstSrilanka?sub_confirmation=1 Watch more videos: ...","10","moments","Arrival of the Candidates | New Democratic Front Sajith Premadasa submitted his nomination | National Peoples' Party Former Commander of the Army Gn. Mahesh Senanayake | Sri Lanka Podujana Peramuna Gotabaya Rajapaksa submitted his nomination | National Peoples' Movement Anura Kumara Dissanayake submitted his nomination | Socialist Equality Party Vajirapani Wijeyasiriwardena submitted his nomination | Jathika Sangawardena Peramuna Rohan Pallewatta submitted his nomination | Democratic United National Front Ariyawansa Dissanayake submitted his nomination | Democratic National Movement Aruna De Soyza submitted his nomination | Mahinda Deshapriya","10",""
"https://www.youtube.com/watch?v=ZxbXvBM90Bs&pp=ygUkcHJlc2lkZW50aWFsIGVsZWN0aW9uIDIwMTkgc3JpIGxhbmth","https://i.ytimg.com/vi/ZxbXvBM90Bs/hq720.jpg?sqp=-oaymwEnCNAFEJQDSFryq4qpAxkIARUAAIhCGAHYAQHiAQoIGBACGAY4AUAB&rs=AOn4CLDZlFGp6nn2jITU1X8UAVeMdyZ0Ug","4:50","4:50","Now playing","ඡන්දය කාටද ? - Presidential Election 2019","SL Geek","https://www.youtube.com/@SLGeek","SL Geek","•","•","6K views","5 years ago","https://yt3.ggpht.com/ozxtjjV7gIJdVkqFoWNLLvWtzN3CZl-HhaGBEOpoIYEInkdmcpBi-aZbRASzlRI8GWHQksw5YQ=s68-c-k-c0x00ffffff-no-rj","https://www.youtube.com/@SLGeek","SL Geek","Sri Lanka","Today ,","Today ,","From the video description","Verified","Verified","having","to select the 7th president for",". But still most of people can't decide their ...","having","to select the 7th president for",". But still most of people can't decide their ...","presidential election"
"https://www.youtube.com/watch?v=e6tXRE1gnFY&pp=ygUkcHJlc2lkZW50aWFsIGVsZWN0aW9uIDIwMTkgc3JpIGxhbmth","https://i.ytimg.com/vi/e6tXRE1gnFY/hqdefault.jpg?sqp=-oaymwEnCOADEI4CSFryq4qpAxkIARUAAIhCGAHYAQHiAQoIGBACGAY4AUAB&rs=AOn4CLAog50lx303huVUz7U9urvlbDMWbw","0:51","0:51","Now playing","Presidential Election 2019 - Sri Lanka","Department of Government Information","https://www.youtube.com/@departmentofgovernmentinfo7148","Department of Government Information","•","•","254 views","5 years ago","https://yt3.ggpht.com/LwWxgbrXeQNBviJhT6VOT6yWSIoAnhBBrODOv_8-9X8vLhQed2teyRIqAb9K57UrZT0urn3aQkg=s68-c-k-c0x00ffffff-no-rj","https://www.youtube.com/@departmentofgovernmentinfo7148","Department of Government Information","Presidential Election 2019","-","-","From the video description","","",".","","",".","","","Sri Lanka"
"https://www.youtube.com/watch?v=2iJMWCWO8Rc&pp=ygUkcHJlc2lkZW50aWFsIGVsZWN0aW9uIDIwMTkgc3JpIGxhbmth","https://i.ytimg.com/vi/2iJMWCWO8Rc/hq720.jpg?sqp=-oaymwEnCNAFEJQDSFryq4qpAxkIARUAAIhCGAHYAQHiAQoIGBACGAY4AUAB&rs=AOn4CLC2guG_Rs3LD1nxVptToRF7o8Ab3A","0:58","0:58","Now playing","Vote counting begins in Sri Lankan presidential election","TRT World Now","https://www.youtube.com/@TRTWorldNow","TRT World Now","•","•","231 views","5 years ago","https://yt3.ggpht.com/ytc/AIdro_lyQp8wXS6hhiPoHXKeqDeTyYTCUG6cXfEyzhK8_hq9ZHg=s68-c-k-c0x00ffffff-no-rj","https://www.youtube.com/@TRTWorldNow","TRT World Now","presidential","former wartime defence secretary Gotabaya Rajapaksa took an early lead Sunday in a fiercely fought","former wartime defence secretary Gotabaya Rajapaksa took an early lead Sunday in a fiercely fought","From the video description","Verified","Verified","...","","Sri Lanka's","...","","Sri Lanka's",""
"https://www.youtube.com/watch?v=6Z8EPNo6N2c&pp=ygUkcHJlc2lkZW50aWFsIGVsZWN0aW9uIDIwMTkgc3JpIGxhbmth","https://i.ytimg.com/vi/6Z8EPNo6N2c/hq720.jpg?sqp=-oaymwEnCNAFEJQDSFryq4qpAxkIARUAAIhCGAHYAQHiAQoIGBACGAY4AUAB&rs=AOn4CLDvP84I9UyRVRhUhJsUgib7KjGdTA","1:49","1:49","Now playing","Sri Lanka Presidential Election 2019 Live","SL TV","https://www.youtube.com/@sltv9399","SL TV","•","•","76 views","Streamed 5 years ago","https://yt3.ggpht.com/ytc/AIdro_mMt6ljJsFlU-f89oQs0un4hcjhEEhyTpDFHgyFSlHBxQ=s68-c-k-c0x00ffffff-no-rj","https://www.youtube.com/@sltv9399","SL TV","Sri Lanka Presidential Election 2019","Live.","Live.","From the video description","","","","","","","","",""
"https://www.youtube.com/watch?v=OyzNYyU64ik&pp=ygUkcHJlc2lkZW50aWFsIGVsZWN0aW9uIDIwMTkgc3JpIGxhbmth","https://i.ytimg.com/vi/OyzNYyU64ik/hqdefault.jpg?sqp=-oaymwEnCOADEI4CSFryq4qpAxkIARUAAIhCGAHYAQHiAQoIGBACGAY4AUAB&rs=AOn4CLAejNbz2o7YmpooYVwA_7gwm55AjA","1:13","1:13","Now playing","It is wise for SLFP to contest in the Presidential Election alone""","Newsfirst Sri Lanka","https://www.youtube.com/@newsfirstsrilanka","Newsfirst Sri Lanka","•","•","1.5K views","6 years ago","https://yt3.ggpht.com/ytc/AIdro_lVzNRH4X0kfjM5lSq5RcmvJUkATL6pwebr756xMmSP7jI=s68-c-k-c0x00ffffff-no-rj","https://www.youtube.com/@newsfirstsrilanka","Newsfirst Sri Lanka","","Subscribe","Subscribe","From the video description","Verified","Verified",": https://www.youtube.com/user/NewsFirstSrilanka?sub_confirmation=1 Watch more videos: ...","","us",": https://www.youtube.com/user/NewsFirstSrilanka?sub_confirmation=1 Watch more videos: ...","","us",""
"https://www.youtube.com/watch?v=ePJ01lZfKFo&pp=ygUkcHJlc2lkZW50aWFsIGVsZWN0aW9uIDIwMTkgc3JpIGxhbmth0gcJCfsJAYcqIYzv","","6:55","6:55","Now playing","Presidential Election 2019 Sri Lanka","MassMedia News","https://www.youtube.com/@massmedianews137","MassMedia News","•","•","134 views","5 years ago","https://yt3.ggpht.com/ytc/AIdro_kB_2Lr6b5Mvd0gq7ebRmZ8LkFd60Kz-JF7XQfV5l9OKkI=s68-c-k-c0x00ffffff-no-rj","https://www.youtube.com/@massmedianews137","MassMedia News","","Mahinda K.Premasiri.","Mahinda K.Premasiri.","From the video description","","","","","Presidential Election 2019 Sri Lanka","","","Presidential Election 2019 Sri Lanka",""
"https://www.youtube.com/watch?v=x-2BwkbDm4U&pp=ygUkcHJlc2lkZW50aWFsIGVsZWN0aW9uIDIwMTkgc3JpIGxhbmth","","14:14","14:14","Now playing","Presidential Election 2019 division results (English)","Ada Derana","https://www.youtube.com/@AdaDeranaNews","Ada Derana","•","•","37K views","5 years ago","","https://www.youtube.com/@AdaDeranaNews","Ada Derana","Presidential Election 2019","division results (English) Watch More Video - http://goo.gl/2QWjSA #adaderana #derananews ...","division results (English) Watch More Video - http://goo.gl/2QWjSA #adaderana #derananews ...","From the video description","Verified","Verified","","","","","","",""
"https://www.youtube.com/watch?v=_dQ5TXI50vA&pp=ygUkcHJlc2lkZW50aWFsIGVsZWN0aW9uIDIwMTkgc3JpIGxhbmth0gcJCfsJAYcqIYzv","","1:29:04","From related searches","1:29:04","Now playing","Ada Derana","https://www.youtube.com/@AdaDeranaNews","Ada Derana","ජනාධිපතිවරණ ප්‍රතිඵල විකාශය | Election Night 🔴LIVE","•","746K views","Streamed 1 year ago","","https://www.youtube.com/@AdaDeranaNews","Verified","","•","More","Ada Derana","Verified","From the video description","","","","","","",""
"https://www.youtube.com/watch?v=6xoW9QEMHvY&pp=ygUkcHJlc2lkZW50aWFsIGVsZWN0aW9uIDIwMTkgc3JpIGxhbmth","","1:59","1:59","Now playing","2019 Sri Lankan Presidential Election","nuuuwan","https://www.youtube.com/@nuuuwan","nuuuwan","•","•","393 views","5 years ago","","https://www.youtube.com/@nuuuwan","nuuuwan","","See https://twitter.com/nuuuwan/status/1196027866749624321 for details. #PresPollSL2019 #lka #","See https://twitter.com/nuuuwan/status/1196027866749624321 for details. #PresPollSL2019 #lka #","From the video description","","","#PresPoll2019.","","SriLanka","#PresPoll2019.","","SriLanka",""
"https://www.youtube.com/watch?v=pgKQ0yPTmhc&pp=ygUkcHJlc2lkZW50aWFsIGVsZWN0aW9uIDIwMTkgc3JpIGxhbmth","","4:34","4:34","Now playing","Sri Lanka presidential election: WION Speaks to Iqbal Athas, Political Editor from Sri Lanka","WION","https://www.youtube.com/@WION","WION","•","•","1.3K views","5 years ago","","https://www.youtube.com/@WION","WION","Sri Lanka","After the results of","After the results of","From the video description","Verified","Verified",", WION Speaks to Iqbal Athas, Political Editor at Sunday Times from","for ...","Sri Lanka presidential election",", WION Speaks to Iqbal Athas, Political Editor at Sunday Times from","for ...","Sri Lanka presidential election",""
"https://www.youtube.com/watch?v=PNw7O-_htY0&pp=ygUkcHJlc2lkZW50aWFsIGVsZWN0aW9uIDIwMTkgc3JpIGxhbmth","","2:51","2:51","Now playing","A comprehensive analysis of the final result of the 2019 Presidential Election","Newsfirst Sri Lanka","https://www.youtube.com/@newsfirstsrilanka","Newsfirst Sri Lanka","•","•","12K views","5 years ago","","https://www.youtube.com/@newsfirstsrilanka","Newsfirst Sri Lanka","","Subscribe","Subscribe","From the video description","Verified","Verified",": http://bit.ly/NewsfirstSubscribe Watch more videos: https://www.youtube.com/user/NewsFirstSrilanka/videos Like","...","us",": http://bit.ly/NewsfirstSubscribe Watch more videos: https://www.youtube.com/user/NewsFirstSrilanka/videos Like","...","us",""
"https://www.youtube.com/watch?v=C2UU1AVxT-Q&pp=ygUkcHJlc2lkZW50aWFsIGVsZWN0aW9uIDIwMTkgc3JpIGxhbmth","","0:09","0:09","Now playing","Presidential Election in Sri Lanka 2019","Eranga Janaka","https://www.youtube.com/@ErangaJanaka","Eranga Janaka","•","•","53 views","2 years ago","","https://www.youtube.com/@ErangaJanaka","Eranga Janaka","2019 Presidential Election","in","in","From the video description","","","This was done on behalf of the Swarnavahini company and all credits go to the ...","","","This was done on behalf of the Swarnavahini company and all credits go to the ...","","","Sri Lanka"
"https://www.youtube.com/watch?v=NbLfQYzTDeo&pp=ygUkcHJlc2lkZW50aWFsIGVsZWN0aW9uIDIwMTkgc3JpIGxhbmth","","6:35","6:35","Now playing","Upali Obeyesekere discusses the upcoming presidential election in Sri Lanka","CGTN America","https://www.youtube.com/@cgtnamerica","CGTN America","•","•","7.3K views","5 years ago","","https://www.youtube.com/@cgtnamerica","CGTN America","","CGTN's Rachelle Akuffo spoke to Upali Obeyesekere,","CGTN's Rachelle Akuffo spoke to Upali Obeyesekere,","From the video description","","","of the Canada-","Business Council, about the upcoming ...","president","of the Canada-","Business Council, about the upcoming ...","president",""
"https://www.youtube.com/watch?v=i0DA6Z9J4k8&pp=ygUkcHJlc2lkZW50aWFsIGVsZWN0aW9uIDIwMTkgc3JpIGxhbmth","","11:49","11:49","Now playing","Sri Lanka presidential election: WION Speaks to Nilathan Niruthan, Political Analyst from Colombo","WION","https://www.youtube.com/@WION","WION","•","•","1.2K views","5 years ago","","https://www.youtube.com/@WION","WION","Sri Lanka presidential election",": WION Speaks to Nilathan Niruthan, Political Analyst from Colombo for more clarity on this.","","From the video description","Verified","Verified",": WION Speaks to Nilathan Niruthan, Political Analyst from Colombo for more clarity on this.","","3","chapters","Introduction | Sri Lanka presidential election | Indias influence in Sri Lanka","3",""
"https://www.youtube.com/watch?v=ePJ01lZfKFo&pp=ygUkcHJlc2lkZW50aWFsIGVsZWN0aW9uIDIwMTkgc3JpIGxhbmth0gcJCfsJAYcqIYzv","https://i.ytimg.com/vi/ePJ01lZfKFo/hqdefault.jpg?sqp=-oaymwEnCOADEI4CSFryq4qpAxkIARUAAIhCGAHYAQHiAQoIGBACGAY4AUAB&rs=AOn4CLBO7cQ92edQR1dr4MKicodR8gfVtw","6:55","6:55","Now playing","Presidential Election 2019 Sri Lanka","MassMedia News","https://www.youtube.com/@massmedianews137","MassMedia News","•","•","134 views","5 years ago","https://yt3.ggpht.com/ytc/AIdro_kB_2Lr6b5Mvd0gq7ebRmZ8LkFd60Kz-JF7XQfV5l9OKkI=s68-c-k-c0x00ffffff-no-rj","https://www.youtube.com/@massmedianews137","MassMedia News","","Mahinda K.Premasiri.","Mahinda K.Premasiri.","From the video description","","","","","Presidential Election 2019 Sri Lanka","","","Presidential Election 2019 Sri Lanka",""
"https://www.youtube.com/watch?v=x-2BwkbDm4U&pp=ygUkcHJlc2lkZW50aWFsIGVsZWN0aW9uIDIwMTkgc3JpIGxhbmth","https://i.ytimg.com/vi/x-2BwkbDm4U/hq720.jpg?sqp=-oaymwEnCNAFEJQDSFryq4qpAxkIARUAAIhCGAHYAQHiAQoIGBACGAY4AUAB&rs=AOn4CLBk1rshqRp-fckTRhZm2CLKgw7K_w","14:14","14:14","Now playing","Presidential Election 2019 division results (English)","Ada Derana","https://www.youtube.com/@AdaDeranaNews","Ada Derana","•","•","37K views","5 years ago","https://yt3.ggpht.com/QFHfsU81ZBWy4O4Yzc4NW9ftimuHEZ655z-OYbriNiDlaD5LON0OrHIXOC_7hM1YL-DIJPnB=s68-c-k-c0x00ffffff-no-rj","https://www.youtube.com/@AdaDeranaNews","Ada Derana","Presidential Election 2019","division results (English) Watch More Video - http://goo.gl/2QWjSA #adaderana #derananews ...","division results (English) Watch More Video - http://goo.gl/2QWjSA #adaderana #derananews ...","From the video description","Verified","Verified","","","","","","",""
"https://www.youtube.com/watch?v=_dQ5TXI50vA&pp=ygUkcHJlc2lkZW50aWFsIGVsZWN0aW9uIDIwMTkgc3JpIGxhbmth0gcJCfsJAYcqIYzv","https://i.ytimg.com/vi/_dQ5TXI50vA/hq720.jpg?sqp=-oaymwEnCNAFEJQDSFryq4qpAxkIARUAAIhCGAHYAQHiAQoIGBACGAY4AUAB&rs=AOn4CLDXZfRUwAx-hBaayHz-Uq0y0i7MEg","1:29:04","From related searches","1:29:04","Now playing","Ada Derana","https://www.youtube.com/@AdaDeranaNews","Ada Derana","ජනාධිපතිවරණ ප්‍රතිඵල විකාශය | Election Night 🔴LIVE","•","746K views","Streamed 1 year ago","https://yt3.ggpht.com/QFHfsU81ZBWy4O4Yzc4NW9ftimuHEZ655z-OYbriNiDlaD5LON0OrHIXOC_7hM1YL-DIJPnB=s68-c-k-c0x00ffffff-no-rj","https://www.youtube.com/@AdaDeranaNews","Verified","","•","More","Ada Derana","Verified","From the video description","","","","","","",""
"https://www.youtube.com/watch?v=6xoW9QEMHvY&pp=ygUkcHJlc2lkZW50aWFsIGVsZWN0aW9uIDIwMTkgc3JpIGxhbmth","https://i.ytimg.com/vi/6xoW9QEMHvY/hq720.jpg?sqp=-oaymwEnCNAFEJQDSFryq4qpAxkIARUAAIhCGAHYAQHiAQoIGBACGAY4AUAB&rs=AOn4CLB2hYOubHPf1tU-Qno4G7lBNa16EQ","1:59","1:59","Now playing","2019 Sri Lankan Presidential Election","nuuuwan","https://www.youtube.com/@nuuuwan","nuuuwan","•","•","393 views","5 years ago","https://yt3.ggpht.com/IrydPpd-3A2FrzDuDp0dWPRzXHG0-z1p9uf3BHnnaaQ_i8mnwg09UqI9P9ICAW5Ksz5PY3wQZg=s68-c-k-c0x00ffffff-no-rj","https://www.youtube.com/@nuuuwan","nuuuwan","","See https://twitter.com/nuuuwan/status/1196027866749624321 for details. #PresPollSL2019 #lka #","See https://twitter.com/nuuuwan/status/1196027866749624321 for details. #PresPollSL2019 #lka #","From the video description","","","#PresPoll2019.","","SriLanka","#PresPoll2019.","","SriLanka",""
"https://www.youtube.com/watch?v=pgKQ0yPTmhc&pp=ygUkcHJlc2lkZW50aWFsIGVsZWN0aW9uIDIwMTkgc3JpIGxhbmth","https://i.ytimg.com/vi/pgKQ0yPTmhc/hq720.jpg?sqp=-oaymwEnCNAFEJQDSFryq4qpAxkIARUAAIhCGAHYAQHiAQoIGBACGAY4AUAB&rs=AOn4CLAiuyG22YUViQ90C6nTlEbdDLQujg","4:34","4:34","Now playing","Sri Lanka presidential election: WION Speaks to Iqbal Athas, Political Editor from Sri Lanka","WION","https://www.youtube.com/@WION","WION","•","•","1.3K views","5 years ago","https://yt3.ggpht.com/evxeFzRem76hjPRh_S_B5MvjNhl4yKjSrIzmvwFx3nyEWHBOPHA4jTum6Yys3HRR0IvYmWud=s68-c-k-c0x00ffffff-no-rj","https://www.youtube.com/@WION","WION","Sri Lanka","After the results of","After the results of","From the video description","Verified","Verified",", WION Speaks to Iqbal Athas, Political Editor at Sunday Times from","for ...","Sri Lanka presidential election",", WION Speaks to Iqbal Athas, Political Editor at Sunday Times from","for ...","Sri Lanka presidential election",""
"https://www.youtube.com/watch?v=PNw7O-_htY0&pp=ygUkcHJlc2lkZW50aWFsIGVsZWN0aW9uIDIwMTkgc3JpIGxhbmth","https://i.ytimg.com/vi/PNw7O-_htY0/hqdefault.jpg?sqp=-oaymwEnCOADEI4CSFryq4qpAxkIARUAAIhCGAHYAQHiAQoIGBACGAY4AUAB&rs=AOn4CLDcvwj59kotIGwshsD5sPu2NVid-w","2:51","2:51","Now playing","A comprehensive analysis of the final result of the 2019 Presidential Election","Newsfirst Sri Lanka","https://www.youtube.com/@newsfirstsrilanka","Newsfirst Sri Lanka","•","•","12K views","5 years ago","https://yt3.ggpht.com/ytc/AIdro_lVzNRH4X0kfjM5lSq5RcmvJUkATL6pwebr756xMmSP7jI=s68-c-k-c0x00ffffff-no-rj","https://www.youtube.com/@newsfirstsrilanka","Newsfirst Sri Lanka","","Subscribe","Subscribe","From the video description","Verified","Verified",": http://bit.ly/NewsfirstSubscribe Watch more videos: https://www.youtube.com/user/NewsFirstSrilanka/videos Like","...","us",": http://bit.ly/NewsfirstSubscribe Watch more videos: https://www.youtube.com/user/NewsFirstSrilanka/videos Like","...","us",""
"https://www.youtube.com/watch?v=C2UU1AVxT-Q&pp=ygUkcHJlc2lkZW50aWFsIGVsZWN0aW9uIDIwMTkgc3JpIGxhbmth","https://i.ytimg.com/vi/C2UU1AVxT-Q/hq720.jpg?sqp=-oaymwFBCNAFEJQDSFryq4qpAzMIARUAAIhCGAHYAQHiAQoIGBACGAY4AUAB8AEB-AH-CYAC0AWKAgwIABABGH8gEygaMA8=&rs=AOn4CLDMhf7ulSOWrkIodTKkQsD1Fk21HQ","0:09","0:09","Now playing","Presidential Election in Sri Lanka 2019","Eranga Janaka","https://www.youtube.com/@ErangaJanaka","Eranga Janaka","•","•","53 views","2 years ago","https://yt3.ggpht.com/yu0ZmdF5ibeRkmwCfFuF_brel462LT0YsQ4etPbifEwZdIa5vovuodsGXuMOHM-LrvK7QnaWiw=s68-c-k-c0x00ffffff-no-rj","https://www.youtube.com/@ErangaJanaka","Eranga Janaka","2019 Presidential Election","in","in","From the video description","","","This was done on behalf of the Swarnavahini company and all credits go to the ...","","","This was done on behalf of the Swarnavahini company and all credits go to the ...","","","Sri Lanka"
"https://www.youtube.com/watch?v=NbLfQYzTDeo&pp=ygUkcHJlc2lkZW50aWFsIGVsZWN0aW9uIDIwMTkgc3JpIGxhbmth","https://i.ytimg.com/vi/NbLfQYzTDeo/hq720.jpg?sqp=-oaymwEnCNAFEJQDSFryq4qpAxkIARUAAIhCGAHYAQHiAQoIGBACGAY4AUAB&rs=AOn4CLCZszo9WUViwFi3aRH0f00acjo0Fg","6:35","6:35","Now playing","Upali Obeyesekere discusses the upcoming presidential election in Sri Lanka","CGTN America","https://www.youtube.com/@cgtnamerica","CGTN America","•","•","7.3K views","5 years ago","https://yt3.ggpht.com/ytc/AIdro_mefQkoSbVqMioBBQOYgr-c31o3HDuH3_3tXb2SuZgAnSE=s68-c-k-c0x00ffffff-no-rj","https://www.youtube.com/@cgtnamerica","CGTN America","","CGTN's Rachelle Akuffo spoke to Upali Obeyesekere,","CGTN's Rachelle Akuffo spoke to Upali Obeyesekere,","From the video description","","","of the Canada-","Business Council, about the upcoming ...","president","of the Canada-","Business Council, about the upcoming ...","president",""
"https://www.youtube.com/watch?v=i0DA6Z9J4k8&pp=ygUkcHJlc2lkZW50aWFsIGVsZWN0aW9uIDIwMTkgc3JpIGxhbmth","https://i.ytimg.com/vi/i0DA6Z9J4k8/hq720.jpg?sqp=-oaymwEnCNAFEJQDSFryq4qpAxkIARUAAIhCGAHYAQHiAQoIGBACGAY4AUAB&rs=AOn4CLD2V5Jt9n5c-DNkUKPaQbouvcYkKg","11:49","11:49","Now playing","Sri Lanka presidential election: WION Speaks to Nilathan Niruthan, Political Analyst from Colombo","WION","https://www.youtube.com/@WION","WION","•","•","1.2K views","5 years ago","https://yt3.ggpht.com/evxeFzRem76hjPRh_S_B5MvjNhl4yKjSrIzmvwFx3nyEWHBOPHA4jTum6Yys3HRR0IvYmWud=s68-c-k-c0x00ffffff-no-rj","https://www.youtube.com/@WION","WION","Sri Lanka presidential election",": WION Speaks to Nilathan Niruthan, Political Analyst from Colombo for more clarity on this.","","From the video description","Verified","Verified",": WION Speaks to Nilathan Niruthan, Political Analyst from Colombo for more clarity on this.","","3","chapters","Introduction | Sri Lanka presidential election | Indias influence in Sri Lanka","3",""
"https://www.youtube.com/shorts/lOa1OoIxxfA","https://i.ytimg.com/vi/lOa1OoIxxfA/hq720_2.jpg?sqp=-oaymwFBCNAFEJQDSFryq4qpAzMIARUAAIhCGADYAQHiAQoIGBACGAY4AUAB8AEB-AGUA4AC0AWKAgwIABABGGUgVChWMA8=&rs=AOn4CLCJGkysl2zlLEW8SiVuPEF_sGPEkA","SHORTS","SHORTS","Now playing","Sri Lankan protesters storm President Rajapaksa’s residence","TRT World","https://www.youtube.com/@trtworld","TRT World","•","•","844K views","3 years ago","https://yt3.ggpht.com/luLQWmGFG4iDC1U_2JlzZ1mquci_sUdfZfFl4eWgBkDpW6tvZT0MEA4c4JebJdi9hCo518q1=s68-c-k-c0x00ffffff-no-rj","https://www.youtube.com/@trtworld","TRT World","Sri Lankan","Thousands of","Thousands of","From the video description","","","protesters storm","Gotabaya Rajapaksa's residence in Colombo, demanding his resignation.","","protesters storm","Gotabaya Rajapaksa's residence in Colombo, demanding his resignation.","","President"
"https://www.youtube.com/shorts/66mA4TOPSMc","","","","","Presidential election prediction 2019","shehara vlog (Sheharavlog)","https://www.youtube.com/@sheharavlog5090","shehara vlog (Sheharavlog)","•","•","492 views","5 years ago","https://yt3.ggpht.com/ytc/AIdro_nRDf4q2jjZlYhOyv-Ndmi_2lLI-sQUhx2MTuR0zcOVWco=s68-c-k-c0x00ffffff-no-rj","https://www.youtube.com/@sheharavlog5090","shehara vlog (Sheharavlog)","presidentialelection","First prediction of #","First prediction of #","From the video description","","","in #srilanka2019 #GotabayaRajapaksha Gotabaya Rajapaksa For Next Presidency ...","","","in #srilanka2019 #GotabayaRajapaksha Gotabaya Rajapaksa For Next Presidency ...","","",""
"https://www.youtube.com/watch?v=WFD-BiIT-RM&pp=ygUkcHJlc2lkZW50aWFsIGVsZWN0aW9uIDIwMTkgc3JpIGxhbmth","","","","","Sri Lanka Presidential Election 2019 Live","SL TV","https://www.youtube.com/@sltv9399","SL TV","•","•","205 views","Streamed 5 years ago","","https://www.youtube.com/@sltv9399","SL TV","Sri Lanka Presidential Election 2019","Live.","Live.","From the video description","","","","","","","","",""
"https://www.youtube.com/watch?v=7ukp-Gr3Ols&pp=ygUkcHJlc2lkZW50aWFsIGVsZWN0aW9uIDIwMTkgc3JpIGxhbmth","","","","","European Union  election observation mission  ( presidential election of Sri Lanka in 2019)","Our  World","https://www.youtube.com/@ourplight","Our  World","•","•","155 views","5 years ago","","https://www.youtube.com/@ourplight","Our  World","election","The chief of the European Union","The chief of the European Union","From the video description","","","observation mission Marisa Matias explained What were the observations that she has ...","","","observation mission Marisa Matias explained What were the observations that she has ...","","",""
"https://www.youtube.com/watch?v=CKOr3NqFNo0&pp=ygUkcHJlc2lkZW50aWFsIGVsZWN0aW9uIDIwMTkgc3JpIGxhbmth","","","","","Sri Lanka Presidential Election 2019 | Cumulative Results","Redot Live","https://www.youtube.com/@redotlive9564","Redot Live","•","•","2.7K views","5 years ago","","https://www.youtube.com/@redotlive9564","Redot Live","Sri Lanka Presidential Election 2019","This video is about what happened during the","This video is about what happened during the","From the video description","","",". It includes the cumulative results from all ...","","",". It includes the cumulative results from all ...","","",""
"https://www.youtube.com/watch?v=8Aj6EyXSVNA&pp=ygUkcHJlc2lkZW50aWFsIGVsZWN0aW9uIDIwMTkgc3JpIGxhbmth","","","","","Sri Lanka Presidential Election: Interview with Journalist Roel Raymond","TRT World Now","https://www.youtube.com/@TRTWorldNow","TRT World Now","•","•","1.3K views","5 years ago","","https://www.youtube.com/@TRTWorldNow","TRT World Now","Sri Lanka","goes to the polls on Saturday to elect a new","goes to the polls on Saturday to elect a new","From the video description","","",". There are a record 35 candidates. But the real race is between ...","","",". There are a record 35 candidates. But the real race is between ...","","","president"
"https://www.youtube.com/watch?v=FpNSsEKXvpc&pp=ygUkcHJlc2lkZW50aWFsIGVsZWN0aW9uIDIwMTkgc3JpIGxhbmth","","","","","Sri Lanka presidential election: WION Speaks to Zulfick Farzan, Journalist from Colombo","WION","https://www.youtube.com/@WION","WION","•","•","763 views","5 years ago","","https://www.youtube.com/@WION","WION","Sri Lanka presidential election",": WION Speaks to Zulfick Farzan, Journalist from Colombo for more clarity on this. The World is One ...",": WION Speaks to Zulfick Farzan, Journalist from Colombo for more clarity on this. The World is One ...","From the video description","","","","","","","","",""
"https://www.youtube.com/shorts/lOa1OoIxxfA","https://i.ytimg.com/vi/lOa1OoIxxfA/hq720_2.jpg?sqp=-oaymwFBCNAFEJQDSFryq4qpAzMIARUAAIhCGADYAQHiAQoIGBACGAY4AUAB8AEB-AGUA4AC0AWKAgwIABABGGUgVChWMA8=&rs=AOn4CLCJGkysl2zlLEW8SiVuPEF_sGPEkA","SHORTS","SHORTS","Now playing","Sri Lankan protesters storm President Rajapaksa’s residence","TRT World","https://www.youtube.com/@trtworld","TRT World","•","•","844K views","3 years ago","https://yt3.ggpht.com/luLQWmGFG4iDC1U_2JlzZ1mquci_sUdfZfFl4eWgBkDpW6tvZT0MEA4c4JebJdi9hCo518q1=s68-c-k-c0x00ffffff-no-rj","https://www.youtube.com/@trtworld","TRT World","Sri Lankan","Thousands of","Thousands of","From the video description","Verified","Verified","protesters storm","Gotabaya Rajapaksa's residence in Colombo, demanding his resignation.","","protesters storm","Gotabaya Rajapaksa's residence in Colombo, demanding his resignation.","","President"
"https://www.youtube.com/shorts/66mA4TOPSMc","https://i.ytimg.com/vi/66mA4TOPSMc/hq720_2.jpg?sqp=-oaymwFBCNAFEJQDSFryq4qpAzMIARUAAIhCGADYAQHiAQoIGBACGAY4AUAB8AEB-AGKBIACuAiKAgwIABABGGUgXihVMA8=&rs=AOn4CLAViij5p37zWsBpnG_XDZOslkaZpg","SHORTS","SHORTS","Now playing","Presidential election prediction 2019","shehara vlog (Sheharavlog)","https://www.youtube.com/@sheharavlog5090","shehara vlog (Sheharavlog)","•","•","492 views","5 years ago","https://yt3.ggpht.com/ytc/AIdro_nRDf4q2jjZlYhOyv-Ndmi_2lLI-sQUhx2MTuR0zcOVWco=s68-c-k-c0x00ffffff-no-rj","https://www.youtube.com/@sheharavlog5090","shehara vlog (Sheharavlog)","presidentialelection","First prediction of #","First prediction of #","From the video description","","","in #srilanka2019 #GotabayaRajapaksha Gotabaya Rajapaksa For Next Presidency ...","","","in #srilanka2019 #GotabayaRajapaksha Gotabaya Rajapaksa For Next Presidency ...","","",""
"https://www.youtube.com/watch?v=WFD-BiIT-RM&pp=ygUkcHJlc2lkZW50aWFsIGVsZWN0aW9uIDIwMTkgc3JpIGxhbmth","https://i.ytimg.com/vi/WFD-BiIT-RM/hq720.jpg?sqp=-oaymwEnCNAFEJQDSFryq4qpAxkIARUAAIhCGAHYAQHiAQoIGBACGAY4AUAB&rs=AOn4CLAtALMsE-Darqi2c2QWkhjlSEfBpA","9:26:13","9:26:13","Now playing","Sri Lanka Presidential Election 2019 Live","SL TV","https://www.youtube.com/@sltv9399","SL TV","•","•","205 views","Streamed 5 years ago","https://yt3.ggpht.com/ytc/AIdro_mMt6ljJsFlU-f89oQs0un4hcjhEEhyTpDFHgyFSlHBxQ=s68-c-k-c0x00ffffff-no-rj","https://www.youtube.com/@sltv9399","SL TV","Sri Lanka Presidential Election 2019","Live.","Live.","From the video description","","","","","","","","",""
"https://www.youtube.com/watch?v=7ukp-Gr3Ols&pp=ygUkcHJlc2lkZW50aWFsIGVsZWN0aW9uIDIwMTkgc3JpIGxhbmth","https://i.ytimg.com/vi/7ukp-Gr3Ols/hqdefault.jpg?sqp=-oaymwEnCOADEI4CSFryq4qpAxkIARUAAIhCGAHYAQHiAQoIGBACGAY4AUAB&rs=AOn4CLD_foWuJXOVKHRFNaN71oidyAHRLg","5:17","5:17","Now playing","European Union  election observation mission  ( presidential election of Sri Lanka in 2019)","Our  World","https://www.youtube.com/@ourplight","Our  World","•","•","155 views","5 years ago","https://yt3.ggpht.com/QL0lsLXGC1sfoyumtGda2RXiFtWhgyeYa7RHc_Vqmgus4mPscjCf_O1vnJlCGnQeFJ56nPnuKX8=s68-c-k-c0x00ffffff-no-rj","https://www.youtube.com/@ourplight","Our  World","election","The chief of the European Union","The chief of the European Union","From the video description","","","observation mission Marisa Matias explained What were the observations that she has ...","","","observation mission Marisa Matias explained What were the observations that she has ...","","",""
"https://www.youtube.com/watch?v=CKOr3NqFNo0&pp=ygUkcHJlc2lkZW50aWFsIGVsZWN0aW9uIDIwMTkgc3JpIGxhbmth","","3:01","3:01","Now playing","Sri Lanka Presidential Election 2019 | Cumulative Results","Redot Live","https://www.youtube.com/@redotlive9564","Redot Live","•","•","2.7K views","5 years ago","https://yt3.ggpht.com/ytc/AIdro_kJSTlJvS7ThZWKCYEz4qQCRTGzul56QYF5sDilmwiwCg=s68-c-k-c0x00ffffff-no-rj","https://www.youtube.com/@redotlive9564","Redot Live","Sri Lanka Presidential Election 2019","This video is about what happened during the","This video is about what happened during the","From the video description","","",". It includes the cumulative results from all ...","","",". It includes the cumulative results from all ...","","",""
"https://www.youtube.com/watch?v=8Aj6EyXSVNA&pp=ygUkcHJlc2lkZW50aWFsIGVsZWN0aW9uIDIwMTkgc3JpIGxhbmth","","1:22","1:22","Now playing","Sri Lanka Presidential Election: Interview with Journalist Roel Raymond","TRT World Now","https://www.youtube.com/@TRTWorldNow","TRT World Now","•","•","1.3K views","5 years ago","","https://www.youtube.com/@TRTWorldNow","TRT World Now","Sri Lanka","goes to the polls on Saturday to elect a new","goes to the polls on Saturday to elect a new","From the video description","Verified","Verified",". There are a record 35 candidates. But the real race is between ...","","",". There are a record 35 candidates. But the real race is between ...","","","president"
"https://www.youtube.com/watch?v=FpNSsEKXvpc&pp=ygUkcHJlc2lkZW50aWFsIGVsZWN0aW9uIDIwMTkgc3JpIGxhbmth","","12:27","12:27","Now playing","Sri Lanka presidential election: WION Speaks to Zulfick Farzan, Journalist from Colombo","WION","https://www.youtube.com/@WION","WION","•","•","763 views","5 years ago","","https://www.youtube.com/@WION","WION","Sri Lanka presidential election",": WION Speaks to Zulfick Farzan, Journalist from Colombo for more clarity on this. The World is One ...",": WION Speaks to Zulfick Farzan, Journalist from Colombo for more clarity on this. The World is One ...","From the video description","Verified","Verified","","","","","","",""
"https://www.youtube.com/watch?v=O7BpBfpPwY4&pp=ygUkcHJlc2lkZW50aWFsIGVsZWN0aW9uIDIwMTkgc3JpIGxhbmth","","7:09","7:09","Now playing","SRI LANKA PRESIDENTIAL ELECTION 2019","Vinoth Kumar","https://www.youtube.com/@VinothKumar-iz5hd","Vinoth Kumar","•","•","154 views","6 years ago","","https://www.youtube.com/@VinothKumar-iz5hd","Vinoth Kumar","SRI LANKAN","A BASIC KNOWLEDGE ABOUT","A BASIC KNOWLEDGE ABOUT","From the video description","","","POLITICS REGARDING THE UPCOMING",".","","POLITICS REGARDING THE UPCOMING",".","","PRESIDENTIAL ELECTION"
"https://www.youtube.com/watch?v=6pSwkALU0vc&pp=ygUkcHJlc2lkZW50aWFsIGVsZWN0aW9uIDIwMTkgc3JpIGxhbmth","","2:18","2:18","Now playing","Presidential Election Results Sri lanka 2019, Gotabaya.R vs Sajith.P","Running STATs","https://www.youtube.com/@runningstats2112","Running STATs","•","•","168 views","5 years ago","","https://www.youtube.com/@runningstats2112","Running STATs","Presidential Election","This is racing bar chart summary of","This is racing bar chart summary of","From the video description","","","Results",". (16 November",")","Results",". (16 November",")","Sri lanka 2019"
"https://www.youtube.com/watch?v=nLppCZEA6jg&pp=ygUkcHJlc2lkZW50aWFsIGVsZWN0aW9uIDIwMTkgc3JpIGxhbmth","","3:51:37","3:51:37","Now playing","Sri Lanka Presidential Election 2019 Live","SL TV","https://www.youtube.com/@sltv9399","SL TV","•","•","114 views","Streamed 5 years ago","","https://www.youtube.com/@sltv9399","SL TV","Sri Lanka Presidential Election 2019","Live.","Live.","From the video description","","","","","","","","",""
"https://www.youtube.com/watch?v=5yMAd0079V4&pp=ygUkcHJlc2lkZW50aWFsIGVsZWN0aW9uIDIwMTkgc3JpIGxhbmth","","9:25","9:25","Now playing","Sri Lanka presidential election: WION Speaks to Dr. Aruna Kulatunga, Political Analyst from Colombo","WION","https://www.youtube.com/@WION","WION","•","•","1.1K views","5 years ago","","https://www.youtube.com/@WION","WION","Sri Lanka presidential election","During","During","From the video description","Verified","Verified",", WION Speaks to Dr. Aruna Kulatunga, Political Analyst from Colombo for more clarity on ...","","",", WION Speaks to Dr. Aruna Kulatunga, Political Analyst from Colombo for more clarity on ...","","",""
"https://www.youtube.com/watch?v=ZOvBroXoj5Q&pp=ygUkcHJlc2lkZW50aWFsIGVsZWN0aW9uIDIwMTkgc3JpIGxhbmth","","8:14","8:14","Now playing","Social media and Sri Lankan presidential election: who holds the edge?","pihanrossa","https://www.youtube.com/@pihanrossa6275","pihanrossa","•","•","140 views","5 years ago","","https://www.youtube.com/@pihanrossa6275","pihanrossa","Sri Lankan presidential election 2019","social media insights into","social media insights into","From the video description","","",".","","",".","","",""
"https://www.youtube.com/watch?v=lxfPIBEdsGE&pp=ygUkcHJlc2lkZW50aWFsIGVsZWN0aW9uIDIwMTkgc3JpIGxhbmth","","2:50","2:50","Now playing","History of Presidential Election (English)","Ada Derana","https://www.youtube.com/@AdaDeranaNews","Ada Derana","•","•","5.3K views","5 years ago","","https://www.youtube.com/@AdaDeranaNews","Ada Derana","Presidential Election","History of","History of","From the video description","Verified","Verified","(English) Watch More Video - http://goo.gl/2QWjSA #adaderana #derananews #tvderana.","","","(English) Watch More Video - http://goo.gl/2QWjSA #adaderana #derananews #tvderana.","","",""
"https://www.youtube.com/watch?v=HxMq8kC_WPw&pp=ygUkcHJlc2lkZW50aWFsIGVsZWN0aW9uIDIwMTkgc3JpIGxhbmth","","8:46","8:46","Now playing","Sri Lanka presidential election: WION Speaks to Dr. S. Y. Quraishi, Former CEC of India","WION","https://www.youtube.com/@WION","WION","•","•","2.4K views","5 years ago","","https://www.youtube.com/@WION","WION","Sri Lanka presidential election","After the results of","After the results of","From the video description","Verified","Verified",", WION Speaks to Dr. S. Y. Quraishi, Former Chief Election Commissioner of ...","","",", WION Speaks to Dr. S. Y. Quraishi, Former Chief Election Commissioner of ...","","",""
"https://www.youtube.com/watch?v=diIysf3xwJo&pp=ygUkcHJlc2lkZW50aWFsIGVsZWN0aW9uIDIwMTkgc3JpIGxhbmth0gcJCfsJAYcqIYzv","","2:39","2:39","Now playing","Record 35 candidates vie in Sri Lanka's presidential elections","CGTN","https://www.youtube.com/@cgtn","CGTN","•","•","1.6K views","5 years ago","","https://www.youtube.com/@cgtn","CGTN","Sri Lanka","Roughly 16 million voters in","Roughly 16 million voters in","From the video description","","","will choose a new","from a record 35 contestants on Saturday. The poll comes ...","","will choose a new","from a record 35 contestants on Saturday. The poll comes ...","","president"
"https://www.youtube.com/watch?v=FGjDZzp6iEk&pp=ygUkcHJlc2lkZW50aWFsIGVsZWN0aW9uIDIwMTkgc3JpIGxhbmth","","2:02","2:02","Now playing","Sri Lanka Presidential Election 2019 -  All you need to know!","SURIYA VLOGS","https://www.youtube.com/@SURIYAVLOGS","SURIYA VLOGS","•","•","116 views","5 years ago","","https://www.youtube.com/@SURIYAVLOGS","SURIYA VLOGS","Sri Lanka Presidential Election 2019","- All you need to know! On Saturday, 16th November","- All you need to know! On Saturday, 16th November","From the video description","","",", Sri Lankans will go to the polls to ...","","",", Sri Lankans will go to the polls to ...","","","2019"
"https://www.youtube.com/watch?v=TjF9pH9OhQU&pp=ygUkcHJlc2lkZW50aWFsIGVsZWN0aW9uIDIwMTkgc3JpIGxhbmth0gcJCfsJAYcqIYzv","","2:14","2:14","Now playing","Srilanka Presidential Election Result 2019 (Latest)","World In Graphs","https://www.youtube.com/@worldingraphs5589","World In Graphs","•","•","120 views","5 years ago","","https://www.youtube.com/@worldingraphs5589","World In Graphs","Sri Lanka Presidential Election 2019","This video show the","This video show the","From the video description","","","Results by separate district.The","is ...","","Results by separate district.The","is ...","","2019 Sri Lankan presidential election"
"https://www.youtube.com/watch?v=RFBumL-mQZ8&pp=ygUkcHJlc2lkZW50aWFsIGVsZWN0aW9uIDIwMTkgc3JpIGxhbmth","","8:52","8:52","Now playing","Sri Lanka Elections 2019:  What are the candidates campaigning on?","The Week","https://www.youtube.com/@TheWeekMagazineIndia","The Week","•","•","666 views","5 years ago","","https://www.youtube.com/@TheWeekMagazineIndia","The Week","Sri Lanka","A series of political crises has brought","A series of political crises has brought","From the video description","Verified","Verified","to another",". This year, the shadow of the Easter Sunday ...","","to another",". This year, the shadow of the Easter Sunday ...","","presidential election"
"https://www.youtube.com/watch?v=1RPelx7F-No&pp=ygUkcHJlc2lkZW50aWFsIGVsZWN0aW9uIDIwMTkgc3JpIGxhbmth","","1:19","1:19","Now playing","Sri Lankan presidential election (1982-2019)","พลการเมือง","https://www.youtube.com/@polganmuang","พลการเมือง","•","•","512 views","4 years ago","","https://www.youtube.com/@polganmuang","พลการเมือง","","","","From the video description","","","","","","","","",""
"https://www.youtube.com/watch?v=NvfmGVv5kRY&pp=ygUkcHJlc2lkZW50aWFsIGVsZWN0aW9uIDIwMTkgc3JpIGxhbmth","","1:27","1:27","Now playing","Sri Lanka presidential election Poll 2019","voiceofilankai","https://www.youtube.com/@voiceofilankai6671","voiceofilankai","•","•","69 views","5 years ago","","https://www.youtube.com/@voiceofilankai6671","voiceofilankai","","","","","","","","","","","","",""