date,firstvote,secondvote,policyinclination,isexecutivepresidencyrequired,voteof2015,age,gender,religion,income,ethnicity,district,education,year,weight,source_type
2019-10-29 14:07:11-05:30,Gotabaya Rajapaksa,Gotabaya Rajapaksa,Corruption free/ less country,I do not care,Mahinda Rajapasa,,Female,Buddhist,"Below 15,000",Sinhala,Kegalla,Primary,2024,1.0,face_to_face
2019-10-29 14:11:07-05:30,Gotabaya Rajapaksa,Not voting,Economic stability,"Yes, we need an executive president",Mahinda Rajapasa,,Female,Buddhist,"15,001 to 30,000",Sinhala,nan,Ordinary level (O/L),2024,1.0,face_to_face
2019-10-29 14:13:14-05:30,Gotabaya Rajapaksa,Not voting,Economic stability,"Yes, we need an executive president",I did not vote,,Female,Buddhist,"30,001 to 50,000",Sinhala,"homagama, colombo",Graduated,2024,1.0,face_to_face
2019-10-29 14:15:40-05:30,Sajith Premadasa,Gotabaya Rajapaksa,Economic stability,"Yes, we need an executive president",Maithreepala Sirisena,,Male,Buddhist,"30,001 to 50,000",Sinhala,"kaduwela, colombo",Advanced level (A/L),2024,1.0,face_to_face
2019-10-29 14:17:10-05:30,Anura Kumara Dissanayake,Not voting,Economic stability,"No,  executive presidency should be removed.",Other,,Male,Buddhist,"30,001 to 50,000",Sinhala,Kaduwela,Ordinary level (O/L),2024,1.0,face_to_face
2019-10-29 14:21:31-05:30,Gotabaya Rajapaksa,Not voting,National security,"Yes, we need an executive president",Mahinda Rajapasa,,Female,Buddhist,"Below 15,000",Sinhala,"kaduwela, colombo",Ordinary level (O/L),2024,1.0,face_to_face
2019-10-29 14:26:42-05:30,Gotabaya Rajapaksa,Not voting,Economic stability,"No,  executive presidency should be removed.",Mahinda Rajapasa,,Female,Buddhist,"Below 15,000",Sinhala,Kaduwela,Graduated,2024,1.0,face_to_face
2019-10-29 14:36:23-05:30,Anura Kumara Dissanayake,Anura Kumara Dissanayake,Education development,"No,  executive presidency should be removed.",Mahinda Rajapasa,,Male,Roman Catholic,"Over 75,001",Sinhala,Colombo,Ordinary level (O/L),2024,1.0,face_to_face
2019-10-29 14:39:22-05:30,Other,Other,National security,I do not care,Maithreepala Sirisena,,Male,Buddhist,"30,001 to 50,000",Sinhala,Colombo,Ordinary level (O/L),2024,1.0,face_to_face
2019-10-29 14:42:30-05:30,Not voting,Not voting,Corruption free/ less country,"No,  executive presidency should be removed.",Maithreepala Sirisena,,Male,Buddhist,"Over 75,001",Sinhala,Colombo. Narahenpita,Graduated,2024,1.0,face_to_face
2019-10-29 14:46:45-05:30,Anura Kumara Dissanayake,Gotabaya Rajapaksa,Economic stability,"Yes, we need an executive president",Maithreepala Sirisena,,Male,Buddhist,"Below 15,000",Sinhala,Gampaha,Graduated,2024,1.0,face_to_face
2019-10-29 14:47:05-05:30,Anura Kumara Dissanayake,Sajith Premadasa,Corruption free/ less country,"No,  executive presidency should be removed.",Maithreepala Sirisena,,Male,Islamic,"Below 15,000",Muslim,"kaduwela, colombo",Graduated,2024,1.0,face_to_face
2019-10-29 14:48:33-05:30,Not voting,Not voting,Corruption free/ less country,"Yes, we need an executive president",Mahinda Rajapasa,,Male,Roman Catholic,"Below 15,000",Sinhala,Gampaha,Advanced level (A/L),2024,1.0,face_to_face
2019-10-29 14:53:09-05:30,Anura Kumara Dissanayake,Gotabaya Rajapaksa,Corruption free/ less country,"Yes, we need an executive president",Mahinda Rajapasa,,Male,Buddhist,"Below 15,000",Sinhala,anuradhapura,Advanced level (A/L),2024,1.0,face_to_face
2019-10-29 15:43:26-05:30,Not voting,Gotabaya Rajapaksa,Economic stability,"Yes, we need an executive president",Other,,Male,Buddhist,"Over 75,001",Sinhala,Colombo,Graduated,2024,1.0,face_to_face
2019-10-29 15:46:15-05:30,Gotabaya Rajapaksa,Gotabaya Rajapaksa,National security,"Yes, we need an executive president",I did not vote,,Male,Buddhist,"Over 75,001",Sinhala,Kurunegala,Graduated,2024,1.0,face_to_face
2019-10-29 15:49:26-05:30,Gotabaya Rajapaksa,Gotabaya Rajapaksa,Economic stability,I do not care,Mahinda Rajapasa,,Female,Buddhist,"Over 75,001",Sinhala,Colombo,Graduated,2024,1.0,face_to_face
2019-10-30 06:51:36-05:30,Anura Kumara Dissanayake,Not voting,Corruption free/ less country,"No,  executive presidency should be removed.",Maithreepala Sirisena,,Male,Buddhist,"Over 75,001",Sinhala,"Kaduwela, Colombo",Advanced level (A/L),2024,1.0,face_to_face
2019-10-30 06:53:07-05:30,Sajith Premadasa,Gotabaya Rajapaksa,Corruption free/ less country,"Yes, we need an executive president",Maithreepala Sirisena,,Male,Buddhist,"30,001 to 50,000",Sinhala,"Kaduwela, Colombo",Ordinary level (O/L),2024,1.0,face_to_face
2019-10-30 06:54:37-05:30,Gotabaya Rajapaksa,Not voting,Solve ethnic/religious problems,"Yes, we need an executive president",I did not vote,,Male,Buddhist,"15,001 to 30,000",Sinhala,"Ragama, Gmpaha",Ordinary level (O/L),2024,1.0,face_to_face
2019-10-30 06:56:15-05:30,Gotabaya Rajapaksa,Not voting,Economic stability,"Yes, we need an executive president",Maithreepala Sirisena,,Male,Buddhist,"30,001 to 50,000",Sinhala,"Kaduwela, Colombo",Ordinary level (O/L),2024,1.0,face_to_face
2019-10-30 06:57:36-05:30,Not voting,Not voting,Economic stability,"No,  executive presidency should be removed.",I did not vote,,Male,Buddhist,"30,001 to 50,000",Sinhala,Gampaha,Ordinary level (O/L),2024,1.0,face_to_face
2019-10-30 06:59:06-05:30,Gotabaya Rajapaksa,Mahesh Senannayake,Corruption free/ less country,"Yes, we need an executive president",Maithreepala Sirisena,,Male,Buddhist,"Over 75,001",Sinhala,Matara,Advanced level (A/L),2024,1.0,face_to_face
2019-10-30 14:09:28-05:30,Gotabaya Rajapaksa,Not voting,National security,"Yes, we need an executive president",Mahinda Rajapasa,,Male,Roman Catholic,"30,001 to 50,000",Sinhala,"wattala, gampaha",Advanced level (A/L),2024,1.0,face_to_face
2019-10-30 14:13:15-05:30,Gotabaya Rajapaksa,Not voting,Corruption free/ less country,"Yes, we need an executive president",Mahinda Rajapasa,,Male,Buddhist,"15,001 to 30,000",Sinhala,"kaduwela, gamapaha",Ordinary level (O/L),2024,1.0,face_to_face
2019-10-30 14:15:36-05:30,Gotabaya Rajapaksa,Not voting,National security,"Yes, we need an executive president",Mahinda Rajapasa,,Male,Buddhist,"30,001 to 50,000",Sinhala,"hakmeemana, galle",Ordinary level (O/L),2024,1.0,face_to_face
2019-10-30 14:17:15-05:30,Gotabaya Rajapaksa,Not voting,National security,"No,  executive presidency should be removed.",Maithreepala Sirisena,,Male,Buddhist,"30,001 to 50,000",Sinhala,Colombo,Ordinary level (O/L),2024,1.0,face_to_face
2019-10-30 14:26:46-05:30,Anura Kumara Dissanayake,Gotabaya Rajapaksa,Economic stability,"Yes, we need an executive president",I did not vote,,Male,Buddhist,"Below 15,000",Sinhala,Anuradhapura,Advanced level (A/L),2024,1.0,face_to_face
2019-10-30 14:27:55-05:30,Mahesh Senanayake,Anura Kumara Dissanayake,National security,"Yes, we need an executive president",Maithreepala Sirisena,,Male,Buddhist,"Below 15,000",Sinhala,"senkadagala, kandy",Advanced level (A/L),2024,1.0,face_to_face
2019-10-30 14:28:23-05:30,Gotabaya Rajapaksa,Not voting,Economic stability,"Yes, we need an executive president",Mahinda Rajapasa,,Female,Buddhist,"Below 15,000",Sinhala,Colombo,Primary,2024,1.0,face_to_face
2019-10-30 14:29:33-05:30,Not voting,Not voting,Other,"No,  executive presidency should be removed.",I did not vote,,Male,Buddhist,"Below 15,000",Sinhala,"wariyapola, kurunegala",Advanced level (A/L),2024,1.0,face_to_face
2019-10-30 14:40:18-05:30,Gotabaya Rajapaksa,Not voting,Economic stability,"Yes, we need an executive president",Mahinda Rajapasa,,Male,Buddhist,"Below 15,000",Sinhala,"kotte, colombo",Graduated,2024,1.0,face_to_face
2019-10-30 14:40:19-05:30,Gotabaya Rajapaksa,Not voting,Economic stability,"Yes, we need an executive president",Mahinda Rajapasa,,Female,Buddhist,"30,001 to 50,000",Sinhala,Colombo,Ordinary level (O/L),2024,1.0,face_to_face
2019-10-30 14:43:55-05:30,Gotabaya Rajapaksa,Not voting,National security,I do not care,Mahinda Rajapasa,,Male,Buddhist,"Over 75,001",Sinhala,Colombo,Ordinary level (O/L),2024,1.0,face_to_face
2019-10-30 14:46:25-05:30,Sajith Premadasa,Not voting,Economic stability,"Yes, we need an executive president",Maithreepala Sirisena,,Female,Buddhist,"15,001 to 30,000",Sinhala,"kaduwela, colombo",Primary,2024,1.0,face_to_face
2019-10-30 14:50:43-05:30,Gotabaya Rajapaksa,Not decided yet,Economic stability,"Yes, we need an executive president",Mahinda Rajapasa,,Male,Buddhist,"Below 15,000",Sinhala,"kaduuwela, colombo",Primary,2024,1.0,face_to_face
2019-10-30 14:56:43-05:30,Anura Kumara Dissanayake,Gotabaya Rajapaksa,Other,"Yes, we need an executive president",Maithreepala Sirisena,,Male,Buddhist,"Over 75,001",Sinhala,"kelaniya, gampaha",Graduated,2024,1.0,face_to_face
2019-10-30 18:25:36-05:30,Gotabaya Rajapaksa,Not voting,National security,I do not care,Mahinda Rajapasa,,Male,Buddhist,"Over 75,001",Sinhala,Colombo,Ordinary level (O/L),2024,1.0,face_to_face
2019-10-31 13:40:53-05:30,Mahesh Senanayake,Mahesh Senannayake,Economic stability,"Yes, we need an executive president",Maithreepala Sirisena,,Male,Buddhist,"Below 15,000",Sinhala,Colombo,Advanced level (A/L),2024,1.0,face_to_face
2019-10-31 13:46:03-05:30,Gotabaya Rajapaksa,Not voting,Economic stability,"No,  executive presidency should be removed.",Mahinda Rajapasa,,Male,Buddhist,"30,001 to 50,000",Sinhala,Colombo,Advanced level (A/L),2024,1.0,face_to_face
2019-10-31 13:53:22-05:30,Sajith Premadasa,Sajith Premadasa,Economic stability,I do not care,Maithreepala Sirisena,,Female,Roman Catholic,"15,001 to 30,000",Sinhala,"Kaduwela, colombo",Ordinary level (O/L),2024,1.0,face_to_face
2019-10-31 14:07:11-05:30,Not voting,Not voting,Economic stability,I do not care,Maithreepala Sirisena,,Male,Buddhist,"15,001 to 30,000",Sinhala,Colombo,Advanced level (A/L),2024,1.0,face_to_face
2019-10-31 14:07:38-05:30,Gotabaya Rajapaksa,Not voting,Solve ethnic/religious problems,"Yes, we need an executive president",Mahinda Rajapasa,,Male,Buddhist,"50,001 to 75,000",Sinhala,"kaduwela, colombo",Ordinary level (O/L),2024,1.0,face_to_face
2019-10-31 14:10:20-05:30,Gotabaya Rajapaksa,Not voting,National security,"Yes, we need an executive president",Mahinda Rajapasa,,Male,Buddhist,"15,001 to 30,000",Sinhala,"maharagama, colombo",Ordinary level (O/L),2024,1.0,face_to_face
2019-11-01 09:00:51-05:30,Gotabaya Rajapaksa,Not voting,Economic stability,"Yes, we need an executive president",Maithreepala Sirisena,,Male,Buddhist,"15,001 to 30,000",Sinhala,"Kaduwela, colombo",Advanced level (A/L),2024,1.0,face_to_face
2019-11-01 16:07:16-05:30,Gotabaya Rajapaksa,Not voting,Economic stability,"Yes, we need an executive president",Maithreepala Sirisena,,Male,Buddhist,"15,001 to 30,000",Sinhala,"Kaduwela, colombo",Advanced level (A/L),2024,1.0,face_to_face
2019-11-02 16:19:42-05:30,Gotabaya Rajapaksa,Not voting,Economic stability,"Yes, we need an executive president",Maithreepala Sirisena,,Male,Buddhist,"15,001 to 30,000",Sinhala,"Kaduwela, colombo",Advanced level (A/L),2024,1.0,face_to_face
