created_at,candidate,secondvote,policyinclination,isexecutivepresidencyrequired,voteof2015,age,gender,religion,income,ethnicity,district,education,year
2019-10-30 07:27:33-05:30,Gotabaya Rajapaksa,Mahesh Senannayake,Economic stability,"Yes, we need an executive president",Maithreepala Sirisena,,Male,Buddhist,"Over 75,001",Sinhala,Kandy,Graduated,2024
2019-10-30 07:30:28-05:30,Gotabaya Rajapaksa,Mahesh Senannayake,National security,"Yes, we need an executive president",Maithreepala Sirisena,,Male,Buddhist,"Over 75,001",Sinhala,Kurunegala,Graduated,2024
2019-10-30 07:36:19-05:30,Anura Kumara Dissanayake,Gotabaya Rajapaksa,Corruption free/ less country,I do not care,Maithreepala Sirisena,,Male,Buddhist,"Over 75,001",Sinhala,Galle,Graduated,2024
2019-10-30 07:41:12-05:30,Sajith Premadasa,Mahesh Senannayake,Promote agriculture,"Yes, we need an executive president",I did not vote,,Male,Buddhist,"Over 75,001",Sinhala,Colombo,Graduated,2024
2019-10-30 07:49:34-05:30,Gotabaya Rajapaksa,Not voting,Economic stability,"Yes, we need an executive president",Mahinda Rajapasa,,Male,Buddhist,"Over 75,001",Sinhala,Galle,Graduated,2024
2019-10-30 07:51:48-05:30,Gotabaya Rajapaksa,Mahesh Senannayake,infrastructure development,"Yes, we need an executive president",Mahinda Rajapasa,,Male,Buddhist,"Over 75,001",Sinhala,Matara,Graduated,2024
2019-10-30 08:23:28-05:30,Mahesh Senanayake,Gotabaya Rajapaksa,Corruption free/ less country,I do not care,Maithreepala Sirisena,,Male,Buddhist,"Over 75,001",Sinhala,Colombo,Graduated,2024
2019-10-30 08:43:02-05:30,Gotabaya Rajapaksa,Not voting,National security,"Yes, we need an executive president",Mahinda Rajapasa,,Male,Buddhist,"Over 75,001",Sinhala,Gampaha,Graduated,2024
2019-10-30 13:42:16-05:30,Gotabaya Rajapaksa,Not voting,Economic stability,"Yes, we need an executive president",Mahinda Rajapasa,,Female,Buddhist,"30,001 to 50,000",Sinhala,Kalutara,Graduated,2024
2019-10-30 13:46:39-05:30,Anura Kumara Dissanayake,Sajith Premadasa,Education development,"No,  executive presidency should be removed.",Maithreepala Sirisena,,Male,Buddhist,"30,001 to 50,000",Sinhala,Kalutara,Graduated,2024
2019-10-30 15:33:04-05:30,Mahesh Senanayake,Anura Kumara Dissanayake,Solve ethnic/religious problems,I do not care,Maithreepala Sirisena,,Female,Buddhist,"Over 75,001",Sinhala,nan,Graduated,2024
2019-10-30 17:09:06-05:30,Anura Kumara Dissanayake,Anura Kumara Dissanayake,More jobs for youth,"No,  executive presidency should be removed.",Maithreepala Sirisena,,Male,Buddhist,"Over 75,001",Sinhala,galle,Graduated,2024
2019-10-30 17:24:47-05:30,Anura Kumara Dissanayake,Not decided yet,Promote agriculture,"No,  executive presidency should be removed.",Maithreepala Sirisena,,Male,Buddhist,"Over 75,001",Sinhala,Gampaha,Graduated,2024
2019-10-30 22:04:27-05:30,Gotabaya Rajapaksa,Not voting,Economic stability,I do not care,Maithreepala Sirisena,,Female,Buddhist,"Over 75,001",Sinhala,Kalutara,Deploma,2024
2019-10-30 22:25:15-05:30,Gotabaya Rajapaksa,Anura Kumara Dissanayake,Economic stability,"No,  executive presidency should be removed.",Maithreepala Sirisena,,Female,Roman Catholic,"50,001 to 75,000",Sinhala,Gampaha,Graduated,2024
2019-10-31 07:34:32-05:30,Not voting,Not voting,Corruption free/ less country,"Yes, we need an executive president",Maithreepala Sirisena,,Male,Buddhist,"Over 75,001",Sinhala,nan,Graduated,2024
2019-10-31 08:00:56-05:30,Anura Kumara Dissanayake,Sajith Premadasa,Corruption free/ less country,I do not care,Maithreepala Sirisena,,Male,Buddhist,"Over 75,001",Sinhala,Ratnapura,Graduated,2024
2019-10-31 08:25:15-05:30,Gotabaya Rajapaksa,Not voting,National security,"Yes, we need an executive president",Mahinda Rajapasa,,Male,Buddhist,"Over 75,001",Sinhala,Rathnapura,Graduated,2024
2019-10-31 08:33:54-05:30,Gotabaya Rajapaksa,Anura Kumara Dissanayake,Education development,I do not care,Maithreepala Sirisena,,Male,Buddhist,"Over 75,001",Sinhala,kurunegala,Graduated,2024
2019-10-31 08:59:08-05:30,Mahesh Senanayake,Gotabaya Rajapaksa,Corruption free/ less country,"Yes, we need an executive president",Maithreepala Sirisena,,Male,Buddhist,"Over 75,001",Sinhala,nan,Graduated,2024
2019-10-31 09:29:36-05:30,Gotabaya Rajapaksa,Anura Kumara Dissanayake,Economic stability,"Yes, we need an executive president",Maithreepala Sirisena,,Male,Buddhist,"50,001 to 75,000",Sinhala,Ratnapura,Graduated,2024
2019-10-31 09:31:22-05:30,Gotabaya Rajapaksa,Anura Kumara Dissanayake,National security,"Yes, we need an executive president",Maithreepala Sirisena,,Male,Buddhist,"Over 75,001",Sinhala,Ratnapura,Graduated,2024
2019-10-31 11:27:29-05:30,Gotabaya Rajapaksa,Anura Kumara Dissanayake,infrastructure development,"Yes, we need an executive president",Maithreepala Sirisena,,Male,Hindu,"Over 75,001",Tamil,Nuwaraeliya,Graduated,2024
2019-10-31 13:48:52-05:30,Gotabaya Rajapaksa,Not decided yet,Economic stability,"Yes, we need an executive president",Maithreepala Sirisena,,Male,Buddhist,"50,001 to 75,000",Sinhala,Rathnapura,Graduated,2024
2019-10-31 14:28:48-05:30,Gotabaya Rajapaksa,Not voting,Corruption free/ less country,"Yes, we need an executive president",Mahinda Rajapasa,,Male,Buddhist,"Over 75,001",Sinhala,"kesbewa, colombo",Graduated,2024
2019-10-31 14:42:02-05:30,Mahesh Senanayake,Gotabaya Rajapaksa,Corruption free/ less country,"Yes, we need an executive president",Maithreepala Sirisena,,Male,Buddhist,"Over 75,001",Sinhala,Gampaha,Graduated,2024
2019-10-31 15:14:44-05:30,Gotabaya Rajapaksa,Not voting,National security,"Yes, we need an executive president",Mahinda Rajapasa,,Male,Buddhist,"Over 75,001",Sinhala,Monaragala,Graduated,2024
2019-10-31 16:11:45-05:30,Gotabaya Rajapaksa,Mahesh Senannayake,Corruption free/ less country,"Yes, we need an executive president",Maithreepala Sirisena,,Male,Buddhist,"Over 75,001",Sinhala,Colombo,Graduated,2024
2019-11-05 23:21:09-05:30,Not Decided yet,Not decided yet,National security,"Yes, we need an executive president",Maithreepala Sirisena,,Male,Buddhist,"Over 75,001",Sinhala,Gampaha,Graduated,2024
2019-11-05 23:26:52-05:30,Gotabaya Rajapaksa,Anura Kumara Dissanayake,Economic stability,"Yes, we need an executive president",Maithreepala Sirisena,,Male,Buddhist,"Over 75,001",Sinhala,nan,Graduated,2024
2019-11-06 01:17:22-05:30,Gotabaya Rajapaksa,Not voting,National security,"Yes, we need an executive president",Mahinda Rajapasa,,Female,Buddhist,"Over 75,001",Sinhala,Kegalle,Graduated,2024
2019-11-06 04:33:15-05:30,Gotabaya Rajapaksa,Mahesh Senannayake,National security,"Yes, we need an executive president",I did not vote,,Male,Buddhist,"Over 75,001",Sinhala,Galle,Graduated,2024
2019-11-06 07:01:10-05:30,Gotabaya Rajapaksa,Mahesh Senannayake,National security,I do not care,Maithreepala Sirisena,,Male,Buddhist,"Over 75,001",Sinhala,Gampaha,Graduated,2024
2019-11-06 07:03:58-05:30,Gotabaya Rajapaksa,Mahesh Senannayake,National security,"Yes, we need an executive president",Maithreepala Sirisena,,Male,Buddhist,"Over 75,001",Sinhala,Kurunegala,Graduated,2024
2019-11-06 07:05:26-05:30,Gotabaya Rajapaksa,Sajith Premadasa,More jobs for youth,I do not care,Maithreepala Sirisena,,Female,Buddhist,"Over 75,001",Sinhala,colombo,Graduated,2024
2019-11-06 07:08:19-05:30,Anura Kumara Dissanayake,Not voting,Education development,"No,  executive presidency should be removed.",I did not vote,,Male,Buddhist,"Over 75,001",Sinhala,Colombo,Graduated,2024
2019-11-06 07:41:25-05:30,Gotabaya Rajapaksa,Not voting,National security,"Yes, we need an executive president",Mahinda Rajapasa,,Female,Buddhist,"Over 75,001",Sinhala,Colombo,Graduated,2024
2019-11-06 09:11:41-05:30,Gotabaya Rajapaksa,Not decided yet,Economic stability,"Yes, we need an executive president",Mahinda Rajapasa,,Male,Buddhist,"50,001 to 75,000",Sinhala,Ratnapura,Ordinary level (O/L),2024
2019-11-06 13:55:33-05:30,Mahesh Senanayake,Gotabaya Rajapaksa,Economic stability,"Yes, we need an executive president",Maithreepala Sirisena,,Male,Buddhist,"Over 75,001",Sinhala,Hambantota,Graduated,2024
2019-11-06 14:18:20-05:30,Gotabaya Rajapaksa,Not decided yet,National security,"No,  executive presidency should be removed.",Mahinda Rajapasa,,Female,Buddhist,"50,001 to 75,000",Sinhala,Gampaha,Graduated,2024
2019-11-06 19:58:18-05:30,Anura Kumara Dissanayake,Not voting,Solve ethnic/religious problems,I do not care,Maithreepala Sirisena,,Male,Buddhist,"Over 75,001",Sinhala,Colombo,Graduated,2024
2019-11-06 21:55:10-05:30,Sajith Premadasa,Not voting,Economic stability,"Yes, we need an executive president",Maithreepala Sirisena,,Male,Hindu,"Over 75,001",Tamil,Colombo,Graduated,2024
2019-11-07 00:06:29-05:30,Anura Kumara Dissanayake,Not voting,Corruption free/ less country,"No,  executive presidency should be removed.",I did not vote,,Male,Islamic,"50,001 to 75,000",Muslim,Kalutara,Graduated,2024
