year,district,district_name_href,ele_logo_src,ele_party,ele_party_2,ele_value,ele_value_2,ele_logo_src_2,ele_party_3,ele_party_4,ele_value_3,ele_value_4,ele_logo_src_3,ele_party_5,ele_party_6,ele_value_5,ele_value_6,ele_logo_src_4,ele_party_7,ele_party_8,ele_value_7,ele_value_8,ele_value_9,ele_value_10
2024,Kalutara District,https://election.adaderana.lk/presidential-election-2019/district_result.php?dist_id=Kalutara,https://election.adaderana.lk/presidential-election-2019/elec_images/gr-2019-pe1.png,Gotabaya Rajapaksa,SLPP,59.49%,"482,920",https://election.adaderana.lk/presidential-election-2019/elec_images/sp-2019-pe1.png,Sajith Premadasa,NDF,35.01%,"284,213",https://election.adaderana.lk/presidential-election-2019/elec_images/akd-2019-pe1.png,Anura Kumara Dissanayaka,NMPP,3.41%,"27,681",https://election.adaderana.lk/presidential-election-2019/elec_images/msn-2019-pe1.png,Mahesh Senanayake,NPP,0.40%,"3,213",1.69%,"13,736"
2024,Galle District,https://election.adaderana.lk/presidential-election-2019/district_result.php?dist_id=Galle,https://election.adaderana.lk/presidential-election-2019/elec_images/gr-2019-pe1.png,Gotabaya Rajapaksa,SLPP,64.26%,"466,148",https://election.adaderana.lk/presidential-election-2019/elec_images/sp-2019-pe1.png,Sajith Premadasa,NDF,29.97%,"217,401",https://election.adaderana.lk/presidential-election-2019/elec_images/akd-2019-pe1.png,Anura Kumara Dissanayaka,NMPP,3.72%,"27,006",https://election.adaderana.lk/presidential-election-2019/elec_images/msn-2019-pe1.png,Mahesh Senanayake,NPP,0.35%,"2,542",1.69%,"12,261"
2024,Matara District,https://election.adaderana.lk/presidential-election-2019/district_result.php?dist_id=Matara,https://election.adaderana.lk/presidential-election-2019/elec_images/gr-2019-pe1.png,Gotabaya Rajapaksa,SLPP,67.25%,"374,481",https://election.adaderana.lk/presidential-election-2019/elec_images/sp-2019-pe1.png,Sajith Premadasa,NDF,26.76%,"149,026",https://election.adaderana.lk/presidential-election-2019/elec_images/akd-2019-pe1.png,Anura Kumara Dissanayaka,NMPP,4.21%,"23,439",https://election.adaderana.lk/presidential-election-2019/elec_images/msn-2019-pe1.png,Mahesh Senanayake,NPP,0.26%,"1,436",1.52%,"8,486"
2024,Digamadulla District,https://election.adaderana.lk/presidential-election-2019/district_result.php?dist_id=Digamadulla,https://election.adaderana.lk/presidential-election-2019/elec_images/sp-2019-pe1.png,Sajith Premadasa,NDF,63.09%,"259,673",https://election.adaderana.lk/presidential-election-2019/elec_images/gr-2019-pe1.png,Gotabaya Rajapaksa,SLPP,32.82%,"135,058",https://election.adaderana.lk/presidential-election-2019/elec_images/akd-2019-pe1.png,Anura Kumara Dissanayaka,NMPP,1.81%,"7,460",https://election.adaderana.lk/presidential-election-2019/elec_images/1121365961icon-party-ind-11.png,M. L. A. M. Hizbullah,IND11,0.54%,"2,214",2.19%,"9,015"
2024,Puttalam District,https://election.adaderana.lk/presidential-election-2019/district_result.php?dist_id=Puttalam,https://election.adaderana.lk/presidential-election-2019/elec_images/gr-2019-pe1.png,Gotabaya Rajapaksa,SLPP,50.83%,"230,760",https://election.adaderana.lk/presidential-election-2019/elec_images/sp-2019-pe1.png,Sajith Premadasa,NDF,43.91%,"199,356",https://election.adaderana.lk/presidential-election-2019/elec_images/akd-2019-pe1.png,Anura Kumara Dissanayaka,NMPP,2.84%,"12,912",https://election.adaderana.lk/presidential-election-2019/elec_images/msn-2019-pe1.png,Mahesh Senanayake,NPP,0.49%,"2,204",1.93%,"8,744"
2024,Anuradhapura District,https://election.adaderana.lk/presidential-election-2019/district_result.php?dist_id=Anuradhapura,https://election.adaderana.lk/presidential-election-2019/elec_images/gr-2019-pe1.png,Gotabaya Rajapaksa,SLPP,58.97%,"342,223",https://election.adaderana.lk/presidential-election-2019/elec_images/sp-2019-pe1.png,Sajith Premadasa,NDF,34.87%,"202,348",https://election.adaderana.lk/presidential-election-2019/elec_images/akd-2019-pe1.png,Anura Kumara Dissanayaka,NMPP,3.94%,"22,879",https://election.adaderana.lk/presidential-election-2019/elec_images/1989806458icon-party-dunf.png,Ariyawansha Dissanayake,DUNF,0.28%,"1,635",1.98%,"11,474"
2024,Kegalle District,https://election.adaderana.lk/presidential-election-2019/district_result.php?dist_id=Kegalle,https://election.adaderana.lk/presidential-election-2019/elec_images/gr-2019-pe1.png,Gotabaya Rajapaksa,SLPP,55.66%,"320,484",https://election.adaderana.lk/presidential-election-2019/elec_images/sp-2019-pe1.png,Sajith Premadasa,NDF,39.60%,"228,032",https://election.adaderana.lk/presidential-election-2019/elec_images/akd-2019-pe1.png,Anura Kumara Dissanayaka,NMPP,2.61%,"15,043",https://election.adaderana.lk/presidential-election-2019/elec_images/msn-2019-pe1.png,Mahesh Senanayake,NPP,0.30%,"1,711",1.83%,"10,561"
2024,Gampaha District,https://election.adaderana.lk/presidential-election-2019/district_result.php?dist_id=Gampaha,https://election.adaderana.lk/presidential-election-2019/elec_images/gr-2019-pe1.png,Gotabaya Rajapaksa,SLPP,59.28%,"855,870",https://election.adaderana.lk/presidential-election-2019/elec_images/sp-2019-pe1.png,Sajith Premadasa,NDF,34.26%,"494,671",https://election.adaderana.lk/presidential-election-2019/elec_images/akd-2019-pe1.png,Anura Kumara Dissanayaka,NMPP,4.28%,"61,760",https://election.adaderana.lk/presidential-election-2019/elec_images/msn-2019-pe1.png,Mahesh Senanayake,NPP,0.78%,"11,272",1.40%,"20,227"
2024,Colombo District,https://election.adaderana.lk/presidential-election-2019/district_result.php?dist_id=Colombo,https://election.adaderana.lk/presidential-election-2019/elec_images/gr-2019-pe1.png,Gotabaya Rajapaksa,SLPP,53.19%,"727,713",https://election.adaderana.lk/presidential-election-2019/elec_images/sp-2019-pe1.png,Sajith Premadasa,NDF,40.92%,"559,921",https://election.adaderana.lk/presidential-election-2019/elec_images/akd-2019-pe1.png,Anura Kumara Dissanayaka,NMPP,3.93%,"53,803",https://election.adaderana.lk/presidential-election-2019/elec_images/msn-2019-pe1.png,Mahesh Senanayake,NPP,0.76%,"10,335",1.20%,"16,405"
2024,Badulla District,https://election.adaderana.lk/presidential-election-2019/district_result.php?dist_id=Badulla,https://election.adaderana.lk/presidential-election-2019/elec_images/gr-2019-pe1.png,Gotabaya Rajapaksa,SLPP,49.29%,"276,211",https://election.adaderana.lk/presidential-election-2019/elec_images/sp-2019-pe1.png,Sajith Premadasa,NDF,44.92%,"251,706",https://election.adaderana.lk/presidential-election-2019/elec_images/akd-2019-pe1.png,Anura Kumara Dissanayaka,NMPP,2.64%,"14,806",https://election.adaderana.lk/presidential-election-2019/elec_images/1989806458icon-party-dunf.png,Ariyawansha Dissanayake,DUNF,0.30%,"1,702",2.87%,"16,067"
2024,Ratnapura District,https://election.adaderana.lk/presidential-election-2019/district_result.php?dist_id=Ratnapura,https://election.adaderana.lk/presidential-election-2019/elec_images/gr-2019-pe1.png,Gotabaya Rajapaksa,SLPP,59.93%,"448,044",https://election.adaderana.lk/presidential-election-2019/elec_images/sp-2019-pe1.png,Sajith Premadasa,NDF,35.38%,"264,503",https://election.adaderana.lk/presidential-election-2019/elec_images/akd-2019-pe1.png,Anura Kumara Dissanayaka,NMPP,2.53%,"18,887",https://election.adaderana.lk/presidential-election-2019/elec_images/673314712icon-party-spsl.png,Ajantha Perera,SPSL,0.22%,"1,662",1.97%,"14,720"
2024,Batticaloa District,https://election.adaderana.lk/presidential-election-2019/district_result.php?dist_id=Batticaloa,https://election.adaderana.lk/presidential-election-2019/elec_images/sp-2019-pe1.png,Sajith Premadasa,NDF,78.70%,"238,649",https://election.adaderana.lk/presidential-election-2019/elec_images/gr-2019-pe1.png,Gotabaya Rajapaksa,SLPP,12.68%,"38,460",https://election.adaderana.lk/presidential-election-2019/elec_images/1121365961icon-party-ind-11.png,M. L. A. M. Hizbullah,IND11,4.36%,"13,228",https://election.adaderana.lk/presidential-election-2019/elec_images/1989806458icon-party-dunf.png,Ariyawansha Dissanayake,DUNF,0.78%,"2,363",7.76%,"23,537"
2024,Hambantota District,https://election.adaderana.lk/presidential-election-2019/district_result.php?dist_id=Hambantota,https://election.adaderana.lk/presidential-election-2019/elec_images/gr-2019-pe1.png,Gotabaya Rajapaksa,SLPP,66.17%,"278,804",https://election.adaderana.lk/presidential-election-2019/elec_images/sp-2019-pe1.png,Sajith Premadasa,NDF,25.85%,"108,906",https://election.adaderana.lk/presidential-election-2019/elec_images/akd-2019-pe1.png,Anura Kumara Dissanayaka,NMPP,6.24%,"26,295",https://election.adaderana.lk/presidential-election-2019/elec_images/673314712icon-party-spsl.png,Ajantha Perera,SPSL,0.20%,845,1.58%,"6,643"
2024,Moneragala District,https://election.adaderana.lk/presidential-election-2019/district_result.php?dist_id=Moneragala,https://election.adaderana.lk/presidential-election-2019/elec_images/gr-2019-pe1.png,Gotabaya Rajapaksa,SLPP,65.34%,"208,814",https://election.adaderana.lk/presidential-election-2019/elec_images/sp-2019-pe1.png,Sajith Premadasa,NDF,28.95%,"92,539",https://election.adaderana.lk/presidential-election-2019/elec_images/akd-2019-pe1.png,Anura Kumara Dissanayaka,NMPP,3.52%,"11,235",https://election.adaderana.lk/presidential-election-2019/elec_images/673314712icon-party-spsl.png,Ajantha Perera,SPSL,0.29%,917,2.01%,"6,429"
2024,Kurunegala District,https://election.adaderana.lk/presidential-election-2019/district_result.php?dist_id=Kurunegala,https://election.adaderana.lk/presidential-election-2019/elec_images/gr-2019-pe1.png,Gotabaya Rajapaksa,SLPP,57.90%,"652,278",https://election.adaderana.lk/presidential-election-2019/elec_images/sp-2019-pe1.png,Sajith Premadasa,NDF,37.01%,"416,961",https://election.adaderana.lk/presidential-election-2019/elec_images/akd-2019-pe1.png,Anura Kumara Dissanayaka,NMPP,3.21%,"36,178",https://election.adaderana.lk/presidential-election-2019/elec_images/msn-2019-pe1.png,Mahesh Senanayake,NPP,0.29%,"3,296",1.59%,"17,897"
2024,Jaffna District,https://election.adaderana.lk/presidential-election-2019/district_result.php?dist_id=Jaffna,https://election.adaderana.lk/presidential-election-2019/elec_images/sp-2019-pe1.png,Sajith Premadasa,NDF,83.86%,"312,722",https://election.adaderana.lk/presidential-election-2019/elec_images/gr-2019-pe1.png,Gotabaya Rajapaksa,SLPP,6.24%,"23,261",https://election.adaderana.lk/presidential-election-2019/elec_images/576171466icon-party-ind-10.png,M. K. Shivajilingam,IND10,1.84%,"6,845",https://election.adaderana.lk/presidential-election-2019/elec_images/1989806458icon-party-dunf.png,Ariyawansha Dissanayake,DUNF,1.82%,"6,790",9.34%,"34,825"
2024,Matale District,https://election.adaderana.lk/presidential-election-2019/district_result.php?dist_id=Matale,https://election.adaderana.lk/presidential-election-2019/elec_images/gr-2019-pe1.png,Gotabaya Rajapaksa,SLPP,55.37%,"187,821",https://election.adaderana.lk/presidential-election-2019/elec_images/sp-2019-pe1.png,Sajith Premadasa,NDF,39.59%,"134,291",https://election.adaderana.lk/presidential-election-2019/elec_images/akd-2019-pe1.png,Anura Kumara Dissanayaka,NMPP,2.62%,"8,890",https://election.adaderana.lk/presidential-election-2019/elec_images/msn-2019-pe1.png,Mahesh Senanayake,NPP,0.27%,899,2.16%,"7,320"
2024,Mahanuwara District,https://election.adaderana.lk/presidential-election-2019/district_result.php?dist_id=Mahanuwara,https://election.adaderana.lk/presidential-election-2019/elec_images/gr-2019-pe1.png,Gotabaya Rajapaksa,SLPP,50.43%,"471,502",https://election.adaderana.lk/presidential-election-2019/elec_images/sp-2019-pe1.png,Sajith Premadasa,NDF,44.64%,"417,355",https://election.adaderana.lk/presidential-election-2019/elec_images/akd-2019-pe1.png,Anura Kumara Dissanayaka,NMPP,2.52%,"23,539",https://election.adaderana.lk/presidential-election-2019/elec_images/msn-2019-pe1.png,Mahesh Senanayake,NPP,0.39%,"3,619",2.02%,"18,860"
2024,NuwaraEliya District,https://election.adaderana.lk/presidential-election-2019/district_result.php?dist_id=NuwaraEliya,https://election.adaderana.lk/presidential-election-2019/elec_images/sp-2019-pe1.png,Sajith Premadasa,NDF,58.28%,"277,913",https://election.adaderana.lk/presidential-election-2019/elec_images/gr-2019-pe1.png,Gotabaya Rajapaksa,SLPP,36.87%,"175,823",https://election.adaderana.lk/presidential-election-2019/elec_images/akd-2019-pe1.png,Anura Kumara Dissanayaka,NMPP,1.24%,"5,891",https://election.adaderana.lk/presidential-election-2019/elec_images/1989806458icon-party-dunf.png,Ariyawansha Dissanayake,DUNF,0.45%,"2,130",3.46%,"16,498"
2024,Vanni District,https://election.adaderana.lk/presidential-election-2019/district_result.php?dist_id=Vanni,https://election.adaderana.lk/presidential-election-2019/elec_images/sp-2019-pe1.png,Sajith Premadasa,NDF,82.12%,"174,739",https://election.adaderana.lk/presidential-election-2019/elec_images/gr-2019-pe1.png,Gotabaya Rajapaksa,SLPP,12.27%,"26,105",https://election.adaderana.lk/presidential-election-2019/elec_images/1989806458icon-party-dunf.png,Ariyawansha Dissanayake,DUNF,1.20%,"2,546",https://election.adaderana.lk/presidential-election-2019/elec_images/576171466icon-party-ind-10.png,M. K. Shivajilingam,IND10,0.61%,"1,295",4.96%,"10,562"
2024,Polonnaruwa District,https://election.adaderana.lk/presidential-election-2019/district_result.php?dist_id=Polonnaruwa,https://election.adaderana.lk/presidential-election-2019/elec_images/gr-2019-pe1.png,Gotabaya Rajapaksa,SLPP,53.01%,"147,340",https://election.adaderana.lk/presidential-election-2019/elec_images/sp-2019-pe1.png,Sajith Premadasa,NDF,40.47%,"112,473",https://election.adaderana.lk/presidential-election-2019/elec_images/akd-2019-pe1.png,Anura Kumara Dissanayaka,NMPP,4.42%,"12,284",https://election.adaderana.lk/presidential-election-2019/elec_images/msn-2019-pe1.png,Mahesh Senanayake,NPP,0.29%,802,1.81%,"5,025"
2024,Trincomalee District,https://election.adaderana.lk/presidential-election-2019/district_result.php?dist_id=Trincomalee,https://election.adaderana.lk/presidential-election-2019/elec_images/sp-2019-pe1.png,Sajith Premadasa,NDF,72.10%,"166,841",https://election.adaderana.lk/presidential-election-2019/elec_images/gr-2019-pe1.png,Gotabaya Rajapaksa,SLPP,23.39%,"54,135",https://election.adaderana.lk/presidential-election-2019/elec_images/akd-2019-pe1.png,Anura Kumara Dissanayaka,NMPP,1.61%,"3,730",https://election.adaderana.lk/presidential-election-2019/elec_images/1989806458icon-party-dunf.png,Ariyawansha Dissanayake,DUNF,0.48%,"1,101",2.81%,"6,505"
